id,labels,smiles
10000306,1,Cc1cc2c(cc1C)[nH]c3c2c[n+](c4c3cccc4)C
1004945,1,CC1=CC(N(c2c1cc(cc2)OC)S(=O)(=O)c3ccc(cc3)Br)(C)C
1017323,1,CCOc1cc(cc(c1OCC(=O)NC(C)(C)C)Br)CNc2ccc(cc2)N(C)C
1017508,1,CCOc1ccc(cc1Br)C(=O)Nc2ccc(cc2)N3CCN(CC3)C
1017517,1,CN1CCN(CC1)c2ccc(cc2)NC(=O)c3ccc(o3)Br
1046107,1,c1ccc(cc1)c2c(c(=O)nc([nH]2)SCC(=O)Nc3ccc(cc3)OC(F)(F)Cl)C#N
1048331,1,c1cc2c(cc1C(=O)NC(=S)Nc3ccc(c(c3)Cl)N4CCCCC4)OCCO2
1055931,1,c1ccc(cc1)C(=O)N2CCN(CC2)c3ccc(cc3)NC(=O)c4ccc5c(c4)OCO5
1069778,1,CCOc1ccc2c(c1)C(=CC(N2S(=O)(=O)c3ccc(cc3)C)(C)C)C
1070294,1,Cc1cc(c2cc(ccc2n1)OC)Nc3ccc(cc3)N4CCN(CC4)C
1077317,1,Cc1cccn2c1nc3c(c2=O)cc(c(=N)n3CCc4ccccc4)C(=O)NC5CCCC5
1077343,1,Cc1cccn2c1nc3c(c2=O)cc(c(=N)n3Cc4ccco4)C(=O)NCCc5ccccc5
1077538,1,Cc1ccc2nc3c(cc(c(=N)n3C4CCCC4)C(=O)NCc5ccco5)c(=O)n2c1
1080239,1,COc1ccc(cc1)N2CCN(CC2)c3c(nc(o3)COc4ccc(cc4)OC)C#N
1083213,1,Cc1ccc2nc3c(cc(c(=N)n3Cc4ccco4)S(=O)(=O)c5ccccc5)c(=O)n2c1
1083226,1,Cc1ccc(cc1)S(=O)(=O)c2cc3c(nc4ccccn4c3=O)n(c2=N)Cc5ccco5
1085027,1,c1ccc2c(c1)nc(o2)SCC(=O)Nc3ccc(cc3)N4CCOCC4
1085342,1,Cc1cccc(c1OC)C(=O)Nc2ccc(c(c2)Cl)N3CCOCC3
1086028,1,Cc1ccccc1C(=O)N2CCN(CC2)c3ccc(cc3)NC(=O)c4ccc(o4)[N+](=O)[O-]
1088841,1,COc1cccc(c1)C(=O)Nc2ccc(cc2)N3CCN(CC3)C(=O)c4cccs4
1090053,1,Cc1ccccc1C(=O)N2CCN(CC2)c3ccc(cc3)NC(=O)c4ccc5c(c4)OCO5
1090196,1,CCN1CCN(CC1)c2ccc(cc2Cl)NC(=O)c3ccc(o3)[N+](=O)[O-]
1090203,1,CCN1CCN(CC1)c2ccc(cc2Cl)NC(=O)c3cccc(c3)F
1091072,1,COc1ccc(cc1)NCc2nc3ccccc3n2CCOc4ccccc4
1103580,1,c1ccc(cc1)N2C(=O)C(=Cc3ccc(o3)c4ccccc4C(=O)O)C(=O)N(C2=S)c5ccccc5
1106398,1,CCOc1ccc(cc1)N(CC(=O)Nc2ccccc2OC)S(=O)(=O)c3ccccc3
1114256,1,c1cc(c(cc1NC(=O)c2ccc(o2)Br)Cl)N3CCOCC3
1115796,1,Cc1ccc(cc1)c2ccc(o2)C=C3C(=O)N=C(S3)N4CCOCC4
1121652,1,c1ccc2cc(ccc2c1)C(=O)Nc3ccc(cc3)N4CCCC4
1128821,1,Cc1ccc(o1)C=C2C(=O)NC(=S)N(C2=O)c3ccc(cc3OC)OC
1135870,1,c1cc(c(cc1NC(=O)c2ccc(o2)[N+](=O)[O-])Cl)N3CCOCC3
11382964,1,CC1=NN(C(=O)C1=CNNC(=O)c2cccc(c2)[N+](=O)[O-])c3ccccc3
1142760,1,Cc1cc(ccc1N2CCCC2)C=C(C#N)C#N
1164605,1,c1cc(ccc1NC(=O)c2cc(ccc2Cl)Cl)N3CCCC3
11834431,1,CCN(CC)c1ccc(cc1)NC(=O)COC(=O)c2cccs2
11841949,1,Cc1cc(ccc1Br)N2C(=O)C(=CNCCCOC)C(=N2)C
1184632,1,c1cc(ccc1NC(=O)c2cc(cnc2)Br)N3CCCCC3
1187531,1,Cc1ccc(cc1)c2nc3ccccc3c(n2)Nc4ccc(cc4)N5CCOCC5
1190108,1,Cc1cccc(c1)c2nc3ccccc3c(n2)Nc4ccc(cc4)N5CCOCC5
1190175,1,CCOC(=O)c1ccc2c(c1)c(c(cn2)C(=O)OCC)Nc3ccc(cc3)N4CCOCC4
1190554,1,CCOC(=O)c1cnc2ccc(cc2c1Nc3ccc(cc3)N4CCOCC4)C
11948847,1,CN(C)CCOc1ccc(cc1)NC2c3ccccc3CSc4c2cccc4
11948858,1,CN(C)CCOc1ccc(cc1)NC2c3ccccc3CSc4c2cc(cc4)Cl
11948864,1,Cc1ccc2c(c1)C(c3ccccc3CS2)Nc4ccc(cc4)OCCN(C)C
11958738,1,COc1ccc(cc1OC)N(C(c2cccs2)C(=O)NC3CCCC3)C(=O)C#C
11958751,1,CCCCn1c(cnc1SCC(=O)NCCc2ccc(c(c2)OC)OC)c3ccccc3
11958780,1,Cc1ccc(cc1C)N2C(=O)C(=Cc3ccc(o3)CN(CCC#N)S(=O)(=O)C)C(=O)NC2=S
12004539,1,CCOc1ccc(c(c1)[N+](=O)[O-])c2ccc(o2)C=C3C(=N)N4C(=CSC4=NC3=O)C
12004624,1,Cc1cc(cc(c1)n2c(cc(c2C)C=C3C(=N)N4C(=NC3=O)SC(=N4)CC(C)C)C)C
12004675,1,CCN1c2ccc(cc2C=CC1=Cc3cc[n+](cc3)C)C
12004724,1,CC[n+]1c(ccc2c1ccc(c2)C)C=C3N(c4ccccc4S3)CC
12004742,1,CCC(=Cc1[n+](c2cc(ccc2s1)OC)CCO)C=C3N(c4cc(ccc4S3)OC)CCO
12004937,1,CCOC(=O)CC1=NN(C(=O)C1=Cc2ccc(cc2OC)OC)c3ccccc3
12005011,1,CCOc1ccc(cc1)NC(=O)C(c2ccccn2)N(c3ccc(cc3)OC)C(=O)CCl
12005023,1,c1cc(oc1)CSc2ccc(o2)C=C3C(=O)NC(=S)S3
12005214,1,CCSC1=NSC2=NC(=O)C(=Cc3coc4ccccc4c3=O)C(=N)N21
12005262,1,CC(C)S(=O)(=O)C1=NSC2=NC(=O)C(=Cc3ccc(o3)c4ccccc4)C(=N)N21
12005346,1,CS(=O)(=O)C1=NSC2=NC(=O)C(=Cc3cccn3c4ccc(cc4)Cl)C(=N)N21
12005652,1,CN(C)c1ccc(cc1)C2C(C3C=Cc4ccccc4N3C2C(=O)c5ccc(cc5)Cl)[N+](=O)[O-]
12006012,1,CCc1cccc(c1NC(=S)NCCc2c([nH]c3c2cc(cc3)C)C)CC
1201959,1,Cc1cc(c(n1c2ccccc2)C)C=C3C(=O)NC(=S)S3
1207794,1,Cc1c(c2ccc(c(c2n1c3ccc(cc3)OC)CN(C)C)O)[N+](=O)[O-]
1210145,1,Cc1cc(ccc1C=C2C(=O)N(C(=O)S2)CC=C)N3CCOCC3
1212523,1,CCOc1ccc2c(c1)-c3c(ssc3=S)C(N2C(=O)c4ccco4)(C)C
1233149,1,Cc1cc(c(n1c2ccc(cc2)S(=O)(=O)N)C)C=C3C(=O)N=C(S3)Nc4ccc(cc4)F
1251267,1,c1ccc(cc1)N2CCN(CC2)Cc3cc(c4cccnc4c3O)[N+](=O)[O-]
1254035,1,c1ccc(c(c1)[N+](=O)[O-])OCC(=O)Nc2ccc(cc2)N3CCN(CC3)C(=O)c4cccs4
1254472,1,c1cc(ccc1C(=O)N2CCN(CC2)c3ccc(cc3)NC(=O)c4ccc(o4)[N+](=O)[O-])Cl
1254489,1,c1cc(ccc1C(=O)N2CCN(CC2)c3ccc(cc3)NC(=O)c4ccc5c(c4)OCCO5)Cl
1254872,1,c1ccc2c(c1)cc(o2)C(=O)Nc3ccc(c(c3)Cl)N4CCN(CC4)C(=O)c5ccco5
1255859,1,CC(C)C(=O)N1CCN(CC1)c2ccc(cc2Cl)NC(=O)c3ccc4c(c3)OCCO4
1257866,1,c1ccc2c(c1)c(cn2CCOc3ccc4c(c3)OCO4)C=C5C(=O)NC(=O)NC5=O
1257875,1,Cc1cc(c(n1c2cccc(c2C)C(=O)O)C)C=C3C(=O)NC(=O)N(C3=O)c4ccc5c(c4)OCO5
1263653,1,c1cc2c(cc(c(c2nc1)O)CN3CCN(CC3)c4ccc(cc4)F)Cl
1266997,1,CCC(=C1C(=O)CC(CC1=O)c2ccccc2)NCCc3c([nH]c4c3cc(cc4)C)C
1270554,1,CCOC(=O)c1cc(ccc1Cl)c2ccc(o2)C=C3C(=NN(C3=O)c4ccc(cc4)C(=O)O)C
1272562,1,CCOC(=O)c1cnc2ccc(cc2c1Nc3ccc(cc3)N4CCN(CC4)C)OC
1279881,1,c1ccn2c(c1)nc3c(c2=O)cc(c(=NC(=O)c4ccco4)n3Cc5ccco5)C#N
1284704,1,c1ccc(cc1)CCn2c(=N)c(cc3c2nc4ccccn4c3=O)C(=O)NCc5ccco5
1298924,1,c1cc(cc(c1)C(=O)O)c2ccc(o2)C=C3C(=O)OC(=N3)c4cccs4
1300948,1,c1ccc2c(c1)nc(o2)SCC(=O)Nc3ccc(c(c3)Cl)N4CCOCC4
1308620,1,Cc1ccc(cc1)NC(=O)COc2ccc(cc2OC)C=C3C(=O)N=C(S3)N
1310185,1,Cc1cc(c(n1c2ccccc2)C)C=C3C(=O)N(C(=S)S3)Cc4ccco4
1315901,1,c1ccc(c(c1)C=C2C(=O)N(C(=S)S2)Cc3cccnc3)O
1318904,1,c1cc(cc(c1)Cl)c2c(cn(n2)CCC(=O)O)C=C3C(=O)NC(=S)NC3=O
1321364,1,Cc1cc(c(n1c2ccc(cc2)OC)C)C=C3C(=O)N(C(=S)S3)C
1321377,1,c1ccc(cc1)C=CC=C2C(=O)N(C(=S)S2)CCC(=O)Nc3cccnc3
1321754,1,CN(C)c1ccc(cc1)N2C(=O)CSC2=S
1326526,1,Cc1ccc(cc1)n2cc(cn2)C=C3C(=O)NC(=O)N(C3=O)c4ccc(cc4)C
1331358,1,c1cc(oc1)c2c(nc3cc(ccc3n2)NC(=S)Nc4ccc(cc4)N5CCOCC5)c6ccco6
1332258,1,COc1ccc(cc1C(=O)Nc2ccc(cc2)N3CCCC3)Br
1332381,1,c1cc(ccc1NC(=O)C=Cc2ccc(c(c2)[N+](=O)[O-])Cl)N3CCCC3
1335691,1,Cc1ccc(cc1Cl)NC(=O)c2cc(ccc2N3CCOCC3)N4C(=O)C=CC4=O
1338433,1,CCOc1ccc(cc1[N+](=O)[O-])C(=O)NC(=S)Nc2ccc(c(c2)Cl)N3CCOCC3
1341238,1,c1cc(sc1)C(=O)NC(=S)Nc2ccc(c(c2)Cl)N3CCCCC3
1344030,1,COc1cccc(c1)C(=O)NC(=S)Nc2ccc(cc2)N3CCCC3
1345052,1,Cc1ccc(cc1)C=C2C(=O)N(C(=S)S2)CCCC(=O)N3CCOCC3
1345238,1,Cc1ccc(cc1)C=C2C(=O)N(C(=S)S2)CCCC(=O)Nc3ccccn3
1348303,1,c1ccc(c(c1)c2ccc(o2)C=C3C(=O)NC(=O)N(C3=O)c4ccc5c(c4)OCO5)C(=O)O
13506406,1,c1ccc(c(c1)CNc2c3c(ncn2)n(cn3)C4C(C(C(O4)CO)O)O)O
1370241,1,Cc1cc(c(n1C)C)C=C2C(=O)NC(=S)S2
13752,1,CN1C(=O)C(SC1=S)N=Nc2ccc(cc2)[N+](=O)[O-]
1418929,1,c1cc2c(c(c1)[N+](=O)[O-])C(=O)N(C2=O)CCc3c4cc(ccc4[nH]c3C(=O)O)Br
1442755,1,Cc1cccc2c1nc3c(c2)c(c(s3)C(=O)Nc4ccc(cc4)N5CCOCC5)N
14710,1,CC[n+]1c2cc(ccc2c3ccc(cc3c1c4ccccc4)N)N
1472458,1,Cc1cc(nc2c1c(c(s2)C(=O)NNS(=O)(=O)c3ccc(cc3)Br)n4cccc4)C
1475041,1,c1cc(ccc1C(=O)CSc2nccn2c3c(cc(cn3)C(F)(F)F)Cl)Br
1476513,1,c1cc(ccc1C(=O)CSc2nccn2c3c(cc(cn3)C(F)(F)F)Cl)Cl
1477777,1,c1ccc2c(c1)ncn2c3ccc(cc3)c4ccnc(n4)N
1484610,1,c1cnc(nc1)Oc2ccc(cc2)N
1485336,1,c1cc(sc1)C(=O)Nc2ccc(c(c2)F)N3CCOCC3
1491376,1,Cn1cc(c2c1cccc2)C=C3C(=O)NC(=O)N(C3=O)c4ccc(cc4)OC
1502838,1,CCN(CC)c1ccc(cc1)Nc2nc(cs2)c3cccnc3
1508818,1,Cc1c(c2cc(ccc2n1c3ccc(cc3)OC)O)C(=O)OC
1511904,1,c1cc(c(cc1n2cc(c(=O)c3c2c(c(c(c3)F)F)F)C(=O)O)F)N4CCCC4
15272053,1,Cn1c2ccccc2[n+](c1N=Nc3ccc(cc3)N4CCOCC4)C
15277,1,COc1ccc(cc1)N=[N+](c2ccc(cc2)OC)[O-]
1536984,1,c1cc(cc(c1)NN=C2C(=O)CCCC2=O)C(=O)O
1550242,1,CC1=NC(=Cc2ccco2)C(=O)O1
1552034,1,COc1cc(ccc1O)C=C2C(=O)N(C(=S)S2)NS(=O)(=O)c3ccccc3
1552653,1,Cc1cc(cc(c1)N2C(=O)C(=Cc3ccc(o3)N4CCN(CC4)C)C(=O)NC2=S)C
1556087,1,CCN(CC)c1ccc(cc1)NC(=O)C=Cc2ccccc2Cl
1559791,1,c1ccc(cc1)N2C(=O)C(=Cc3ccco3)C(=O)NC2=S
1562744,1,CCCCOC(=O)Nc1ccc(cc1)N(C)C
1567094,1,COc1cc(ccc1O)C=C2C(=O)N(C(=S)S2)NC(=O)c3ccc(c(c3)OC)O
1580366,1,CC(=Cc1ccccc1)C=C2C(=O)N(C(=S)S2)CCC(=O)Nc3cccc(c3)C(=O)O
15944924,1,COc1cc(cc(c1OC)OC)C2c3c(c4ccccc4[nH]3)C(CN2)c5ccc(cc5Cl)Cl
15945296,1,COc1cccc(c1)C=C(CC(=O)Nc2ccc(cc2)N3CCOCC3)c4nc5ccccc5s4
15945435,1,c1ccc(cc1)C(=C(c2ccccc2)O)NNC=C3C=CC(=O)C(=O)C3=O
15945748,1,c1cc(ccc1N)N2CCN(CC2)CCCCN3C(=O)C4CCCN4C3=O
16001253,1,Cc1ccc(cc1)S(=O)(=O)NCc2ccc(cc2)C(=O)N3CCN(CC3)c4ccc(cc4)[N+](=O)[O-]
16009259,1,CN(C)CCCNc1cc(c2c3c1C(=O)c4ccccc4-c3on2)N5CCN(CC5)C6CCCCC6
1602504,1,COc1ccc(cc1)N2C(=O)C(=Cc3cccs3)C(=O)NC2=S
1603092,1,CC1=CC(N2c3c1cc(cc3C(=O)C2=O)OC)(C)C
1604981,1,CN(C)c1ccc(cc1)NC(=O)CSc2nc(c(s2)C(=O)Nc3ccc(cc3)N(C)C)N
1605475_1605476,1,c1ccc(cc1)NC2=NC(=O)C(=Cc3cccs3)S2
1613528,1,CC1=CC(N2c3c1cc(cc3C(=C4C(=O)NC(=S)S4)C2=O)OC(=O)C)(C)C
1614302,1,COc1ccc(cc1)CN2C(=O)C(=Cc3ccoc3)C(=O)NC2=O
1616009,1,c1ccc(c(c1)OCCn2cccc2C=C3C(=O)NC(=O)N(C3=O)Cc4ccco4)Cl
1617287,1,CC1(OC(=CC(=CC=C2C(=O)NC(=S)NC2=O)O1)c3ccccc3)C
16187237,1,COc1cccc(c1)C(=O)C2CCCN(C2)Cc3cccn3c4ccccn4
16187776,1,c1ccc(cc1)c2cc([nH]n2)C(=O)N3CCc4c5ccccc5[nH]c4C3c6ccccn6
16188095,1,COC(=O)c1ccc(cc1)C2NC(CC(=N2)c3cccs3)c4ccccc4O
16188098,1,CCN1c2ccc(cc2C=CC1=Cc3cc[n+](c4c3cccc4)CC=C)C
16188258,1,c1cc[n+](cc1)C2=C(c3ccccc3C(=O)C2=NS(=O)(=O)c4cccs4)O
16189146,1,Cc1cc(nn1C)C(=O)N2CCc3c4ccccc4[nH]c3C2c5cccc(c5)Cl
16189365,1,c1ccc(cc1)c2[nH]c3cc(ccc3n2)NC=C4C=C(C(=C(C4=O)Br)O)Br
16189614,1,CCOC(=O)C1(CCN(CC1)Cc2c(cccc2OC)O)CCc3ccccc3
16190380,1,Cc1cccc(c1)C2c3c(c4ccccc4[nH]3)CCN2Cc5cccn5c6ncccn6
16190549,1,CCn1c(cc(n1)C)C(=O)N2CCc3c4ccccc4[nH]c3C2c5cc(ccc5F)F
16190594,1,Cc1c2cccc(c2[nH]c1CN3CCC(CC3)(CCOc4ccccc4)CO)Cl
16191183,1,Cc1ccsc1C(=O)C2CCCN(C2)Cc3cccn3c4ccc(cn4)Cl
16191314,1,Cn1c(ccn1)C(=O)N2CCc3c4ccccc4[nH]c3C2c5ccc(cc5)SC
16191507,1,CN1C(=O)CCC(=N1)C(=O)N2CCc3c4ccccc4[nH]c3C2c5ccccc5Cl
16191944,1,c1ccc2c(c1)c3c([nH]2)C(N(CC3)Cc4ccc5c(c4)CCO5)c6cccc(c6)O
16192201,1,Cc1cc(ccc1C(=O)C2CCCN(C2)Cc3cccn3c4ccccn4)OC
16192590,1,CCOC(=O)c1c(n(c2c1c(c(c(c2)Br)O)CN(C)C)C)CSc3ccc(cc3)C
16192912,1,CCN1c2c3ccsc3ccc2SC1=Cc4ccc5cc(ccc5[n+]4C)C
16192983,1,Cc1ccc2c(c1)c3c(n2CC(CNC4CCCC4)O)CCCC3
16193032,1,CCN1c2ccc(cc2C=CC1=Cc3ccc4ccccc4[n+]3CC=C)C
16193144,1,CC[n+]1ccc(c2c1cc(cc2)C)C=C3C=Cc4ccccc4N3C
16193285,1,CC[n+]1c(ccc2c1ccc(c2)C)C=C3N(c4c5ccsc5ccc4S3)CC
16193498,1,COc1ccc(cc1)N2CCN(CC2)C(=O)c3ccc(cc3)Cn4c(=O)c5cc(ccc5[nH]c4=S)N6CCOCC6
16193598,1,CCS(=O)(=O)C1=NN2C(=N)C(=Cc3ccc(o3)SCc4ccco4)C(=O)N=C2S1
16193843,1,CC(C)CSC1=NSC2=NC(=O)C(=Cc3coc4ccccc4c3=O)C(=N)N21
16193872,1,c1ccc(c(c1)n2c3c(cc(c2=O)C#N)c(=O)n4ccccc4n3)Cl
16194097,1,CCc1nn2c(=O)cc(nc2s1)COc3ccc(cc3)C=C4C(=N)N5C(=NC4=O)SC(=N5)C
16194150,1,COc1cccc(c1O)CNc2ccc(cc2Cl)[N+](=O)[O-]
16194213,1,Cc1cc(c(n1c2ccccc2)C)C=C3C(=N)N4C(=NC3=O)SN=C4S(=O)(=O)C
16194219,1,Cc1cc(c(n1c2ccccc2OC)C)C=C3C(=N)N4C(=NC3=O)SN=C4S(=O)(=O)C
16194227,1,Cc1cc(c(n1c2cccc(c2)OC)C)C=C3C(=N)N4C(=NC3=O)SN=C4S(=O)(=O)C
16194233,1,CCOc1ccc(cc1)n2c(cc(c2C)C=C3C(=N)N4C(=NC3=O)SN=C4S(=O)(=O)C)C
16194416,1,COc1ccc(cc1)n2cccc2C=C3C(=N)N4C(=NC3=O)SC(=N4)c5ccco5
16194418,1,C[n+]1ccc(c2c1cccc2)C=Cc3ccccc3O
16194440,1,CS(=O)(=O)C1=NSC2=NC(=O)C(=Cc3cccn3c4ccccc4Cl)C(=N)N21
16195098,1,CN1CCN(CC1)c2ccc(cc2Cl)N
16195367,1,c1ccc(cc1)CSc2ccc(o2)C=C3C(=O)N(C(=S)S3)CC(=O)O
16196135,1,CN(C)c1ccc(cc1)[n+]2c(cc(cc2c3ccccc3)c4ccccc4)c5ccccc5
16196160,1,c1ccc(cc1)c2ccc(cc2)c3n(c4ccccc4[n+]3c5ccccn5)c6ccccn6
16196332,1,C=CCOc1ccccc1CNc2ccc3c(c2)OCCO3
1620267,1,CCc1ccc(cc1)N2C(=O)C(=Cc3cccn3CCOc4ccc(cc4)C(C)C)C(=O)NC2=O
16211385,1,CC[n+]1c2ccccc2sc1C=CC=C3N(c4ccccc4S3)CC
1622396,1,CC1=CN2C(=N)C(=Cc3ccc(o3)[N+](=O)[O-])C(=O)N=C2S1
16235993,1,C[n+]1c(ccc2c1cccc2)C=Cc3ccc(cc3)O
16237945,1,c1ccc(cc1)C=C2CCC(=C2N3CCOCC3)C=NNC4=c5cc(ccc5=NC4=O)Br
16240103,1,CN1CCN(CC1)N=Cc2ccc(cc2)N(c3ccccc3)c4ccccc4
1629947,1,c1cc2c(cc1C=C3C(=O)NC(=S)NC3=O)CCN2CCCCl
16401476,1,c1ccc2c(c1)c3c([nH]2)C(N4C(C3)C(=O)N(CC4=O)C5CC5)c6ccc(cc6)[N+](=O)[O-]
16403714,1,c1ccc(cc1)CN2CCC(CC2)N3CC(=O)N4C(C3=O)Cc5c6ccccc6[nH]c5C4c7cccc(c7)Br
1640536,1,COc1cc(ccc1O)C=C2C(=O)N(C(=S)S2)Cc3ccccc3
16411740,1,CC(C)[n+]1ccn(c1)C2=C(c3ccccc3C(=O)C2=NS(=O)(=O)c4ccccc4)O
16436162,1,Cc1ccc2nc3c(cc(c(=N)n3CCCN4CCOCC4)C(=O)NCCN5CCOCC5)c(=O)n2c1
16460826,1,CC(=C1C(=NN(C1=O)c2nc3ccccc3s2)CC(=O)OC)Nc4ccc(cc4)OC
16682501,1,CC(C)(C)c1cc[n+](cc1)C2=C(c3ccccc3C(=O)C2=NS(=O)(=O)c4ccccc4)O
16746211,1,c1ccc(cc1)CC2CCN(CC2)c3ccc(cc3[N+](=O)[O-])C(CC(=O)N)NC(=O)Cc4ccc(cc4)Br
16746309,1,CCCCCc1cc(=O)oc2c1c(cc(c2C(CCN3CCCC3)c4ccc(cc4)N(C)C)OC)OC
16746392,1,CCCCCc1cc(=O)oc2c1c(cc(c2C(CCN3CCCC(C3)C)c4ccc(cc4)N(C)C)OC)OC
16746394,1,CCCCCc1cc(=O)oc2c1c(cc(c2C(CCN(CC)CC)c3ccc(cc3)N(C)C)OC)OC
16746411,1,CC1CCCN(C1)CCC(c2ccc(cc2)N(C)C)c3c(cc(c4c3oc(=O)cc4c5ccccc5)OC)OC
1711910,1,CN(C)c1ccc(cc1)NC=CC(=O)C(F)(F)F
1719192,1,CCc1ccccc1N2C(=O)C(=Cc3ccc(o3)N4CCN(CC4)C)C(=O)NC2=S
1721191,1,COc1ccc(cc1)C=C2C(=O)N(C(=S)S2)CCCC(=O)Nc3ccccc3C(=O)O
1724180,1,Cc1ccc(cc1)S(=O)(=O)NC2=NC(=O)C(=Cc3ccco3)S2
1730612,1,C=CCN1C(=O)C(=Cc2ccc(o2)c3ccc(cc3)F)SC1=S
1736240,1,Cc1c(n(c2c1cc(cc2)C(=O)OCCCN(C)C)Cc3ccccc3)C
1748426,1,COc1ccc(cc1OC)CC(=O)Nc2c(c(cs2)c3cccc4c3cccc4)C(=O)OC
17575167,1,CCN(CC)c1ccc(cc1)C=C2C(=N)N3C(=NC2=O)SC(=N3)CC(=O)N4CCOCC4
17575633,1,CN(C)c1ccc(cc1)C=C2C(=N)N3C(=NC2=O)SC(=N3)CC(=O)N4CCCCC4
17578760,1,c1ccc(cc1)CC(CO)NC(=O)CCN2C(=O)C(=Cc3ccccc3)SC2=S
1779857,1,CC1=CN2C(=N)C(=Cc3ccco3)C(=O)N=C2S1
1798249,1,COc1cc(ccc1OCc2ccccc2F)CNc3ccc(cc3)N4CCCC4
1798295,1,COc1cc(ccc1OCc2ccccc2)CNc3ccc(cc3)N4CCCC4
1806168,1,Cc1cccc(c1)C(=O)Nc2c(c(cs2)c3ccc(cc3)Br)C(=O)O
1815226,1,CCCCN1C(=O)C(=Cc2ccc(cc2)N(C)C)C(=O)N(C1=O)Cc3ccco3
1815367,1,CCCCN1C(=O)C(=Cc2ccco2)C(=O)N(C1=O)CCc3ccccc3
1817440,1,CNC(=O)NC(=O)CSc1[nH]c(c(c(=O)n1)C#N)c2cccs2
1817641,1,Cn1cc(c2c1cccc2)C=C3C(=O)NC(=O)N(C3=O)c4ccccc4
1829049,1,CC1=CC2=NC(=O)C(=Cc3coc4ccccc4c3=O)C(=N)N2O1
1832829,1,CCOc1cc(ccc1O)C=C2C(=O)N(C(=S)S2)NS(=O)(=O)c3ccccc3
1836181,1,CCc1ccc(cc1)C=C2C(=O)c3ccc(c(c3O2)CN4CCN(CC4)CCO)O
1837145,1,CC1=CC2=NC(=O)C(=Cc3coc4ccc(cc4c3=O)Cl)C(=N)N2O1
1852376,1,Cc1ccc(cc1)OCCn2cccc2C=C3C(=O)NC(=O)N(C3=O)Cc4ccco4
1854790,1,CCCCC1(OC(=O)C(=Cc2ccc(o2)c3ccc(c(c3)C(=O)O)Cl)C(=O)O1)C
1862335,1,c1ccc(cc1)n2c(=O)c3c(=O)cc([nH]c3[nH]2)CSc4ccc(cc4)Cl
1865064,1,Cc1cccn2c1nc3c(c2=O)cc(c(=NC(=O)c4ccccc4)n3CCCOC)C#N
1869309,1,c1cc2c(cc1N)sc(n2)SCC(=O)Nc3ccc(c(c3)Cl)N4CCOCC4
1892804,1,CCCOc1ccccc1n2c(=S)c-3c(s2)C(N4c5c3cc(cc5C(=O)C4=O)OC)(C)C
1893759,1,c1ccc(cc1)CS(=O)(=O)NC2=NC(=O)C(=Cc3cc(ccc3O)[N+](=O)[O-])S2
18990,1,CN(C)c1c(cc(cc1[N+](=O)[O-])N2C(=O)C=CC2=O)[N+](=O)[O-]
1901667,1,CN1C(=O)C(=Cc2ccc(s2)[N+](=O)[O-])C(=O)NC1=O
1901753,1,c1ccc(cc1)C2=NOC(=O)C2=Cc3ccc(cc3)OS(=O)(=O)c4ccccc4
1902642,1,COc1ccccc1N2C(=O)C(=Cc3ccc(s3)[N+](=O)[O-])C(=O)NC2=O
1904597_1904598,1,COc1cccc(c1)N2C(=O)C(=Cc3ccc(s3)[N+](=O)[O-])C(=O)NC2=O
1905195,1,CN(C)c1ccc(cc1)N=Cc2c(oc(n2)c3ccccc3)OC(=O)c4cccc(c4)Br
1906052,1,c1cc(oc1)C=C2C(=O)NC(=O)N(C2=O)CCc3ccc(cc3)F
1907064_1907063,1,COc1ccc(cc1)N2C(=O)C(=Cc3ccc(s3)[N+](=O)[O-])C(=O)NC2=O
1908236_1908237,1,c1ccc(cc1)CN2C(=O)C(=CC=Cc3ccco3)C(=O)NC2=O
1909760,1,Cc1ccc(cc1)N2C(=O)C(=Cc3ccoc3)C(=O)NC2=O
1914390,1,c1cc(sc1)c2csc(c2C(=O)O)NC(=O)c3cccs3
1916528,1,c1ccc(cc1)N2C(=O)C(=CC=Cc3ccco3)C(=O)NC2=O
1916592,1,COc1ccc(cc1)N2C(=O)c3ccccc3NC24CCCCC4
1917125,1,Cc1cccc(c1)N2C(=O)C(=CC=Cc3ccco3)C(=O)NC2=O
1931033,1,C=CCN1C(=O)C(=Cc2cc3c4c(c2)CCCN4CCC3)C(=O)NC1=O
1940391,1,CCN(CC)c1ccc(cc1)Nc2cc-3n(c(=O)n2)CCc4c3cc(c(c4)OC)OC
1951731,1,CS(=O)(=O)c1ccc2c(c1)SC3=NC(=O)C(=Cc4ccco4)C(=N)N23
1958984,1,c1cc2c(cc1O)c(=O)c(co2)C=C3C(=N)N4C=CSC4=NC3=O
1964415,1,c1cc(ccc1NCc2cc(cc(c2O)Br)Br)S(=O)(=O)Nc3nccs3
1975791,1,Cc1cc(c(n1c2ccccc2O)C)C=C3C(=O)N(C(=S)S3)C
1977276,1,CN(C)c1ccc(cc1)C=C2C(=N)N3c4ccc(cc4SC3=NC2=O)S(=O)(=O)C
1983334,1,CC1(c2c(c(=S)ss2)-c3cc(ccc3N1)OC)C
1987642,1,Cc1cccc(c1)N2C(=O)C(=Cc3ccc4c(c3)CCCN4Cc5ccccc5)C(=O)NC2=O
1993471,1,c1cc2c(cc1C=C3C(=O)NC(=S)N(C3=O)C4CC4)CCN2CCCCl
1994749,1,c1cc2cccnc2c(c1)NCc3cc(cc(c3O)Br)Br
1999089,1,CCOc1cc2c3c(c1)C(=O)C(=O)N3C(C=C2C)(C)C
2009322,1,Cn1cc(c2c1cccc2)C=C3C(=O)N(C(=S)S3)NC(=O)c4ccccc4
2037851,1,c1ccc2c(c1)c(=O)c(co2)C=C3C(=N)N4C=CSC4=NC3=O
2043510,1,Cc1cccn2c1nc3c(c2=O)cc(c(=NC(=O)C)n3Cc4ccco4)C#N
2052,1,c1cc(c(cc1C=C(C#N)C#N)O)O
2058360,1,CCOc1ccc(cc1)N2C(=O)C(=Cc3ccc(o3)C)C(=O)NC2=S
2058645,1,CCCCn1c2c(cc(c1=NC(=O)c3cccnc3)C(=O)OCC)c(=O)n4ccccc4n2
20940111,1,CCn1c(c(c2c1ccc(c2)C(=O)N3CCc4ccccc4C3)C)C
2104057,1,CCN(CC)c1c(c2c(c(=S)n(c(c2c(n1)N)N)c3ccccc3C)C#N)C#N
2123690,1,CCOc1cc(c(cc1N2CCOCC2)OCC)NS(=O)(=O)c3ccc(s3)Cl
2140739,1,CN1C(=O)C(=Cc2ccc(o2)c3ccccc3)SC1=S
2142982,1,c1cc(oc1)C=CC=C2C(=O)N=C(S2)Nc3ccc(cc3)O
2152426,1,CCOC(=O)c1cc2c(nc3ccccn3c2=O)n(c1=NC(=O)C(C)(C)C)CCCOC
2158048,1,Cc1c(c2cc(ccc2[nH]1)Cl)CCN(Cc3cccs3)C(=S)NCCOC
2158155,1,Cc1c(c2cc(ccc2[nH]1)OC)CCN(Cc3cccs3)C(=S)Nc4cccc(c4)F
2158156,1,Cc1c(c2cc(ccc2[nH]1)OC)CCN(Cc3cccs3)C(=S)Nc4ccc(cc4)F
2158287,1,CCOC(=O)c1cc2c(nc3ccccn3c2=O)n(c1=NC(=O)c4ccncc4)CCOC
2160945,1,CCOC(=O)c1cc2c(nc3ccccn3c2=O)n(c1=NC(=O)c4ccco4)C(C)C
2162197,1,c1cc(oc1)C(=O)N2CCN(CC2)c3ccc(cc3Cl)NC(=O)c4c(c(c(c(c4F)F)F)F)F
2172285,1,Cc1cc(cc(c1)N2C(=O)C(=Cc3cccn3c4ccccc4)C(=O)NC2=O)C
2181475,1,Cc1ccc(cc1)N2C(=O)C(=Cc3ccc(cc3)OC(=O)c4cccs4)C(=O)NC2=O
2183366,1,CCCSC1=NC(=Cc2ccc(o2)[N+](=O)[O-])C(=O)S1
2187432,1,c1cc(oc1)CN2C(=O)C(=Cc3cccs3)C(=O)NC2=S
2187659,1,CC(C)(C)C(=O)C=CNc1ccc(cc1)N(C)C
2188632,1,CN(C)c1ccc(cc1)NC=CC(=O)c2ccccc2
2191016,1,CCOC(=O)SC1=NC(=Cc2ccc(cc2)N(C)C)C(=O)S1
2203621,1,CN1c2ccccc2C(=C3C(=O)N=C(S3)N4CCCCCC4)C1=O
2224382,1,COCCCn1c(ccc1c2cccs2)CCC(=O)O
2226076,1,CCOc1ccc(cc1)N2C(=O)C(=Cc3cccs3)C(=O)NC2=S
2230620,1,CCSC1=NC(=Cc2ccc(o2)c3ccccc3[N+](=O)[O-])C(=O)S1
22331912,1,CN(C)c1ccc(cc1)CNCCC(c2ccccc2)c3ccc(cc3)OC
22333191,1,c1ccc2c(c1)c(c([nH]2)C(=O)O)C(c3cccc(c3)O)c4c5ccccc5[nH]c4C(=O)O
2236635,1,c1ccc(cc1)C(=O)N2CCN(CC2)c3ccc(cc3)NC(=O)c4cc5ccccc5o4
2246170,1,CC1(c2c(c(=S)n(s2)c3ccc(cc3)OC)-c4cc(ccc4N1)OC)C
224618,1,COc1cc(c2c(c1OC)cccn2)NCCCCCCN
2248191,1,Cc1ccc(cc1)S(=O)(=O)NC2=NC(=O)C(=Cc3cc(c(cc3[N+](=O)[O-])OC)OC)S2
2248574,1,Cc1cc(nc(n1)NN2C(=O)C(=Cc3ccc(cc3)O)SC2=S)C
225407,1,CC1=CC(=O)C=CC1=Nc2ccc(cc2)N(C)C
2262142,1,C=CCN1C(=O)C(=Cc2ccc(o2)c3ccccc3[N+](=O)[O-])C(=O)NC1=O
2263521,1,Cc1ccc(cc1)C2=NOC(=O)C2=CC=Cc3ccccc3
2265943,1,CN1CCN(CC1)c2ccc(cc2)Nc3ccnc4c3ccc(c4)Cl
2272534,1,COc1cc(ccc1OS(=O)(=O)c2ccccc2)C=C3C(=O)NC(=S)S3
2276112,1,CCCCC1(OC(=O)C(=Cc2ccc(cc2)N(CC)CC)C(=O)O1)C
2281759,1,Cc1cccc(c1)N2C(=O)C(=Cc3cccn3c4ccc(cc4)Cl)C(=O)NC2=O
2281934,1,Cc1cc(c(n1c2cc(cc(c2)C(=O)O)C(=O)O)C)C=C3C(=O)NC(=O)N(C3=O)c4cccc(c4)F
2304813,1,c1ccc(c(c1)C(=O)N=Nc2ccc(cc2)NOC(=O)c3ccccc3Br)O
2308578,1,CCOC(=O)c1c(c(sc1N)C(C(F)(F)F)(C(F)(F)F)O)c2ccc(cc2)Cl
2309355,1,c1ccc2c(c1)nc(c(n2)NS(=O)(=O)c3cc(ccc3Cl)Cl)Nc4ccc(cc4)N5CCOCC5
2310797,1,COc1cc(ccc1O)C=C2C(=O)N3CCCCCC3=N2
2314355,1,CC(=O)Nc1ccc(cc1)S(=O)(=O)Nc2c(nc3ccccc3n2)Nc4ccc(cc4)N
2315873,1,CN(C)c1ccc(cc1)N2CN=C3N(C2)C(=O)CS3
2321749,1,Cn1cccc1C=Nc2ccc(cc2)N(C)C
2331270,1,CCOc1cc(ccc1O)C=C2C(=O)N3CCCCCC3=N2
234845,1,CC1C2CN3CCc4c5cc(c(cc5[nH]c4C3CC2C(=CO1)C(=O)OC)OC)OC
2360549,1,Cc1cc(c(n1c2ccccc2F)C)C(=O)CN3CCC(CC3)C
23668198,1,CN(C)c1ccc(cc1)N=NS(=O)(=O)O
23675739,1,Cc1cc(c(c(c1)C)Nc2cc(c(c3c2C(=O)c4ccccc4C3=O)N)S(=O)(=O)O)C
23679857,1,CN(C)c1ccc(c2c1cccc2)N=Nc3ccc(cc3)S(=O)(=O)O
23723159,1,COc1cccc(c1)NN=C2C=Cc3ccccc3C2=O
23723741,1,Cc1cccc(c1)c2ccc(cc2)NC(=O)C3CCN(CC3)Cc4c(cccc4OC)O
23724230,1,CCC(=Cc1[n+](c2c3ccccc3ccc2s1)C)C=C4N(c5c6ccccc6ccc5S4)C
2397406,1,c1cc(c(=O)[nH]c1)C(=O)OCC(=O)Nc2ccc(cc2)N3CCCCC3
2401707,1,CC(C)(C)C(=O)C(=c1n(c(=O)c(=Cc2cn(nc2c3cccnc3)c4ccccc4)s1)c5ccc(cc5)F)C#N
2408490,1,c1ccnc(c1)C(=O)Nc2ccc(cc2)N3CCCCC3
24213095,1,c1cc(ccc1C(=O)CCCN2CCc3c(c4cc(ccc4[nH]3)F)C2)F
2421595,1,Cc1cc(c(n1c2ccc(cc2)OC)C)C(=O)COC(=O)Cn3cnc4c3cccc4
2427018,1,CCn1cc(c(=O)c2c1nc(cc2)C)C(=O)OCC(=O)c3cc(n(c3C)c4cccc(c4)C(F)(F)F)C
2449454,1,C=CCOc1ccccc1CN(c2ccc3c(c2)OCO3)C(=O)CCl
245581,1,c1cc(ccc1C=C(C#N)C#N)C=C(C#N)C#N
245742,1,c1cc2ccc(c(c2nc1)O)CN3CCCCC3
2474635,1,Cc1cccc(c1C)N2CCN(CC2)C(=O)c3ccc4c(c3)c(c([nH]4)C)C
24747044,1,CC(=O)Oc1ccccc1C=Cc2ccc3ccccc3[n+]2C
24747990,1,CC[n+]1cc(ccc1C=Cc2ccc(cc2)N(C)C)C
24762046,1,CCOc1cccc(c1O)CNCCc2c([nH]c3c2cc(cc3)OC(F)(F)F)C
24789220,1,c1cc(ccc1C(=O)NC(CC(=O)N)c2ccc(c(c2)[N+](=O)[O-])N3CCCCCCC3)Br
24789772,1,CCS(=O)(=O)C1=NN2C(=N)C(=Cc3ccc(cc3)OS(=O)(=O)c4ccccc4)C(=O)N=C2S1
24792236,1,CN(Cc1ccccc1)c2ccc(cc2[N+](=O)[O-])C(CC(=O)N)NC(=O)c3ccc(cc3)Br
24792258,1,c1ccc(cc1)C(=O)Nc2cc(c(c3c2C(=O)c4ccccc4C3=O)N)S(=O)(=O)O
24792856,1,Cc1ccc(cc1)S(=O)(=O)Oc2ccc(cc2)C=C3C(=N)N4C(=NC3=O)SC(=N4)S(=O)(=O)C
24792912,1,CCOc1cc(ccc1OCCOc2cccc(c2)OC)C=C3C(=N)N4C(=NC3=O)SC(=N4)S(=O)(=O)C
24793327,1,Cc1ccccc1OCCOc2ccc(cc2OC)C=C3C(=N)N4C(=NC3=O)SC(=N4)S(=O)(=O)C
24793622,1,CSC1=NSC2=NC(=O)C(=Cc3ccc(cc3)OC(=O)c4ccco4)C(=N)N21
24793977,1,c1ccc(c(c1)C(=O)Oc2ccc(cc2)C=C3C(=N)N4C(=NC3=O)SC(=N4)N5CCOCC5)Cl
24818839,1,CC(C)CS(=O)(=O)C1=NN2C(=N)C(=Cc3ccc(cc3)OC(=O)c4ccco4)C(=O)N=C2S1
24819805,1,COc1ccc(cc1)NS(=O)(=O)c2cc(ccc2N3CCCC3)NC(=O)c4ccc(=O)[nH]c4
24856220,1,Cc1c(n(c2c1cc(cc2)C(=O)OCCN(C)C)CCN(C)C)C
24979561,1,COc1ccc(c(c1)OC)N2CC(CC2=O)C(=O)NCCN3C(=O)C(=Cc4cccnc4)SC3=O
24980458,1,CN(CC(=O)Nc1ccc(c(c1)C(F)(F)F)Cl)C(=O)c2cc(ccc2N3CCOCC3)[N+](=O)[O-]
2507423,1,Cc1cc(c(n1c2ccc3c(c2)OCO3)C)C(=O)CSc4nnc(s4)C
251561,1,CC1C2CN3CCc4c5ccccc5[nH]c4C3CC2C(=CO1)C(=O)OC
25163047,1,c1cc(ccc1CNc2ccc(cc2C(=O)N)[N+](=O)[O-])N
254859,1,Cc1ccc(cc1)N=Nc2ccc(=O)c(cc2)OC(=O)C(=C)C
2553279,1,CN(c1ccc(cc1)OC)S(=O)(=O)c2cccc(c2)C(=O)Nc3ccc(cc3)n4cnnn4
2554237,1,COc1ccccc1NC(=O)Nc2ccc(cc2)N3CCOCC3
256660,1,CN(C)c1ccc(cc1)C2Nc3cccc4c3c(ccc4)N2
258923,1,CN1c2ccc(cc2NP1(=S)c3ccccc3)OC
260556,1,c1ccc2c(c1)C(=O)C(=C(C2=O)Cl)Nc3ccc(cc3)O
260557,1,CN(C)c1ccc(cc1)NC2=C(C(=O)c3ccccc3C2=O)Cl
2677285,1,CN(c1ccc(cc1)OC)S(=O)(=O)c2cccc(c2)C(=O)NCC3CCCCC3
272568,1,c1ccc(cc1)N2CCN(CC2)Cc3cc(c4cccnc4c3O)Br
2727374,1,c1cc(sc1)c2c(c(=O)nc([nH]2)SCC(=O)c3ccc(cc3)Br)C#N
2732881,1,c1ccc2c(c1)C(=O)C(C2=O)(NC(=O)c3ccc(cc3)C(F)(F)F)O
2754564,1,c1cc(ccc1c2ccc(o2)C=C3C(=O)NC(=O)NC3=O)Cl
2766071,1,Cc1cc(c(n1c2ccc(c(c2)Cl)N3CCOCC3)C)C(=O)C(=O)Nc4ccccc4
2767330,1,Cc1ccc(cc1)c2cc3c(nn2)-c4ccccc4C3=O
279291,1,c1ccc(c(c1)N=Nc2ccccn2)Cl
2802225,1,CCOc1ccc(cc1)N2Cc3cc(ccc3N=C2)OCC
2810445,1,c1ccc2c(c1)C(=O)C(C2=O)(NC(=O)c3c(cccc3Cl)Cl)O
2814205,1,Cc1cc(no1)C(=O)Nc2ccc(cc2)N3CCCCC3
2814211,1,Cc1cc(cc(c1)NC(=O)Nc2ccc(cc2)N3CCCCC3)C
2818359,1,c1cc(ccc1C(F)(F)F)N=Nc2ccc3c(c2)CCCN3CCC#N
2826917,1,Cc1c-2ccc[n+]2ccn1C
2834628,1,Cc1c(c2ccc(c(c2n1c3ccc(cc3)OC)CN4CCCCC4)O)[N+](=O)[O-]
2834638,1,Cc1ccc2c(c1)c3c([nH]2)C(CCC3)NC(=O)CCl
2843949,1,Cc1ccc2ccc(nc2c1)C3C(=O)c4ccccc4C3=O
2849450,1,c1cc(ccc1N=NNc2cc(cc(c2)[N+](=O)[O-])C(=O)O)Br
2860190,1,c1ccc(cc1)C2=NNC(S2)c3ccccc3O
2861706,1,c1ccc(cc1)CN2C(=O)CC(C2=O)Nc3ccc(cc3)N4CCOCC4
2862896,1,CCC1CCc2c(sc(c2C(=O)OCC)NC(=O)C3C4CC(C3C(=O)O)C=C4)C1
2869169,1,CCn1cc(c2c1cccc2)C=C3C(=O)NC(=O)NC3=O
2870907,1,CC(=C1C(=NN(C1=O)c2ccc(cc2)[N+](=O)[O-])c3ccccc3)N(C)C
2872121,1,CC(=O)NC(c1ccc(cc1OC)OC)c2ccc3cccnc3c2O
2876731,1,CCCC(=O)NC(c1ccccc1Cl)c2ccc3cccnc3c2O
2877075,1,CCCC(=O)NC(c1ccc(cc1)N(C)C)c2ccc3cccnc3c2O
2877526,1,Cc1c(n2cccnc2n1)c3csc(n3)Nc4ccc(cc4)N(C)C
2887048,1,CN(C)c1ccc(cc1)NC(=O)C2C3CC(C2C(=O)O)C=C3
2894507,1,CC(=O)N1CCN(CC1)c2ccc(cc2)NC(=S)NC(=O)COc3ccc(cc3)C(C)(C)C
2896669,1,COc1ccc(cc1OC)C(c2cc(c3cccnc3c2O)Cl)NC(=O)c4cccnc4
2898713,1,Cc1ccc(cc1C)C(=O)c2cc(ccc2N3CCCCC3)[N+](=O)[O-]
2898787,1,Cc1ccc(cc1C)C(=O)c2cc(ccc2N3CCOCC3)[N+](=O)[O-]
2899800,1,CCOc1ccc(cc1)C(=O)c2cc(ccc2N3CCOCC3)[N+](=O)[O-]
2900050,1,Cc1ccc(c(c1)C)C(=O)c2cc(ccc2N3CCOCC3)[N+](=O)[O-]
2901943,1,CCOc1nc(nc(n1)N2CCN(CC2)c3ccc(cc3)OC)Nc4ccc(c(c4)Cl)OC
2902755,1,COc1ccc(cc1CSc2nc3ccccc3s2)C4c5c(c6ccccc6[nH]5)CCN4
2904127,1,CN1CCN(CC1)c2ccc(cc2C(=O)c3ccc(cc3)OC)[N+](=O)[O-]
2908002,1,COc1ccc(cc1)N(CC(Cn2c3ccccc3c4c2cccc4)O)S(=O)(=O)c5ccccc5
2915477,1,COc1ccc(cc1)C(=O)c2cc(ccc2N3CCOCC3)[N+](=O)[O-]
2918857,1,CC1CC(N(c2c1cc(cc2)OC)C(=O)CSc3nc4ccccc4s3)(C)C
2920318,1,CC(=O)NC(c1ccc(c(c1)OC)OC)c2cc(c3cccnc3c2O)Cl
2920939,1,CC(=O)N(C)c1ccc(cc1)OCC(Cn2c3ccc(cc3c4c2ccc(c4)Cl)Cl)O
2921022,1,CCCC(=O)NC(c1ccco1)c2cc(c3cccnc3c2O)[N+](=O)[O-]
2921187,1,CCCC(=O)NC(c1cccs1)c2cc(c3cccnc3c2O)[N+](=O)[O-]
2921493,1,CC(=O)NC(c1ccccc1)c2cc(c3cccnc3c2O)Cl
2922155,1,CC(=O)NC(c1ccc(cc1)N(C)C)c2cc(c3cccnc3c2O)Cl
2925984,1,c1cc(ccc1C(=O)c2cc(ccc2N3CCCCC3)[N+](=O)[O-])Br
2928283,1,Cc1cccn2c1nc3c(c2=O)cc(c(=N)n3C4CCCC4)C(=O)NCC5CCCO5
2929050,1,Cc1cccn2c1nc3c(c2=O)cc(c(=N)n3CC=C)C(=O)NCCCOC
2929395,1,CN(C)c1ccc(cc1)CNCCC(Cc2ccccc2)c3ccco3
2939678,1,c1ccc2c(c1)c(cc(c2O)SCC(=O)O)NS(=O)(=O)c3cccc(c3)[N+](=O)[O-]
2943798,1,CC1CCCN(C1)c2ccc(cc2C(=O)c3ccccc3)[N+](=O)[O-]
2944643,1,CCCC(=O)N1CCN(CC1)c2ccc(cc2Cl)NC(=O)c3cc4ccccc4o3
2949699,1,CC(C)C(=O)N1CCN(CC1)c2ccc(cc2)NC(=O)COc3ccccc3[N+](=O)[O-]
2953219,1,CNC(=S)N1C(CC(=N1)c2ccc(cc2)Br)c3ccc(cc3)N(C)C
295346,1,CN(C)c1ccc(cc1)NC(=O)Nc2cccc(c2)Cl
2957852,1,c1cc(ccc1CNC(=S)N2CCN(CC2)c3ccc(cc3)[N+](=O)[O-])Cl
2965336,1,Cc1ccc(cc1)C2(CCOC(C2)C(C)C)CCNCc3ccc(cc3)N(C)C
2965964,1,CSc1ccc(cc1)C(c2c3ccccc3[nH]c2C(=O)O)c4c5ccccc5[nH]c4C(=O)O
2966044,1,COc1cc(cc(c1O)C(c2c3ccccc3[nH]c2C(=O)O)c4c5ccccc5[nH]c4C(=O)O)Cl
2966064,1,COc1cc(ccc1OCc2ccccc2)C(c3c4ccccc4[nH]c3C(=O)O)c5c6ccccc6[nH]c5C(=O)O
2966069,1,CN1CCN(CC1)c2ccc(cc2NC(=O)c3cccc(c3)OC)[N+](=O)[O-]
2966902,1,CCCCN1C(=O)C2Cc3c4ccccc4[nH]c3CN2C1=S
2967205,1,CC(C1CC2CCC1C2)NCc3ccc(cc3)N(C)C
2972161,1,CCN(CC)c1ccc(cc1)CNCCc2ccccc2F
2972188,1,CN(C)c1ccc(cc1)Nc2nc3ccccc3c(n2)N
2980954,1,c1ccc(cc1)C(=O)N2CCN(CC2)c3ccc(cc3)NC(=O)c4ccc(o4)[N+](=O)[O-]
2983306,1,COc1ccc(c(c1)[N+](=O)[O-])N2CCN(CC2)C(=S)NC(=O)c3cccs3
2985259,1,c1ccc(c(c1)C(=O)N2CCN(CC2)c3ccc(cc3)NC(=O)c4cc(cnc4)Br)F
2997520,1,CC1CCC2C(C1)c3c([nH]c(=O)s3)SC2(C)C
2997822,1,CCn1cc(c(=O)c2c1nc(cc2)C)C(=O)OCC(=O)OC3CC(CCC3C(C)C)C
2999043,1,c1ccnc(c1)C(c2ccc3cccnc3c2O)N4CCOCC4
300574,1,CCN(CC)c1ccc(cc1)C2Nc3ccccc3C(=O)N2
3077444,1,c1ccc(cc1)c2ccc3c(c2)c4c5n3CCN=C5CCC4
3086132,1,Cc1c2cc[n+](cc2c(c3c1[nH]c4c3cc(cc4)O)C)CCN5CCCCC5
3086380,1,Cc1c2cc[n+](cc2c(c3c1[nH]c4c3cc(cc4)OC)C)C
3093192,1,c1ccc2c(c1)C(=CC(=O)C2=O)Nc3cccc4c3nccc4
3097536,1,CC(C)(C)C(=O)Nc1ccc(cc1)N=Nc2ccccc2
3098130,1,CC1(c2ccccc2N(C1=c3c(=O)n(c(=C4C(=NN(C4=O)c5ccccc5)Nc6ccccc6)s3)C)C)C
3103803,1,CN1CCN(CC1)CC(=O)N2CCn3c4ccc(cc4c5c3C2CCC5)C6CCCCC6
3106448,1,Cc1ccc(cc1)c2csc(n2)N3C(=O)C(C(=N3)C)N=Nc4ccc(cc4)C(=O)N
3106471,1,Cc1ccccc1N=NC2C(=NN(C2=O)C(=S)N)C
3106484,1,CC1=NN(C(=O)C1N=Nc2cccc(c2)Cl)C(=S)N
3106493,1,CCOc1ccc(cc1)N=NC2C(=NN(C2=O)C(=S)N)C
3106499,1,CC1=NN(C(=O)C1N=Nc2ccc(cc2)NC(=O)C)C(=S)N
3108928,1,CC1=NN(C(=O)C1N=Nc2ccc(cc2)N)c3ccccc3
3119630,1,c1ccc(cc1)C(=O)Nc2cc3c4c(c2)C5CCCC5CN4CC6C3CCC6
3124727,1,c1ccc2c(c1)CCN(C2)c3ccc(cc3)[N+](=O)[O-]
3126048,1,CC(C)COC(=O)c1ccc2c(c1O)C(=O)c3ccccc3C2=O
3129243,1,CCCC(=O)NC(c1ccc(cc1)C)c2ccc3cccnc3c2O
3131849,1,c1ccc(cc1)COc2ccc(cc2)N(CCc3ccncc3)N=O
3136132,1,CCC(=O)NC(c1ccc(cc1)C)c2cc(c3cccnc3c2O)Cl
3145027,1,CC1(Cc2c(c(=S)n(c(c2C#N)N)C)CN1C)C
3151386,1,c1ccn2c(c1)nc3c(c2=O)cc(c(=N)n3C4CCCC4)C(=O)NC5CCCC5
3151460,1,COCCCn1c(=N)c(cc2c1nc3ccccn3c2=O)C(=O)NC4CCCCC4
3152291,1,c1cc(ccc1COc2ccc(cc2)N3CC(CC3=O)C(=O)N)Cl
3152292,1,c1cc(ccc1N2CC(CC2=O)C(=O)N)OCc3ccc(c(c3)Cl)Cl
3152294,1,CCCNC(=O)C1CC(=O)N(C1)c2ccc(cc2)OCc3ccc(cc3)F
3154276,1,CC(=O)c1ccc2c(c1)C3C=CCC3C(N2)c4ccncc4
3154698,1,c1cc(c(cc1NC(=O)c2ccc(o2)[N+](=O)[O-])Cl)N3CCCC3
3157451,1,CN(C)c1ccc(cc1)C2Nc3ccccc3C(=O)N2
3160897,1,COc1ccc(cc1)N2CN3C(=O)CC(C(=C3SC2)C#N)c4cccc(c4OC)OC
3161446,1,CC(=O)N1CCN(CC1)c2ccc(cc2Cl)NC(=O)c3ccc(o3)[N+](=O)[O-]
3161521,1,CCC(=O)N1CCN(CC1)c2ccc(cc2Cl)NC(=O)c3ccc(o3)[N+](=O)[O-]
3161537,1,CCCC(=O)N1CCN(CC1)c2ccc(cc2Cl)NC(=O)c3ccc(o3)[N+](=O)[O-]
3162237,1,Cc1ccc2nc3c(cc(c(n3)NCC4CCCO4)C(=O)NCC=C)c(=O)n2c1
3166191,1,COc1ccc(cc1)NCc2nnc(n2c3ccccc3)SCc4ccc(cc4)Cl
3185580,1,CN(C)c1ccc(cc1)C(C(=O)NCc2ccccc2)N(Cc3ccco3)C(=O)c4c(c(ns4)C(=O)N)N
3216691,1,COc1ccc(c(c1)OC)N(C(c2cccs2)C(=O)NC3CCCC3)C(=O)C#C
3237318,1,c1ccc(cc1)C(=O)NC2(C(=O)c3ccccc3C2=O)O
3239318,1,CC1=C(C(=O)N(C(=O)C1=Nc2ccc(cc2)N(C)C)CCCO)C#N
3240066,1,c1cc2c(c(c1)S(=O)(=O)Nc3ccc4c(c3)OCCO4)nsn2
3240101,1,COc1ccc(cc1)N2CCN(CC2)C(=O)C3CCC(CC3)Cn4c(=O)c5ccccc5[nH]c4=S
3240275,1,c1cc(cc(c1)Cl)NC(=O)CSc2[nH]c(c(c(=O)n2)C#N)c3ccco3
3240302,1,CCOC(=O)c1cc2c(nc3ccccn3c2=O)n(c1=NC(=O)c4ccco4)CC(C)C
3240856,1,CC(C)Cn1cc(c2c3ccccc3n(c2c1=O)C)C(=O)NCc4cccs4
3241163,1,CC1=C(C(=O)N(C(=O)C1=Nc2ccc(cc2)N(C)C)C)C#N
3241647,1,CCN1c2ccccc2C(=C3C(=O)N=C(S3)N4CCCCC4)C1=O
3242231,1,Cc1cccn2c1nc3c(c2=O)cc(c(=N)n3CCCOC)C(=S)N
3242909,1,Cn1c2ccsc2cc1C(=O)NCCCN3CCN(CC3)c4ccc(cc4)OC
3243288,1,Cn1c2ccccc2c3c1c(=O)n(cc3C(=O)N4CCN(CC4)c5ccccn5)C6CCCC6
3243380,1,COc1ccc(cc1)CC(=O)Nc2ccc(c(c2)C#N)N3CCN(CC3)c4ccc(cc4)OC
3244007,1,CCn1cnc2c(c1=O)c(c(s2)C(=O)N(Cc3ccc(cc3)N(C)C)Cc4ccco4)C
3244655,1,CCN(c1ccc(cc1)OC)C(=O)c2cc3cc4ccc(cc4nc3o2)C
3244697,1,CCOCCCn1c(=N)c(cc2c1nc3c(cccn3c2=O)C)C(=O)NCCN4CCOCC4
3245946,1,CCCN1C(Nc2ccccc2C1=O)c3ccc(cc3O)OC
3254809,1,COc1ccc(cc1)C2=NN(C(C2)c3ccccc3O)C(=O)c4ccccc4C(=O)O
3265869,1,Cc1cccn2c1nc3c(c2=O)cc(c(=N)n3Cc4ccco4)C(=O)NCCc5ccc(c(c5)OC)OC
3278198,1,CN(C)c1ccc(cc1)N=Nc2ccccc2C(=O)OCC(=O)Nc3ccccc3C(F)(F)F
3281234,1,CCCCC(=C1C(=O)CC(CC1=O)c2ccccc2)NCCc3c([nH]c4c3cc(cc4)OC)C
3309627,1,CC(=O)C1=NN(C(N1c2ccc(cc2)N(C)C)c3cccs3)c4ccccc4
331140,1,c1cc2c(c(c1)NCCNCCO)C(=O)c3cccc(c3C2=O)NCCNCCO
3313091,1,CCOC(=O)c1c(oc2c1c(c(c3c2cccc3)O)C(c4cccnc4)N5CCCCC5)C
334410,1,c1cc(cc(c1)[N+](=O)[O-])Cn2ccc3c2ccc4c3c(nc(n4)N)N
3352410,1,CCOC(=O)c1c2cc(c(cc2n(c1CSC(=N)N)c3ccccc3)Br)OC(=O)C
3352804,1,CC(C)C(CCNCc1ccc(cc1)N(C)C)c2ccc(cc2)OC
3361499,1,Cc1cc(no1)NC(c2ccc(cc2)Cl)c3ccc4cccnc4c3O
3378093,1,Cc1cc(ccc1c2ccc(cc2)C(=O)N3CCc4c3cc5c(c4)OCC56CCN(CC6)C)c7nc(on7)C
3400316,1,CCC(C)c1ccccc1NC(=O)COC(=O)c2ccc3c(c2)c4c([nH]3)CCCC4
3438280,1,CN(C)C(=O)c1ccc2c(c1[N+](=O)[O-])C(=O)c3ccccc3C2=O
3453217,1,c1c(c2c(c(c1Cl)[N+](=O)[O-])C3C=CCC3C(N2)C(=O)O)O
3457783,1,Cc1ccsc1C(=O)Nc2ccc(c(c2)S(=O)(=O)Nc3ccccc3OC)N4CCCC4
3491980,1,COC(=O)C1CSc2c(sc(=O)[nH]2)C1c3ccccc3
3496912,1,CN(C)c1ccc(cc1)N=Nc2ccccc2C(=O)OCC(=O)NC3CCCC3
3513626,1,c1cc(ccc1CON=C2CCN(CC2)c3ccc(cc3)[N+](=O)[O-])Cl
3515733,1,CN1CCN(CC1)C(c2ccccn2)c3cc(c4cccnc4c3O)Cl
3516032,1,CCN1CCN(CC1)C(c2cccnc2)c3cc(c4cccnc4c3O)Cl
3524797,1,CCOC(=O)c1cc2c(nc3c(cccn3c2=O)C)n(c1=NC(=O)c4ccccc4)Cc5ccco5
3535600,1,CN1C(C(=O)N(C1=S)C)N=Nc2ccccc2C(=O)O
3553673,1,Cc1c2c(c3cc(cc(c3n1)OC)OC)N(CC2)c4ccc(cc4)OC
3608938,1,Cc1cc(=O)n2c3ccccc3n(c2c1C#N)CC(CN4CCN(CC4)Cc5ccccc5)O
3610662,1,c1ccc2c(c1)c3c([nH]2)C(N(CC3)C(=O)c4cccs4)c5ccc(cc5)Cl
3627042,1,CCC(=O)NC1=C(C(=O)c2ccccc2C1=O)Nc3ccc(cc3)N
367790,1,CCOc1ccc(cc1)NC2=CC(=O)C(=O)c3c2cccc3
3689413,1,COc1ccc(cc1Cl)N(C(c2cccs2)C(=O)NCCc3ccccc3)C(=O)CCl
3709314,1,Cc1cc(ccc1N=Nc2ccc(cc2)N)N(C)C
3719211,1,c1ccc(c(c1)Cn2c(=N)c(cc3c2nc4ccccn4c3=O)C(=O)NC5CCCC5)Cl
3723045,1,c1cc(ccc1C(c2cc3c(cc2O)OCO3)N4CCCC4)Br
3735979,1,CC(C)Oc1ccc(cc1)C(CCNCc2ccc(cc2)N(C)C)c3ccccc3OC
3757176,1,COCCCn1c(=O)c2ccc3c(c2[nH]1)C(=O)c4ccccc4C3=O
3757430,1,c1ccc(c(c1)Cn2c(=N)c(cc3c2nc4ccccn4c3=O)C(=O)NCC5CCCO5)Cl
3761483,1,c1ccn2c(c1)nc3c(c2=O)cc(c(=N)n3CCCN4CCOCC4)C(=O)NCCN5CCOCC5
3767520,1,CN1CCN(CC1)c2ccc(cc2F)NC(=O)CSc3ccccc3
3767566,1,c1ccn2c(c1)nc3c(c2=O)cc(c(=N)n3Cc4cccnc4)C(=O)NCc5ccc(cc5)F
3776314,1,CCN(CC)c1ccc(cc1)N=Nc2c(c(n(n2)C)C)[N+](=O)[O-]
3789016,1,CN1CCN(CC1)c2ccc(cc2)NC(=O)N3CCc4c3cccc4
379337,1,c1ccc(cc1)c2cc3c(nn2)-c4ccccc4C3=O
3831918,1,COc1ccc(cc1)C(=O)ON=C2CCN(CC2)c3ccc(cc3)[N+](=O)[O-]
387546,1,Cc1cc(nc2c1c(=N)c3ccccc3n2CCCCCCCCn4c5ccccc5c(=N)c6c4nc(cc6C)C)C
3884,1,CC(=CCC1=C(c2ccccc2C(=O)C1=O)O)C
389909,1,CC(C)OC(=O)c1ccc(cc1Cl)NCc2cc(ccc2O)O
3901657,1,CCN(CC)c1ccc(cc1)NC2CC(=O)N(C2=O)CCc3ccc(cc3)OC
3930693,1,CC1=CC(N2c3c1cccc3C4(C2=O)N(C(=O)CS4)c5ccc(cc5)OC)(C)C
3945145,1,c1cc(ccc1NN=Nc2ccc(cc2)S(=O)(=O)O)Br
3947477,1,CC(C1CC2CCC1C2)NC(=O)COC(=O)c3cc(ccc3O)NS(=O)(=O)c4ccc(c(c4)[N+](=O)[O-])Cl
3948578,1,CC(C)Oc1ccccc1C2Nc3ccccc3C(=O)N2c4ccc5c(c4)OCCO5
3962479,1,CCC(=C1C(=O)CC(CC1=O)c2ccccc2)NCCc3c([nH]c4c3cc(cc4)OC(F)(F)F)C
3962495,1,CN(C)c1ccc(cc1)C(=S)N2CCN(CC2)c3ccc(cc3)[N+](=O)[O-]
3966645,1,Cc1c(c2cc(ccc2[nH]1)OC(F)(F)F)CCNCc3cccc(c3)[N+](=O)[O-]
3982636,1,Cc1c(c2ccccc2[nH]1)CCNC(=O)c3ccc4c(c3[N+](=O)[O-])C(=O)c5ccccc5C4=O
3993080,1,CN(C)c1ccc(cc1)C(CNS(=O)(=O)c2ccc(c(c2)F)F)c3c[nH]c4c3cccc4
4020724,1,COc1ccc2c(c1)C(=C(C#N)C#N)C(=O)N2CCc3ccccc3
4047705,1,Cc1ccc(cc1S(=O)(=O)N2CCCCC2)NC(=O)COc3ccc(cc3)N(C)C(=O)C(C)(C)C
4109100,1,CCN(CC)c1ccc(c(c1)C)NC(=O)CCS(=O)(=O)c2ccc(cc2)Br
4153146,1,CN(C)c1ccc(cc1)N=Nc2ccccc2Br
4162554,1,CN(CCCC(=O)O)c1ccc(cc1)N=Nc2ccc(cc2)[N+](=O)[O-]
4164065,1,Cc1cc(ccc1N=Nc2cc(ccc2F)F)N(CCO)CCO
4192118,1,c1ccc2c(c1)c3c([nH]2)C4C(C5C(CCCC5C(=O)O)CN4CC3)O
4195720,1,CCN(CC)c1ccc(cc1S(=O)(=O)Nc2ccccc2OC)NC(=O)c3ccccc3Br
42627940,1,Cc1ccc(cc1)S(=O)(=O)N2CC3CCCCC3C(C2c4cn(c5c4cccn5)Cc6ccccc6)C
4287451,1,CN(C)c1ccc(cc1)N=Nc2ccccc2C(=O)OCC(=O)N3CCCCCC3
4304519,1,CCOP(=O)(C1(C=C(C(=O)c2c1cccc2)Cl)NS(=O)(=O)c3ccccc3)OCC
4307096,1,COc1ccc(cc1)CCNC(=O)c2cc3c(nc4ccccn4c3=O)n(c2=N)CCCN5CCOCC5
4324633,1,Cc1cccn2c1nc3c(c2=O)cc(c(=N)n3CCc4ccc(cc4)OC)C(=O)NC5CCCC5
4331202,1,c1ccc(c(c1)NS(=O)(=O)c2cc(ccc2N3CCCC3)NC(=O)Nc4cccc(c4)C(F)(F)F)Cl
4350931,1,CN1CCc2ccccc2Cc3c(c4ccccc4[nH]3)CC1
4361244,1,CCN(CC)c1ccc(cc1S(=O)(=O)Nc2ccccc2OC)NC(=O)c3ccccc3
4381126,1,COc1ccc(cc1)N(C(c2cccnc2)C(=O)NC3CCCCC3)C(=O)CCl
4406635,1,Cc1c(c2ccc3ccccc3c2[nH]1)C4C(C4(C)C)CCN
441383,1,CC(C)N1CCN(CC1)c2ccc(cc2)OCC3COC(O3)(Cn4cncn4)c5ccc(cc5Cl)Cl
44142342,1,CCC(=O)NC(c1cc(c2cccnc2c1O)Cl)C(C)C
4417395,1,CN(C)c1ccc(cc1)NC(=O)c2cccc(n2)C(=O)Nc3ccc(cc3)N(C)C
4436991,1,Cc1c(nc(s1)NC(=O)C2CC(=O)N(C2)c3ccc4c(c3)OCCO4)c5ccc(cc5)OC
4445081,1,CCC(C)n1c(=O)n(cn1)c2ccc(cc2)N3CCN(CC3)c4ccc(cc4)O
4483668,1,c1ccc(cc1)C(=O)ONc2ccc(cc2)N=NC(=O)c3ccccc3O
45281152,1,CCOc1ccc2c(c1)C=CC(=CC=C3C=C(c4cccnc4C3=O)C)N2C
4536703,1,CCc1ccc(cc1)c2csc(n2)NC(=O)C3CC(=O)N(C3)c4ccc5c(c4)OCCO5
4549280,1,CCN1CCN(CC1)c2ccc(cc2)NC(=O)c3ccc(o3)Br
4555838,1,Cc1c2c(c3cc(cc(c3n1)OC)OC)N(CC2)c4ccc(cc4OC)OC
456201,1,CC(=O)N1CCN(CC1)c2ccc(cc2)OCC3COC(O3)(Cn4ccnc4)c5ccc(cc5Cl)Cl
460612,1,c1cc(ccc1CC(C(=O)O)N)N(CCCl)CCCl
4826520,1,Cc1cc2c(cc1C)n(cn2)c3c(cccn3)[N+](=O)[O-]
4831653,1,CCN(CC)c1ccc(cc1)NC(=O)Cn2c3ccccc3nc2C(C)NC(=O)c4ccc(cc4)C
4880974,1,c1ccn2cc(nc2c1)C(=O)Nc3ccc(cc3)N4CCOCC4
4888547,1,CCOc1ccc(cc1)N2CN3C(=O)CC(C(=C3SC2)C#N)c4ccco4
4891389,1,CN1CC(C2(C13c4ccccc4NC3=O)C(=O)N(C(=S)S2)Cc5ccco5)c6ccccc6
4891533,1,COc1ccc(c(c1)OC)N2CN3C(=O)CC(C(=C3SC2)C#N)c4ccc(c(c4)OC)OC
4965589,1,CC(C(=O)Nc1ccc(cc1)C(C)(C)C)Nc2ccc(c(c2)Cl)OC
4993441,1,CC1=NN(C(=O)C1N=Nc2cccc(c2)OC)C(=S)N
5042163,1,CN(C)c1ccc(cc1)N=Nc2ccccc2C(=O)OCC(=O)Nc3ccccc3C(=O)OC
5043,1,COC1C(OC(C(C1O)O)n2c3c(cccc3Cl)c4c2c5c(c6cccc(c6[nH]5)Cl)c7c4C(=O)NC7=O)CO
5048498,1,CN(C)c1ccc(cc1)NC(=O)c2ccc(cc2)Cn3cc(cn3)[N+](=O)[O-]
5051642,1,c1cc(ccc1N2CCN(CC2)c3ccc(cc3Cl)[N+](=O)[O-])O
5058764,1,c1ccc(cc1)N=Nc2ccc(cc2)NS(=O)(=O)c3ccccc3
5088525,1,Cc1ccc(c(c1)Nc2c3ccccc3nc4c2cccc4)O
5091952,1,CCOc1cc(c(cc1N2CCOCC2)OCC)NC(=O)c3ccc4ccccc4n3
511501,1,c1cc2c(cc1C3CCCCC3)c4c5n2CCN=C5CCC4
5127590,1,COc1ccc(cc1)N(CCCN2C(=O)c3cccc4c3c(ccc4)C2=O)C(=O)c5ccncc5
512832,1,c1cc(ccc1N2CCCCC2)N3C(=O)C=CC3=O
5133453,1,c1cc(cc(c1)[N+](=O)[O-])C(=S)N2CCN(CC2)c3ccc(cc3)[N+](=O)[O-]
5170830,1,CCN(CC)c1ccc(cc1)NC(=O)c2ccc3c(c2)c(c(n3C)C)C
5201463,1,Cc1cccn2c1nc3c(c2=O)cc(c(=N)n3CCCn4ccnc4)C(=O)NCCc5ccccc5
5286813,1,CC1=NN(C(=O)C1=CNNC(=O)c2cccc(c2)F)c3ccccc3
5291838,1,CC1=NOC(=O)C1=Cc2ccc(o2)c3ccc(cc3)Cl
5292830,1,c1ccc(cc1)C2=NOC(=O)C2=Cc3ccc(cc3)OCC(=O)N
5295075,1,CC1=CC2=c3ccccc3=NC(N2N1)c4ccc(cc4)N(C)C
5307214,1,CCOc1ccc(cc1)N(CC(=O)Nc2ccccc2C)S(=O)(=O)c3c(noc3C)C
5307319,1,CCOc1ccc(cc1)N(CC(=O)Nc2ccc(c(c2)C)C)S(=O)(=O)c3c(noc3C)C
5307358,1,COc1ccc(cc1)N2Cc3cccc(c3C2=O)C(=O)N4CCN(CC4)C(=O)c5ccco5
5307845,1,COc1ccc(cc1)N2CCN(CC2)C(=O)c3ccc4c(c3)sc(n4)N5CCCCC5
5308388,1,CCC(C)OC(=O)c1c(c2c([nH]1)CC(CC2=O)c3ccc(cc3)N(C)C)C
5309243,1,CN(C)c1ccc(cc1)NC(=O)Cn2cc3c(n2)CCCC3
5309663,1,CCOc1ccc(cc1)N2CN3C(=O)CC(C(=C3SC2)C#N)c4ccccc4Cl
5309709,1,CC(CCc1ccco1)NC(=O)c2cccc3c2C(=O)N(C3)c4ccc(cc4)OC
5310602,1,CCCCCNC=C1C(=NN(C1=O)c2nc3ccccc3s2)C
5310740,1,CSC1=NC(=CC=Cc2cccs2)C(=O)S1
5310822,1,Cc1ccccc1N2C(=O)C(=CNc3ccc(cc3)N(C)C)C(=O)NC2=O
5311103,1,CC12C(C(CC(O1)n3c4ccccc4c5c3c6n2c7ccccc7c6c8c5C(=O)NC8)NC)OC
5342813,1,CN(C)c1ccc(cc1)C=NN2CCN(CC2)c3ccccn3
5350790,1,Cn1cccc1C=Nn2c(n[nH]c2=S)c3ccc(cc3Cl)Cl
5350877,1,CC(C)(C)c1ccc(cc1)c2n[nH]c(=S)n2N=Cc3cccn3C
5367004_5440998,1,CC1=NN(C(=O)C1=CC=C2C(c3ccccc3N2C)(C)C)c4ccccc4
5373057,1,CCN1C(=O)C(=CNc2ccccc2)SC1=S
5378674,1,CN(C)c1ccc(cc1)NC=C2C(=O)OC(=N2)c3ccccc3
5381219,1,c1cc(c(c2c1c3c(c(=O)o2)CCCC3)CN4CCOCC4)O
5386020,1,CCN(CC)c1ccc(cc1)NC=C2C(=O)NC(=O)NC2=O
5386458,1,CC1=NN(C(=O)C1=Cc2ccc(cc2OC)OC)c3ccccc3
5389099,1,CC1=NN(C(=O)C1=C(C)NC2CCCC2)c3nc4ccccc4s3
5389130,1,CCC(=C1C(=O)CC(C(C1=O)C(=O)OC)(C)C)Nc2ccc(cc2)N
5389137,1,CCN(CC)c1ccc(cc1)NC=C2C(=O)NC(=O)N(C2=O)c3cc(ccc3OC)OC
5389151,1,CCN(CC)c1ccc(cc1)NC=C2C(=O)NC(=O)N(C2=O)c3ccccc3C
5389202,1,CCN(CC)c1ccc(cc1)NC=C2C(=O)NC(=O)N(C2=O)c3ccc(cc3)OCC
5389204,1,CCN(CC)c1ccc(cc1)NC=C2C(=O)NC(=O)N(C2=O)c3ccccc3OCC
5389455,1,CN(C)c1ccc(cc1)C2C=C(N=C3N2NC=N3)c4cccc(c4)OC
5389474,1,CN(C)c1ccc(cc1)C2C=C(N=C3N2NN=N3)c4cccc(c4)OC
5389511,1,CCCc1cc(=O)oc2c1cc(c(c2CN3CCCC3)O)Cl
5389578,1,c1ccc(c(c1)N)NC=C2C(=O)NC(=O)N(C2=O)CCC3=CCCCC3
5389588,1,CCC(=C1C(=O)N(C(=O)N(C1=O)C)C)NC(C)c2ccccc2
5389663,1,CC(=C1C(=O)NC(=O)N(C1=O)CC=C)NCc2cc(cc(c2)OC)OC
5389711,1,c1ccc(cc1)c2coc3c(c2=O)ccc(c3CN4CCCC4)O
5389974,1,c1ccc(cc1)CN2CCC(CC2)NC=C3C(=O)NC(=O)N(C3=O)CCC4=CCCCC4
5391904,1,Cc1ccc(cc1C)NN=C(C#N)C(=S)N
5391980,1,CCN(CC)c1ccc(cc1)NC=C2C=C(C=CC2=O)Br
5393901,1,c1csc(n1)NC=C2C=C(C=C(C2=O)Cl)Cl
5398511,1,C=CCN(CC=C)Cc1c(ccc2c1oc(=O)c3c2cccc3)O
5400724,1,CC1=CC(N2c3c1cc(cc3C(=NNC(=S)N)C2=O)OC)(C)C
5407051,1,c1cc(ccc1NC=C2C=CC(=O)C=C2O)N3CCOCC3
5414770,1,c1cc(ccc1CN2C(=O)C(=Cc3ccoc3)C(=O)NC2=O)F
5415620,1,c1cc(sc1)C=C2C(=O)NC(=O)N(C2=O)CCc3ccc(cc3)F
5422068,1,c1ccc(c(c1)C(=O)NNC=C2C(=O)NC(=S)N(C2=O)C3CC3)O
5424963,1,Cc1ccc2c(c1)c(c([nH]2)C(=O)NNC=C3C=CC=CC3=O)C
5429427,1,CCN1C(=O)C(=CNc2ccc(cc2)N3CCOCC3)C(=O)N(C1=S)CC
5453744,1,CC1=CC(=CC(=CNc2ccc(cc2)N3CCOCC3)C1=O)Br
5455166,1,Cc1ccc(cc1)NC2=NC(=O)C(=Cc3c([nH]c4c3cccc4)C)S2
5455200,1,CCn1c(c(cn1)C=NNC(=O)c2ccc3c(c2)c(c(n3Cc4ccccc4)C)C)C
5457058,1,c1ccc(cc1)C(=O)NN2C(=O)C(=C3c4ccccc4NC3=O)SC2=S
5464544,1,c1ccc(c(c1)NN=C2C=CC=CC2=O)O
54707081,1,c1ccc(cc1)CCN2C(=O)C(=C(C=Cc3c[nH]c4c3cccc4)O)C(=O)NC2=O
5484214,1,CCN(CC)c1ccc(cc1)NN=C2N=CN=N2
5506533,1,c1cc(ccc1NC=C2C(=O)NC(=S)N(C2=O)c3ccc(cc3)Cl)N4CCOCC4
5513649,1,CC(=O)Nc1ccc(cc1)NC=C2C(=O)NC(=O)N(C2=O)Cc3ccco3
5514898,1,c1ccc(c(c1)C(=O)NNC=C2C(=O)NC(=S)N(C2=O)C3CCCCC3)O
5517062,1,c1ccc(cc1)C(=O)NNC=C2C(=O)NC(=S)N(C2=O)CCC3=CCCCC3
5523595,1,c1ccc(cc1)NN=C(C=O)C(=O)c2ccc(cc2)Cl
55245,1,CC#CC1(CCC2C1(CC(C3=C4CCC(=O)C=C4CCC23)c5ccc(cc5)N(C)C)C)O
5543154,1,COc1cc(ccc1O)C(=O)NN2C(=O)C(=C3c4ccccc4NC3=O)SC2=S
5550743,1,c1ccc(cc1)CN2C(=O)C(=CNNC(=O)c3ccccc3)C(=O)NC2=O
5553035,1,CCN(CC)CCOC(=O)c1ccc(cc1)NC=C2C(=O)NC(=O)NC2=O
5554345,1,c1ccc(cc1)NC=CC=C2C(=O)NC(=O)N(C2=O)C3CCCCC3
5559370,1,c1ccc(cc1)NN=C2C(=NN(C2=O)c3ccccc3)N
5583763,1,c1ccc(c(c1)N2C(=O)C(=CNc3ccc(cc3)N4CCOCC4)C(=O)NC2=S)F
5583816,1,CC(C)N1C(=O)C(=CC=Cc2ccco2)C(=O)N(C1=O)Cc3ccco3
5593104,1,c1ccc(cc1)CCN2C(=O)C(=CNNC(=O)c3ccccc3O)C(=O)NC2=O
5603524,1,CCN(CC)c1ccc(cc1)NC=C2C(=O)NC(=O)N(C2=O)c3ccc(cc3)OC
5603670,1,CCN(CC)c1ccc(cc1)NC=C2C(=O)NC(=O)N(C2=O)Cc3ccccc3
5609894,1,Cc1ccc(cc1)C(=O)NN2C(=O)C(=Cc3[nH]c4ccccc4n3)SC2=S
5614757,1,c1cc(sc1)C(=O)C=C2C(=O)Oc3ccc(cc3N2)Cl
564212,1,c1ccc(c(c1)N)N=Nc2ccccc2N
5708117,1,COc1ccc(cc1)C=C2C(=O)N(C(=S)S2)CCCC(=O)NNC(=O)c3ccccc3O
5710537,1,CCN(CC)c1ccc(cc1)C=C2C(=NN(C2=O)c3[nH]nc(c(=O)n3)C)C
5713435,1,C1C2CC(C1C=C2)NC(=S)NNC=C3C=C(C=C(C3=O)Cl)Cl
5718132,1,Cc1ccc(c(c1)NN=C2C=CC(=O)c3c2cccn3)OC
5719806,1,CC1=NN(C(=O)C1=CNNC(=O)C2COc3ccccc3O2)c4ccccc4
5720547,1,CN1c2ccccc2C(=NNC(=O)c3ccco3)C1=O
5725382,1,CC(=C1C(=NN(C1=O)c2nc3ccccc3s2)C(F)(F)F)NCc4ccc(cc4)OC
5726775,1,c1ccc(cc1)C2=NN(C(=O)C2=CNCCN3CCNCC3)c4ccc(cc4)[N+](=O)[O-]
5727347,1,COc1ccc(cc1)C=C2C(=NN(C2=O)c3nc4ccccc4s3)CSc5ccc(cc5)Cl
5727520,1,COc1ccccc1N2CCN(CC2)N=Cc3cccc(c3)Cl
5729339,1,c1cc(ccc1c2ccc(o2)C=C3C(=O)N=C(S3)N)S(=O)(=O)N
5731487,1,CCOc1cc(cc(c1OC(=O)C)[N+](=O)[O-])C=C2C(=O)SC(=N2)SC
5732079,1,Cc1c(c2ccccc2[nH]1)C=Cc3nc4ccccc4c(=O)n3CCO
5733588,1,CC1=NOC(=O)C1=Cc2ccc(o2)c3ccc(cc3C(=O)O)Br
5737438,1,CC1CCCN(C1)Cc2c(ccc3c2oc(c(c3=O)c4nc5ccccc5s4)N)O
5738263,1,c1ccc(cc1)Cn2c(nc3ccccc3c2=O)C=Cc4cccnc4
5754238,1,c1ccc(cc1)NC(=O)CN2c3ccccc3C(=NNC(=O)c4ccccc4O)C2=O
5754241,1,Cc1ccccc1NC(=O)CN2c3ccccc3C(=NNC(=O)c4ccccc4O)C2=O
5756985,1,CCC(=Cc1[n+](c2cc(ccc2s1)OC)CCCS(=O)(=O)O)C=C3N(c4cc(ccc4S3)OC)CC
5757535,1,Cc1nc2ccccc2c(=O)n1NC=C3C(=NN(C3=O)c4cccc(c4)Cl)C
5757916,1,COC(=O)C(Cc1ccc(cc1)N(CCCl)CCCl)NC=C2C=CC=CC2=O
5759521,1,CCOc1ccc2c(c1)sc(n2)NC=C3C(=NN(C3=O)c4ccccc4)C
5759522,1,CCOc1ccc2c(c1)sc(n2)NC=C3C(=NN(C3=O)c4ccc(cc4)C)C
5761675,1,CCn1c(nc2ccccc2c1=O)C=Cc3c([nH]c4c3cccc4)C
5762732,1,c1ccc2c(c1)nc(s2)N3C(=O)C(=CNCc4cccnc4)C(=N3)C(F)(F)F
5763546,1,CCN(CC)c1ccc(c(c1)OCC)C=C(C#N)c2[nH]c3ccccc3n2
5766714,1,c1ccc(cc1)COc2ccc3c(c2)c(c[nH]3)C=C4C(=O)NC(=O)NC4=O
5767374,1,c1cc(oc1)CN2C(=O)C(=CNc3c(c4c(s3)CCCC4)C#N)C(=O)NC2=O
5767616,1,CCOc1ccc(cc1)N(C)c2ccc(cc2)C=C3C(=O)NC(=S)S3
5770,1,COc1ccc2c(c1)[nH]c3c2CCN4C3CC5C(C4)CC(C(C5C(=O)OC)OC)OC(=O)c6cc(c(c(c6)OC)OC)OC
5771351,1,CN(C)c1ccc(cc1)C2C=C(N=C3N2NC=N3)c4ccc(cc4OC(F)F)Cl
5771624,1,c1ccc2c(c1)C=C(C(=O)C2=NNc3ccc(cc3)S(=O)(=O)N)C(=O)O
5881233,1,c1cc(c(cc1[N+](=O)[O-])NN=C2C(=O)NC(=O)NC2=O)O
5885679,1,CC1=NN(C(=O)C1=NNc2ccc(cc2)NC(=O)C)C(=S)N
5893424,1,c1ccc(cc1)C(C(=O)O)N2C(=O)C(=Cc3ccc(o3)c4ccccc4Cl)SC2=S
5898671,1,Cc1c(c(=O)c2ccc(c(c2o1)CN3CCOCC3)O)c4ccc(cc4)Cl
5921430,1,c1ccc(cc1)C(C(=O)O)N2C(=O)C(=Cc3ccc(o3)c4cccc(c4)Cl)SC2=S
5927962,1,Cc1cccc(c1)NN=C(C=O)C(=O)c2ccc(cc2)Br
5933539,1,CCN(CCO)c1ccc(cc1)NN=C2C=C(N=N2)C
5934,1,Cc1cccc(c1)N=Nc2ccc(cc2)N(C)C
5935610,1,CCn1c2ccc(cc2c3c1C(=NO)CCC3)Br
5956650,1,Cc1ccsc1C=C2C(=O)NC(=S)N(C2=O)C
5962919,1,c1cc(oc1)CN2C(=O)C(=CNc3ccc(cc3)C(=O)N)C(=O)NC2=O
6001017,1,CC1=NNC(=O)C1=Cc2cn(nc2c3cccs3)c4ccccc4
6018532,1,Cc1ccc(cc1)NC(=S)NN=C2c3ccccc3N(C2=O)CC=C
604599,1,CCC1CN2CCc3cc(c(cc3C2CC1CC4c5c(c6cc(ccc6[nH]5)O)CCN4)OC)OC
6047829,1,Cc1ccc(cc1)C2=NC(=CN3CCCCC3)C(=O)O2
6048314,1,Cc1cc(c(n1c2cc(cc(c2)C(=O)O)C(=O)O)C)C=C3C(=O)NC(=O)N(C3=O)c4ccc(cc4)Br
6049677,1,Cc1ccc(cc1)N2C(=O)C(=CC=CNc3ccccc3)C(=O)NC2=O
6141365,1,CCC(=C1C(=O)NC(=O)N(C1=O)CC=C)Nc2ccc(cc2)N(C)C
6145975,1,c1ccc(cc1)N=NC(=NN=C(N)N)c2ccc(cc2)Cl
6182470,1,Cc1ccccc1NC(=S)NN=C2c3cc(ccc3N(C2=O)CC=C)S(=O)(=O)N4CCOCC4
6218080,1,Cc1ccc(cc1Cl)NS(=O)(=O)c2ccc(c(c2)NN=C3C(=O)NC(=O)NC3=O)Cl
6220280,1,CC1CCN(CC1)Cc2c(ccc3c2OC(=Cc4ccco4)C3=O)O
6250726,1,CCCN1c2ccccc2C(=NNc3ccc4ccccc4n3)C1=O
6259302,1,CC(C(=O)NN=Cc1ccc(s1)[N+](=O)[O-])Nc2ccc(cc2)OC
627326,1,c1ccc2c(c1)C(=O)c3c(ccc(c3C2=O)Br)N
6283998,1,c1ccc2c(c1)c(c[nH]2)C=C3C(=O)NC(=O)N(C3=O)c4cccc(c4)F
6285343,1,c1cc(ccc1C(=O)C=Cc2ccc(c(c2)[N+](=O)[O-])N3CCCCC3)O
6287631,1,c1ccc2c(c1)cccc2C3=NC(=CNc4nccs4)C(=O)O3
6296094,1,Cc1cccc(c1)NC(=S)NN=C2c3ccccc3N(C2=O)CC=C
6296178,1,COc1ccc(cc1)NC(=S)NN=C2c3ccccc3N(C2=O)CC=C
6296179,1,COc1cccc(c1)NC(=S)NN=C2c3ccccc3N(C2=O)CC=C
6350762,1,c1ccc(cc1)CC2=CC(=CNc3ccc(cc3)N4CCOCC4)C(=O)C(=C2)[N+](=O)[O-]
6374564,1,c1cc(ccc1NN=C(C#N)C(=O)c2ccsc2)Cl
6382444,1,CCCCC(=C1C(=O)CC(C(C1=O)C(=O)OC)(C)C)Nc2ccc(cc2)N
6390760,1,c1cc2n(c(=O)c1)CC3CC2CN(C3)C=C4C(=O)OC(=N4)c5ccc(cc5)[N+](=O)[O-]
6390973,1,CCCC1=NN2C(=N)C(=Cc3cc(n(c3C)Cc4ccccc4)C)C(=O)N=C2S1
6418774,1,C1C(=O)N(C(=S)S1)NC=C2C=CC(=O)C(=C2O)O
6419962,1,c1ccc2c(c1)c3c([nH]2)C4CC5C(CCC(C5C(=O)O)O)CN4CC3
644388,1,Cn1c(cnc1NCc2cc(ccc2O)Cl)c3cccc(c3)OC
645790,1,Cc1ccn2cc(cc2c1)c3c(non3)C
646223,1,c1ccn2c(c1)nc3c(c2=O)cc(c(=N)n3CCN4CCOCC4)C(=O)NC5CCCC5
647195,1,CN(C)c1ccc(cc1)NC(=O)Nc2ccc3c(c2)nns3
647689,1,Cc1c2ccccc2oc1C(=O)Nc3ccc(cc3)N4CCOCC4
647748,1,Cc1ccccc1OCC(=O)Nc2ccc(c(c2)Cl)N3CCN(CC3)C(=O)C(C)C
648214,1,CCN(CC)c1ccc(cc1)n2cc3c(c2)n(c(=O)n(c3=O)C)C
649478,1,CC1=CC(N(c2c1cc(cc2)OC)C(=O)CNCc3ccc4c(c3)OCO4)(C)C
649614,1,Cc1c2cccc(c2[nH]c1C(=O)O)OC
650316,1,c1cc(oc1)Cn2c(cnc2SCC(=O)Nc3ccc4c(c3)OCO4)c5ccc(cc5)F
650830,1,Cc1ccc2c(c1)c(c(n2CC(Cn3c4ccccc4nn3)O)C)C
6508830,1,c1ccc2c(c1)C=CC(=O)C2=CNN3C(=O)CSC3=S
6510598,1,c1cc(cc(c1)NN=C2C=CC(=O)C(=C2)C=Nc3ccc(cc3)N4CCOCC4)C(F)(F)F
6513263,1,CCC(C)N1C(=O)C(=Cc2ccc3c(c2)CCN3CCCCl)C(=O)NC1=S
651422,1,CCCN1CCCc2c1ccc(c2)CN
652431,1,COCCCNC(=O)c1cc2c(nc3ccccn3c2=O)n(c1=N)CC=C
652457,1,CC(C)(C)OC(=O)N1CCN(CC1)c2ccc(cc2)NC(=O)Cc3c4ccccc4c(=O)n(n3)C
652469,1,c1ccc2c(c1)nc(o2)CCc3ccc(cc3)N
6525097,1,Cc1ccccc1n2c(cc(c2C)C=C(C#N)C(=O)NCC3CCCO3)C
652596,1,c1ccc2c(c1)C(OC2=O)Nc3ccc4c(c3)OCO4
652625,1,c1cc(c(cc1N)C(=O)N)N2CCCC2
6532044,1,CN1C(=O)C(=Cc2ccc(cc2)C(=O)Nc3ccc(cc3C(=O)O)O)SC1=S
653518,1,CC(C)c1ccc(cc1)CNc2ccc(cc2)N3CCOCC3
653589,1,Cc1cccn2c1nc3c(c2=O)cc(c(=N)n3C4CCCC4)C(=O)NC5CCCC5
653603,1,Cc1cccn2c1nc3c(c2=O)cc(c(=N)n3C(C)C)C(=O)NCCCOC
6537573,1,CC1=NOC(=O)C1=Cc2ccc(o2)c3ccc(c(c3)C(=O)O)Cl
6537751,1,c1ccc2c(c1)C=CC(=O)C2=CNc3ccc(cc3)N4CCOCC4
653855,1,Cc1ccc2c(c1S(=O)(=O)Nc3cccc4c3nsn4)nsn2
656296,1,Cc1cccn2c1nc3c(c2=O)cc(c(=N)n3CCN4CCOCC4)C#N
657423,1,CN1CCC2(CC1)C3CN(CC=C3C(=C(C2(C#N)C#N)N)C#N)C
657462,1,Cn1c2ccc3c(c2cc1c4ccccc4)no[n+]3[O-]
65752,1,c1ccc2c(c1)c3c([nH]2)-c4nc5ccccc5c(=O)n4CC3
657691,1,CCN1CC=C2C(C1)C(C(C(=C2C#N)N)(C#N)C#N)c3cccc(c3OC)OC
658322,1,CCOC(=O)COn1c2ccccc2[n+](c(c1=O)c3cccs3)[O-]
659336,1,Cc1c(c2ccccc2[nH]1)C(CN3CCN(CC3)c4cccc(c4)C(F)(F)F)O
659537,1,CN(C)c1ccc(cc1)NC(=O)c2c(nc(s2)SCC(=O)Nc3nccs3)N
6603289,1,CN1CCc2c(c3ccccc3n2Cc4ccccc4)C1
6603437,1,COc1ccc(cc1)N2CCN(CC2)C(c3cccc(c3OC)OC)c4nnnn4C5CCCC5
6603501,1,CC(=O)N1CCN(CC1)c2ccc(cc2)Nc3c4c(c5ccccc5o4)ncn3
6603603,1,CCc1nc2c3ccccc3oc2c(n1)Nc4ccc(cc4)N5CCN(CC5)C(=O)C
660368,1,CCNC(=O)c1cc2c(nc3c(cccn3c2=O)C)n(c1=N)CCc4ccccc4
6604161,1,c1ccc2c(c1)C(=O)c3c(cc(c(c3C2=O)N)S(=O)(=O)O)Nc4ccc(c(c4)S(=O)(=O)O)Nc5nc(nc(n5)Cl)Nc6ccc(cc6)S(=O)(=O)O
660579,1,c1ccc2c(c1)n(c(=O)c([n+]2[O-])c3ccc(cc3)Cl)O
66069,1,CN(C)CCCN1c2ccccc2Sc3c1cc(cc3)C(F)(F)F
660702,1,Cc1ccc2c(c1)c3c([nH]2)CCN(C3)C(=O)CN4CC(OC(C4)C)C
660794,1,CCN(CC)c1ccc(c(c1)O)C2Nc3cccc4c3c(ccc4)N2
661049,1,CCn1c(=N)c(cc2c1nc3c(cccn3c2=O)C)C(=O)NCCCOC
6614993,1,C1C(=O)N(C(=S)S1)NC=C2C=CC(=O)C(=C2)[N+](=O)[O-]
661575,1,c1ccc(cc1)CNC(=O)c2cc3c(nc4ccccn4c3=O)n(c2=N)Cc5ccco5
661808,1,c1cc(ncc1Br)NCc2cc(cc(c2O)Cl)Cl
661867,1,Cc1ccc(cc1)CNC(=O)c2cc3c(nc4ccccn4c3=O)n(c2=N)Cc5ccco5
662147,1,CCOC(=O)c1cnc(nc1Nc2ccc(cc2)N(C)C)n3c(cc(n3)C)C
662568,1,CN1CCN(CC1)c2ccc(cc2)NC(=O)c3cc4ccccc4cc3OC
662622,1,CC(C)C1C2C(C(=O)N(C2=O)c3ccc(cc3)F)C4(N1)C(=O)c5ccccc5C4=O
662796,1,Cc1cccn2c1nc3c(c2=O)cc(c(=NC(=O)c4ccncc4)n3CCCOC)C#N
663304,1,Cc1cccn2c1nc3c(c2=O)cc(c(=NC(=O)c4ccccc4)n3Cc5ccco5)C#N
663493,1,CCCn1c(=N)c(cc2c1nc3c(cccn3c2=O)C)C(=O)NCc4ccc5c(c4)OCO5
663848,1,Cc1c(c2ccccc2n1C)C(CN3CCN(CC3)Cc4ccc5c(c4)OCO5)O
663961,1,CCCCNC(=O)c1cc2c(nc3c(cccn3c2=O)C)n(c1=N)Cc4ccccc4
664432,1,Cc1cccn2c1nc3c(c2=O)cc(c(=N)n3Cc4ccncc4)C(=O)NC(C)C
664440,1,CCOC(=O)c1cc2c(nc3c(cccn3c2=O)C)n(c1=NC(=O)c4cccnc4)Cc5ccco5
664695,1,CCCCNC(=O)c1cc2c(nc3c(cccn3c2=O)C)n(c1=N)CCN4CCOCC4
664705,1,CCN(CC(=O)Nc1c2cc(ccc2[nH]c1C(=O)OC)Cl)c3ccc4c(c3)OCO4
664885,1,Cc1cccn2c1nc3c(c2=O)cc(c(=NC(=O)c4ccncc4)n3CCCOC(C)C)C#N
665448,1,CCCCn1c2c(cc(c1=NC(=O)c3ccc4c(c3)OCO4)C#N)c(=O)n5cccc(c5n2)C
665803,1,Cc1ccc(cc1C)S(=O)(=O)c2cc3c(nc4ccccn4c3=O)n(c2=N)Cc5ccco5
665934,1,Cc1ccc2nc3c(cc(c(=O)n3c4nccs4)C#N)c(=O)n2c1
665938,1,Cc1cc(no1)n2c3c(cc(c2=O)C#N)c(=O)n4ccccc4n3
666375,1,c1ccn2c(c1)nc3c(c2=O)cc(c(=O)n3CCCN4CCOCC4)C#N
666419,1,Cc1ccc(cc1Cl)Nc2nc(nc(n2)N)CN3CCN(CC3)c4ccc(cc4)OC
666486,1,c1ccn2c(c1)nc3c(c2=O)cc(c(=N)n3Cc4ccc(cc4)Cl)C(=O)NCc5ccco5
666736,1,Cc1ccc(cc1)N2CN3C(=O)CC(C(=C3SC2)C#N)c4cc(c(cc4OC)OC)OC
666809,1,CCCn1cnc2c1ccc(c2)NCc3cccc(c3O)OC
667173,1,COc1ccc(cc1)N2CN3C(=O)CC(C(=C3SC2)C#N)c4cccs4
668692,1,c1cc(oc1)C=CC(=O)Nc2ccc(cc2)N3CCCC3
6702,1,Cc1ccc2c(c1N)C(=O)c3ccccc3C2=O
678138,1,CCN(CC)c1ccc(cc1)C=C2C(=O)NC(=S)NC2=O
6870349,1,c1ccc(cc1)C=CC(=O)C=C2C(=O)Oc3ccccc3N2
6875061,1,CCn1c(c(c(n1)C)C=NNC(=O)c2ccc3c(c2)c(c(n3Cc4ccccc4)C)C)C
6876357,1,Cc1cccc(c1n2c(cc(c2C)C=NNC(=S)N)C)C
6878229,1,Cc1c2cc(ccc2[nH]c1C(=O)NN=Cc3ccc(cc3)Cl)Cl
6888997,1,c1ccc(cc1)NC(=O)NN=Cc2cccn2c3cccc(c3)C(=O)O
6890368,1,COc1ccc(cc1)c2c(cn(n2)c3ccccc3)C=NN4C(=O)CSC4=S
6891819,1,c1ccc2c(c1)nc(s2)NN=Cc3cccn3CCOc4ccccc4Cl
6895079,1,c1ccc(cc1)C2=CC(=CNc3ccccc3)C(=S)O2
694212,1,Cn1c(=O)c(c(nc1SC)c2ccc(cc2)N(C)C)C#N
6974998,1,Cc1ccccc1NC2=NC(=O)C(=Cc3cccn3C)S2
699724,1,Cc1ccc(o1)C=C2C(=NOC2=O)c3ccccc3
704601,1,CN(C)c1ccc(cc1)Nc2nc(cs2)c3cccnc3
706391,1,C=CCn1c(=N)c(cc2c1nc3ccccn3c2=O)C#N
710241,1,Cc1ccc(o1)C=C2C(=O)NC(=S)N(C2=O)c3cccc(c3)OC
7111584,1,Cc1ccc2cccc(c2n1)NC=C3C(=NN(C3=O)c4ccccc4)C
7120,1,CCN(CC)c1ccc(cc1)N
712366,1,CCN(CC)c1ccc(o1)C=C2C(=O)N(C(=S)N(C2=O)C)C
717001,1,Cc1c([nH]c2c1cc(cc2)C(=O)N3CCCCC3)C
7198037,1,CC(C)c1ccc(cc1)C=C2C(=O)c3ccc(c(c3O2)CN4CCN(CC4)C)O
7198052,1,Cc1ccc(cc1)C=C2C(=O)c3ccc(c(c3O2)CN4CCN(CC4)CCO)O
7230794,1,Cc1ccnc(c1)NC=C2C(=O)OC(=N2)c3ccccc3Br
723732,1,CN(C)c1ccc(cc1)NC(=O)C=Cc2ccccc2Cl
7256065,1,Cc1cc(c(n1c2ccccc2)C)C=NNc3ccc(cn3)[N+](=O)[O-]
7303054,1,CCOc1c(cc(cc1Br)C=C2C(=NN(C2=O)CCC#N)C)OC
730430,1,CCN(CC)c1ccc(cc1)NC(=S)Nc2ccc(cc2)F
7309526,1,Cc1ccc(cc1)N2CCN(CC2)c3ccc(cc3)NCc4nc5ccccc5n4C
7313810,1,Cc1cc(n2c(n1)c(c(=O)[nH]2)N=Nc3ccc(cc3)S(=O)(=O)N)C
7341556,1,CN1C(=O)C(=Cc2cccn2c3ccc4ccccc4c3)C(=O)NC1=S
7370799,1,CC1=NN(C(=O)C1=CNc2cccc3c2nccc3)c4ccccc4
737253,1,CN1CCN(CC1)c2ccc(cc2)N
738269,1,CCN(CC)c1ccc(cc1)NC(=O)c2ccc(o2)Br
739340,1,CCN(CC)c1ccc(cc1)NC(=S)NC(=O)c2ccco2
740387,1,CCN(CC)c1ccc(cc1)NC2=c3ccccc3=NC2=O
7404199,1,COc1ccc(cc1F)COC(=O)c2cc(ccc2N3CCOCC3)[N+](=O)[O-]
7404291,1,CSc1ccc(cc1)COC(=O)c2cc(ccc2N3CCOCC3)[N+](=O)[O-]
7409168,1,c1cc(ccc1NC(=O)c2cnccn2)N3CCOCC3
745143,1,CCOc1cc(ccc1OCc2ccccc2)C=C3C(=NOC3=O)C
7461210,1,CCC(=C1C(=O)NC(=O)N(C1=O)Cc2ccccc2)NNC(=O)c3ccccc3O
7505581,1,c1ccc(cc1)C(=O)NNC=C2C(=O)NC(=O)N(C2=O)CCC3=CCCCC3
750944,1,Cc1cccn2c1nc3c(c2=O)cc(c(=N)n3C(C)C)C(=O)NC
750947,1,c1ccn2c(c1)nc3c(c2=O)cc(c(=N)n3CCCn4ccnc4)C#N
753627,1,COc1cccc(c1O)CNc2cccc3c2nccc3
755971,1,CCOc1ccc(cc1)CNc2ccc(cc2)N3CCCC3
766190,1,c1ccc2c(c1)c3c([nH]2)CN(CC3)Cc4ccc(c(c4)Cl)Cl
772865,1,c1cc(oc1)C(=O)Nc2ccc(c(c2)Cl)N3CCCC3
77390,1,CN(C)c1ccc(cc1)N=Nc2nc3ccc(cc3s2)OC
774956,1,c1cc(ccc1NC(=O)c2ccc(o2)[N+](=O)[O-])N3CCCCC3
776411,1,CN(C)C=C1C=C2C(=O)c3ccccc3N2C1=O
778626,1,Cc1ccc-2n1CCn3c2cc(c3)C
781698,1,CN(C)c1ccc(cc1)N=Cc2ccco2
783828,1,COc1ccc(cc1)NCc2ccc(s2)[N+](=O)[O-]
784224,1,Cc1ccc(cc1)CNc2ccc3c(c2)OCO3
784440,1,Cc1ccc(c(c1)C)CNc2ccc3c(c2)OCO3
787426,1,Cn1c2ccccc2nc1NCc3ccc(cc3O)OC
7892717,1,c1ccc(cc1)N2CCN(CC2)C(=O)c3cc(ccc3N4CCOCC4)[N+](=O)[O-]
791940,1,c1ccc2c(c1)c3c([nH]2)CN(CC3)Cc4cccc(c4Cl)Cl
792581,1,Cc1ccc(cc1)n2c(c(c3c2c(c(cc3)O)CN(C)C)[N+](=O)[O-])C
794101,1,Cc1ccc(c2c1nsn2)C=[N+](c3ccc(cc3)N(C)C)[O-]
794172,1,CCN(CC)c1ccc(cc1)N=Cc2ccccc2[N+](=O)[O-]
795858,1,c1cc(ccc1NC(=O)CCl)N2CCCCCC2
797033,1,Cn1c2ccccc2nc1CNc3ccc(cc3)OC
797253,1,CN(C)c1ccc(cc1)NC(=S)c2ccc3ccccc3n2
7997202,1,CN(C)c1ccc(cc1)CNc2c3ccsc3ncn2
8034531,1,Cc1c([nH]c2c1cc(cc2)C(=O)N3CCN(CC3)c4ccccc4OC)C
8057369,1,Cc1cc(c(c2c1C(=O)C(=Cc3ccco3)O2)CN(C)C)O
806954,1,c1cc(sc1)C(=O)Nc2ccc(c(c2)Cl)N3CCCC3
807479,1,CC(C)Oc1ccc(cc1)C(=O)Nc2ccc(cc2)N3CCCC3
821135,1,CCOn1c2ccccc2[n+](c(c1=O)c3cccs3)[O-]
822271,1,c1ccc(c(c1)C(=O)Nc2ccc(cc2)N3CCCC3)F
829359,1,COc1ccc(cc1)N2Cc3ccccc3C2=O
831892,1,CCn1c(c(c2c1ccc(c2)C(=O)Nc3cccc(c3)Cl)C)C
834154,1,CN1CCN(CC1)c2ccc(cc2)NC(=O)c3cc4ccccc4o3
834537,1,CCn1c(nnn1)NCc2ccc(cc2)N3CCCC3
838386,1,Cn1c2ccccc2sc1=Nc3ccc(cc3)N(C)C
840025,1,CCOC(=O)c1c(c(sc1N)N)C(=O)OCC
840796,1,CC1(CC(=O)C(=NNc2ccc(cc2OC)OC)C(=O)C1)C
846401,1,CCOC(=O)c1c(c(sc1N)C(=O)Nc2ccc3c(c2)OCO3)C
866273,1,Cn1cnc2c1ccc(c2)NCc3ccc(cc3)N(C)C
867712,1,Cc1ccc(cc1)C=CC(=O)C2C(=O)c3ccccc3C2=O
869080,1,CCOc1ccc(cc1)NC(=C2C(=O)c3ccccc3C2=O)C
873296,1,c1cc(oc1)C=CC=C2C(=O)NC(=O)N(C2=O)Cc3ccc(cc3)F
87372,1,COc1ccc2c(c1)c3c([nH]2)C(=O)NCC3
8742541,1,C=CCN1c2ccccc2C(=NNC(=S)Nc3ccccc3F)C1=O
8749,1,CN(C)c1ccc(cc1)N=O
876661,1,c1ccc(cc1)CC(=O)Nc2ccc(cc2)N3CCCCC3
878060,1,Cc1cc(c(n1c2ccccc2)C)C=C3C(=O)c4ccccc4C3=O
885979,1,CN(C)c1ccc(cc1)NC(=O)CCCc2ccccc2
889692,1,CCCn1c2ccccc2nc1NCc3cccc(c3O)CC=C
889983,1,Cc1ccc(cc1)n2c(c(sc2=S)C(=O)N3CCN(CC3)C)N
892164,1,COc1ccccc1CNc2ccc(cc2)N3CCCCC3
896019,1,CN(C)c1ccc(cc1)NC(=O)C=Cc2c(cccc2Cl)Cl
900249,1,CCN(CC)c1ccc(o1)C=C2C(=O)NC(=S)N(C2=O)C
901745,1,CCN1C(=O)C(=CC=Cc2ccco2)C(=O)N(C1=S)CC
9123027,1,c1ccc(cc1)c2c(c(=O)nc([nH]2)SCc3ccc(cc3)Cl)C#N
9123090,1,CCCOc1ccc(cc1OC)c2c(c(=O)nc([nH]2)SCc3ccccc3)C#N
912405,1,CN(C)c1ccc(cc1)NC(=O)c2cccc(c2OC)OC
912709,1,CN(C)c1ccc(cc1)NC(=O)c2cc(c(cc2OC)OC)OC
917009,1,CCOc1cc(ccc1O)C=C2C(=O)N=C(S2)N3CCCCC3
917172,1,CCN1C(=O)C(=Cc2ccc(s2)C)C(=O)N(C1=S)CC
923710,1,Cc1cc(cc(c1)C(=O)Nc2ccc(cc2)N3CCCC3)C
925699,1,CN1CCN(CC1)c2ccc(cc2)NC(=O)c3ccc4ccccc4c3
9329256,1,c1cc([nH]c1)C(=O)Nc2ccc(cc2)N3CCCCCC3
9462373,1,CCN1CCN(CC1)c2ccc(cc2C)NC(=O)c3cc4ccccc4cc3OC
950852,1,c1cc2cccnc2c(c1)NCc3cc(ccc3O)Cl
951071,1,CCOn1c2ccccc2[n+](c(c1=O)c3cc4ccccc4o3)[O-]
9516,1,CN(C)c1ccc(cc1)N=Nc2cccc(c2)F
952853,1,CCN(CC)c1ccc(c(c1)C)NC(=O)c2cc(cc(c2)OC)OC
9549490,1,c1cc(ccc1N)Nc2nc(cs2)c3ccncc3
9550331,1,CC1=NOC(=O)C1=Cc2ccc(o2)c3cccc(c3)Cl
9550551,1,CC1CC(CN(C1)C(=O)c2ccc3c(c2NCCO)C(=O)c4ccccc4C3=O)C
9550569,1,Cc1ccc(cc1)n2c3c(cc(c2=O)C#N)c(=O)n4cccc(c4n3)C
9550740,1,CCN1CCN(CC1)c2ccc(cc2)NC(=O)CCc3c(nc4c(c(nn4c3C)C)c5ccccc5)C
9551497,1,CC(C)(C)C1CC(=Cc2cccn2C)C(=O)C(=Cc3cccn3C)C1
9551685,1,CCCCC[n+]1ccn(c1)C2=C(c3ccccc3C(=O)C2=NS(=O)(=O)c4ccccc4)O
9551686,1,CCCC[n+]1ccn(c1)C2=C(c3ccccc3C(=O)C2=NS(=O)(=O)c4ccccc4)O
9551963,1,CC1(N=C(N=C(N1c2ccc(cc2)OC)N)N)C
9590709,1,CC(=NNC(=O)c1ccc(cc1)Br)C2C(=O)c3ccccc3C2=O
9590822,1,CC(=NNC(=O)c1ccc(cc1)c2ccccc2)C3C(=O)c4ccccc4C3=O
9593248,1,CC(=CCN1c2ccc(cc2C(=NNC(=S)N)C1=O)Br)Cl
9594270,1,CN1CCN(CC1)N=Cc2ccc(o2)c3ccc(cc3)[N+](=O)[O-]
960678,1,c1ccc(cc1)CC(=O)Nc2ccc(cc2)N3CCCC3
960705,1,Cc1cc(cc(c1)OCC(=O)Nc2ccc(cc2)N3CCCC3)C
9609431,1,Cc1cc(c(c(c1)C)S(=O)(=O)N=C2C=C(C(=O)c3c2cccc3)Nc4ccc(cc4)C(=O)O)C
963286,1,Cc1cc(ccc1C=C(C#N)C#N)N2CCCC2
9652508,1,Cc1cc(c(n1c2ccc(cc2)F)C)C(=O)NN=C3CC(=O)c4c3cccc4
9653188,1,Cc1cc(c(n1c2ccccc2F)C)C=NNc3c(cnc(n3)N)[N+](=O)[O-]
9702565,1,Cc1cc(=O)nc([nH]1)NN=Cc2cc(n(c2C)c3ccccc3)C
970640,1,CCN(CC)c1ccc(cc1)NC(=O)Nc2cccc(c2)C(=O)C
970687,1,CN(C)c1ccc(cc1)NC(=O)Nc2ccc(cc2)OC
97205,1,c1ccc(c(c1)N=Nc2ccc(nc2N)N)Cl
974021,1,CCn1cc(c(=O)c2c1nc(cc2)C)C(=O)OCc3ccc(cc3)F
976709,1,c1cc(ccc1NC(=O)c2cnsn2)N3CCOCC3
976943,1,c1ccc(c(c1)C(=O)Nc2ccc(cc2)N3CCCCCC3)Cl
976954,1,Cc1ccccc1C(=O)Nc2ccc(cc2)N3CCCCCC3
979664,1,CCOc1cc(cc(c1OC)Cl)CNc2ccc(cc2)N3CCCC3
979677,1,CCOc1c(cc(cc1Br)CNc2ccc3c(c2)OCCO3)OC
979678,1,CCOc1cc(cc(c1OCC)Br)CNc2ccc3c(c2)OCCO3
980180,1,CCCC(=O)Nc1ccc2c(c1)sc(n2)SCC(=O)Nc3ccc(c(c3)Cl)N4CCOCC4
988603,1,Cc1ccc(cc1)S(=O)(=O)N2c3ccc(cc3C(=CC2(C)C)C)OC
994244,1,CCOc1ccc2c(c1)-c3c(sn(c3=S)c4ccc(c(c4)OC)OC)C(N2)(C)C
1048471,0,CC(C)C(=O)N1CCN(CC1)c2ccc(cc2)NC(=O)c3ccc(o3)Br
1073145,0,CCn1cc(c(=O)c2c1nc(cc2)C)C(=O)NCc3ccc(cc3)OC
1079731,0,CCc1nnc(s1)NS(=O)(=O)c2ccc(cc2)NCc3ccccc3O
1080139,0,Cc1ccc(cc1)NC(=O)c2cc(ccc2N3CCCCC3)N4C(=O)CCC4=O
1082728,0,COc1ccccc1C(=O)Nc2c(c(cs2)c3ccc(c(c3)OC)OC)C(=O)O
1083051,0,CN(C)c1ccc(cc1)NC(=O)CSc2nc([nH]n2)c3ccncc3
1085986,0,CC(=O)N1CCN(CC1)c2ccc(cc2)NC(=O)c3cccc(c3Cl)Cl
1087162,0,Cc1ccc(cc1)C(=O)Nc2ccc(cc2)N3CCN(CC3)S(=O)(=O)C
1087190,0,Cc1ccc(cc1C)OCC(=O)Nc2ccc(cc2)N3CCN(CC3)S(=O)(=O)C
1088834,0,c1cc(oc1)C(=O)Nc2ccc(cc2)N3CCN(CC3)C(=O)c4cccs4
1090937,0,Cc1ccc(cc1)c2nnc(o2)SCC(=O)Nc3ccc(cc3)N4CCOCC4
1111674,0,Cc1nc2cc(ccc2n1Cc3ccccc3)NCc4cc(ccc4O)[N+](=O)[O-]
1114483,0,CC(=O)Nc1ccc(c(c1)Cl)N2CCOCC2
1123806,0,COc1ccc(cc1)N(CC(=O)O)S(=O)(=O)c2ccc(c(c2)OC)OC
1124518,0,CCOC(=O)c1c(n(c2c1c(c(c(c2)Br)O)CN(C)C)C)CN3CCOCC3
1127287,0,CC(=O)N(C(=O)C)S(=O)(=O)c1ccc(cc1)N=NN2CCOCC2
1129552,0,Cc1ccc(cc1)S(=O)(=O)N(CC(=O)NCc2ccco2)c3ccc(c(c3)OC)OC
1143022,0,COc1ccc(cc1)N(CC(=O)N2CCN(CC2)Cc3ccccc3)S(=O)(=O)C
1152873,0,COc1ccc(cc1)N2CCN(CC2)S(=O)(=O)c3ccc4c(c3)OCCO4
1169916,0,Cn1c(cnc1SCC(=O)NNC(=O)Cc2ccccc2)c3ccc(cc3)F
11842130,0,Cc1ccc(cc1)N2CCN(CC2)C(=O)c3ccccc3NC(=O)C4CCCCC4C(=O)O
11949121_11949109,0,CN1CCN(CC1)c2ccc(cc2)CN3C4CC(CCC4CC3C(=O)OC)O
11957145,0,CC1=NN(C(=O)C1=CNC23CN4CN(C2)CN(C3)C4)c5cccc(c5)Cl
11957157,0,CC(=C1C(=O)NC(=O)N(C1=O)CC=C)NCCO
11958856,0,CCOC1=NN(C(=O)C1=CNc2ccc(cc2)C)c3ccc(cc3)Cl
12004698,0,CC1=NN(C(=O)C1=CNc2ccc(cc2)S(=O)(=O)N3CCOCC3)c4c(cc(cc4Cl)Cl)Cl
12005253,0,Cc1ccc(c(c1)N2CCN(CC2)c3ccc(cc3[N+](=O)[O-])N4C(=O)COCC4=O)C
12005444,0,Cc1c([n+](on1)[O-])COc2ccc(cc2OC)C=C3C(=O)OC(=N3)c4ccccc4
1203819,0,CC(=O)N1CCN(CC1)c2ccc(cc2)NC(=O)c3ccc(cc3)[N+](=O)[O-]
1203823,0,CC(=O)N1CCN(CC1)c2ccc(cc2)NC(=O)c3ccc(cc3Cl)[N+](=O)[O-]
1206967,0,CCOC(=O)COc1ccc2c(c1)c(c(n2c3ccccc3)C)C(=O)C
1223366,0,CCOC(=O)c1c(csc1NC(=O)c2cccc(c2)N3C(=O)CCC3=O)c4ccc(cc4)C
1225107,0,c1cc(c(cc1Cl)Cl)C=C2C(=O)N=C(S2)N
1228961,0,COc1ccc(cc1Cl)C=C2C(=O)N=C(S2)N
1241231,0,CCOc1cc(c(cc1N2CCOCC2)OCC)NC(=O)C(C)(C)C
1243823,0,CCOc1cc(ccc1OC(=O)C)C=C2C(=O)OC(=N2)c3ccc4c(c3)OCO4
1252104,0,CC1CCN(CC1)C(=O)CN(c2ccc3c(c2)OCO3)S(=O)(=O)C
1258580,0,c1cc(ccc1NC(=O)CN2c3cc(ccc3OCC2=O)Cl)N4CCOCC4
1271426,0,Cc1ccc(cc1)S(=O)(=O)c2cc(ccc2O)NS(=O)(=O)c3ccc(cc3)C
1282636,0,CCOC(=O)c1ccc(cc1)NC=C2C(=O)OC3(CCCCC3)OC2=O
1288557,0,c1ccc2c(c1)n(c(=O)c([n+]2[O-])c3ccc(cc3)Cl)OCc4ccccn4
1290529,0,CCOc1ccc(cc1[N+](=O)[O-])C(=O)Nc2ccc(cc2)N3CCN(CC3)S(=O)(=O)C
1297050,0,Cc1c(cccc1[N+](=O)[O-])NC(=O)CN(c2ccc(c(c2)OC)OC)S(=O)(=O)C
1304727,0,CCn1c(cc(c1C)C=C2C(=O)NC(=O)N(C2=O)c3ccccc3C)C
1315954,0,COC(=O)c1ccc(cc1)C=C2C(=O)N(C(=S)S2)CCCC(=O)N3CCOCC3
1315988,0,COc1ccc(cc1OC)C=C2C(=O)N(C(=S)S2)CCCC(=O)N3CCOCC3
1324165,0,CCc1cc2c(=O)c(c(oc2c(c1O)CN(C)C)C(F)(F)F)c3cnn(c3)c4ccccc4
1331110,0,CCOC(=O)C1CCN(CC1)C=C2C(=O)NC(=S)N(C2=O)c3ccccc3F
1335064,0,CCc1ccc(cc1)C=C2C(=O)N(C(=S)S2)CCCC(=O)N3CCCC3
1335092,0,CCc1ccc(cc1)C=C2C(=O)N(C(=S)S2)CCCC(=O)Nc3cccc(c3)C(=O)O
1344232,0,COc1ccc(cc1OC)C=C2C(=O)N(C(=S)S2)CCC(=O)N3CCOCC3
1362654,0,c1ccc(cc1)OCC(=O)Nc2ccc(cc2)N3CCCCC3
1366454,0,Cc1cccc(n1)n2c(nc3ccccc3c2=O)CN4C(=O)c5ccccc5C4=O
1368971,0,CC(=C1C(=O)N=C(S1)N2CCOCC2)c3ccc(cc3)Br
1371119,0,c1ccc(cc1)C=C2C(=O)N(C(=S)S2)CCC(=O)Nc3ccccn3
1394419,0,c1ccc(cc1)COn2c3ccccc3[n+](c(c2=O)c4ccc(cc4)Br)[O-]
1396331,0,c1cc(ccc1C=C2C(=O)N(C(=S)S2)CCCC(=O)Nc3ccc(cc3)C(=O)O)F
1402281,0,c1ccc(c(c1)CN2CCc3c2ccc(c3)C=C4C(=O)NC(=O)N(C4=O)c5ccc(cc5)Cl)Cl
1433555,0,COc1ccc(cc1)N2CCN(CC2)C(=O)Cn3cnc4c(c3=O)cnn4c5ccccc5
14415827,0,c1ccc2c(c1)c3c(n2CC(CN4CCOCC4)O)CCCC3
1445713,0,c1cc(sc1)C(=O)Nc2ccc(cc2)N3CCN(CC3)C(=O)C4CC4
1448336,0,CC(=O)c1cc2c(cc1NS(=O)(=O)c3cccc(c3)C(=O)O)OCO2
14589831,0,Cn1c2ccccc2c3c1C4CC=C(C(C3)N4C)CO
1470573,0,COc1ccc(cc1)N2CCN(CC2)C(=O)CSc3nnc(s3)NC(=O)C4CC4
1474325,0,COc1ccnc(c1C#N)n2cccc2C=O
1475958,0,c1cn(c(=O)nc1N)c2c(cc(cn2)C(F)(F)F)Cl
1480736,0,Cc1ccc(cc1)C(=O)NCc2ccc(cc2)N3CCN(CC3)C(=O)OC(C)(C)C
1503091,0,c1ccn(c1)c2ccc(cc2)c3nc(on3)Cc4cccs4
1504464,0,Cc1cc(nc2c1ccc3c2n(c(c3C)C)C)C
1511880,0,COc1cccc(c1)c2c(c(nc3c2c(=O)nc4n3ccs4)N)C#N
1547835,0,COc1ccc2c(c1)S(=O)(=O)c3ccccc3N2
1547997,0,c1ccc(c(c1)C(=O)NCCc2c3cc(ccc3[nH]c2C(=O)O)F)C(=O)O
1555968,0,Cc1ccc(cc1)S(=O)(=O)NN2C(=O)C(=Cc3ccc(cc3)F)SC2=S
1556975,0,c1ccc(cc1)NC(=O)CCN2C(=O)C(=Cc3ccc(cc3)F)SC2=S
1560861,0,COc1cc(cc(c1OC)OC)C=C2C(=O)N(C(=S)S2)CC(=O)NC3=NCCS3
1564989,0,CCc1ccc(cc1)OCCCC(=O)Nc2ccc(cc2)N3CCOCC3
1568335,0,COCCNC(=O)c1ccc(cc1)C(=O)C(=O)c2ccccc2
1568981,0,COc1ccc(cc1)OCCCC(=O)Nc2ccc(cc2)N3CCOCC3
1573008,0,Cc1ccc(cc1)c2c(=O)n(c3ccccc3[n+]2[O-])OCC=C
1575160,0,Cc1cccc(c1C)OCCCC(=O)Nc2ccc(cc2)N3CCCCC3
1582243,0,Cc1ccc(cc1C)N2C(=O)C(=CC(=O)OC)N=C2Nc3nc(cc(n3)C)C
15945594,0,CC1(C(=O)c2ccccc2C1=O)N3CCOCC3
1597494,0,C=CCOn1c2ccccc2[n+](c(c1=O)c3ccc(cc3)F)[O-]
15992260,0,Cn1c2ccccc2c(c1C(=O)O)CC(=O)N(C)c3ccc(cc3OC)OC
16017980,0,CCCCNC(=O)CCn1c2cc(ccc2n3cccc3c1=O)F
16018526,0,Cc1cc2c(cc1S(=O)(=O)NCc3ccc(cc3)N(C)C)OCC(=O)N2
16027114,0,Cc1c(cc2c(n1)ccn(c2=O)Cc3ccccc3)C(=O)N4CCN(CC4)c5ccc(cc5)OC
16029779,0,COc1ccc(cc1)N2CCN(CC2)S(=O)(=O)CCNC(=O)COc3cccc(c3)OC
1603781,0,Cc1cccc(c1)NC2=NC(=O)C(=Cc3cccnc3)S2
1608595,0,c1cc2c(cc1C(=O)NCCCO)c3c([nH]2)CCCC3
1613195,0,Cc1ccc(cc1)NC(=O)CN2C(=O)C(=Cc3cccs3)SC2=S
1614390,0,CN1CCN(CC1)C2=NC(=O)C(=Cc3cn[nH]c3c4ccccc4)S2
16187600,0,CC(C)(C)C1c2c(c3ccccc3[nH]2)CCN1C(=O)CCOC
16187706,0,COc1cccc(c1O)CN2CCCC(C2)C(=O)c3ccccc3SC
16187905,0,CCOc1cccc(c1O)CN2CCN(C(C2)CCO)CCc3ccccc3
16188059,0,COc1ccc(c(c1)CN2CCN(C(C2)CCO)CCc3ccccc3)O
16188458,0,Cc1c(c(=O)[nH]c(=O)[nH]1)S(=O)(=O)N(CC(=O)NCCc2ccc(cc2)Cl)c3ccc(cc3)OC
16188577,0,Cc1ccc(cc1)CN2CCN(CC2CCO)Cc3cccn3c4ccccn4
16188775,0,Cc1ccc2c(c1)c(c([nH]2)C3CC4CN(C(=O)C45N3CCC5)Cc6ccccc6OC)C
16188855,0,Cc1c(n(c2c1cccc2)CC(CN(CCO)CCO)O)C
16189113,0,c1ccnc(c1)n2cccc2CN3CCN(C(C3)CCO)C4CCCC4
16190070,0,Cc1c(cn(n1)C)CN2CCc3c4ccccc4[nH]c3C2c5ccc(c(c5)OC)F
16191023,0,Cc1c2cc(ccc2[nH]c1CN3CCN(C(C3)CCO)CCC(C)C)OC
16191227,0,CC(C)CCN1CCN(CC1CCO)Cc2cccn2c3ccccn3
16192621,0,c1ccnc(c1)Cc2ccc(cc2)N
16193851,0,COC(=O)c1cccnc1n2c(=O)c3cccnc3n(c2=O)Cc4cccc(c4)C(F)(F)F
16194041,0,CN(C)c1ccc(cc1)CNC(=O)C2CCC(CC2)CNc3c(c(=O)c3=O)N4CCCCC4
16194414,0,Cc1c(c(n[nH]1)C)S(=O)(=O)N2CCCC(C2)C(=O)NCCCN3CCN(CC3)c4ccc(cc4)OC
16194447,0,CC1=NN(C(=O)C1=CNCCc2ccc(c(c2)OC)OC)c3ccc(cc3)[N+](=O)[O-]
16194524,0,c1ccc(c(c1)CNn2c(=O)c3ccccc3nc2c4ccc(cc4)F)O
16194557,0,Cn1c2ccccc2c(c1C(=O)O)CC(=O)N(C)c3ccc(cc3)F
16194664,0,COc1ccc(cc1)N2CC(CC2=O)NC(=O)Nc3ccccc3
16195243,0,c1cc(cnc1)CNC=C2C=NNC2=O
16195256,0,CCOC1=NN(C(=O)C1=CNc2ccc(cc2)OC)c3ccccc3
16195329,0,Cc1c(c(no1)c2ccccc2)C3=NC(=Cc4ccc(c(c4)OC)OC(=O)C)C(=O)O3
16195903,0,c1ccc(cc1)C=C2CCC(=C3NCCN3C4CC(=O)N(C4=O)c5ccccc5)C2=O
16233329,0,Cc1ccccc1OCC(=O)NNC(=O)C2CC(=O)N(C2)c3ccc4c(c3)OCCO4
16235925,0,Cn1cccc1C=NNC(=O)C23CC4CC(C2)CC(C4)C3
16250317,0,COc1ccc(cc1)N2CCN(CC2)C(=O)c3ccc(c(c3)S(=O)(=O)N4CCOCC4)Cl
16274761,0,CN(CC(=O)Nc1ccc(cc1)N2CCOCC2)C(=O)c3ccc(cc3)CS(=O)(=O)C
16275216,0,CN(c1ccc(cc1)OCC(=O)OCC(=O)Nc2ccc(cc2)OC(F)F)S(=O)(=O)c3cccs3
16280035,0,CCOc1cc(c(cc1N2CCOCC2)OCC)NS(=O)(=O)c3ccc4c(c3)CC(=O)N4
16283189,0,CCOc1cc(c(cc1N2CCOCC2)OCC)NC(=O)COC(=O)CCn3c(csc3=O)C
16288741,0,c1cc(ccc1CCNC(=O)COC(=O)c2cc(ccc2N3CCOCC3)[N+](=O)[O-])S(=O)(=O)N
16298285,0,c1cc(cc(c1)S(=O)(=O)N2CCOCC2)NC(=O)C3CC(=O)N(C3)c4ccc5c(c4)OCCO5
16300191,0,CC(c1nnc(o1)SCC(=O)Nc2ccc(cc2)N3CCOCC3)Oc4ccccc4F
16310916,0,CCOc1cc(c(cc1N2CCOCC2)OCC)NC(=O)CSc3[nH]c(cc(=O)n3)N
16312684,0,Cc1cc(c(n1c2cc(ccc2N3CCCC3)S(=O)(=O)N4CCOCC4)C)CNC
16312713,0,CCN1CCN(CC1)c2ccc(cc2C)NC(=O)CC3c4ccccc4C(=O)O3
16314506,0,CC(C)Nc1nnc(s1)SC(C)C(=O)Nc2ccc(cc2)N3CCOCC3
16319067,0,Cc1cccc(c1)OCc2nnc(o2)SC(C)C(=O)Nc3ccc(cc3)N4CCOCC4
16319458,0,CCOc1cc(c(cc1N2CCOCC2)OCC)NC(=O)CN3C(=O)C4(CCCCC4)N(C3=O)C
16329530,0,Cc1cc(ccc1Cl)OCC(=O)OC(C)C(=O)Nc2ccc(cc2)N3CCOCC3
16397986,0,CCC(C)N1CC(=O)N2Cc3c(c4ccccc4[nH]3)CC2C1=O
16398636,0,CCCN1CC(=O)N2C(C1=O)Cc3c4ccccc4[nH]c3C2c5ccccc5
16399222,0,Cc1ccc(cc1)C2c3c(c4ccccc4[nH]3)CC5N2C(=O)CN(C5=O)CCCOC
16399263,0,CCCN1CC(=O)N2C(C1=O)Cc3c4ccccc4[nH]c3C2c5cccc(c5OC)OC
16399440,0,COCCCN1CC(=O)N2C(C1=O)Cc3c4ccccc4[nH]c3C2c5ccc(c(c5)OC)OC
16399552,0,COc1ccc(cc1OC)C2c3c(c4ccccc4[nH]3)CC5N2C(=O)CN(C5=O)CCCO
16399580,0,COc1cccc(c1OC)C2c3c(c4ccccc4[nH]3)CC5N2C(=O)CN(C5=O)CCCO
16401723,0,COC(=O)c1ccc(cc1)C2c3c(c4ccccc4[nH]3)CC5N2C(=O)CN(C5=O)C6CC6
16405789,0,COc1ccc(cc1)C2c3c(c4ccccc4[nH]3)CC5N2C(=O)N(C5=O)c6ccccc6C(=O)N7CCCC7C(=O)O
16441055,0,COc1cc(cc(c1OC)OC)C=C2C(=O)N(C(=S)S2)CC(=O)NNC(=O)c3ccc(cc3)F
1644718,0,CCOc1ccc(cc1)OCC(=O)Nc2ccc(cc2)N3CCCCC3
16463828,0,CCOc1cc(ccc1OCCOc2ccccc2)C=C3C(=N)N4C(=NC3=O)SC(=N4)C
16532956,0,CCOc1cc(c(cc1N2CCOCC2)OCC)NC(=O)COC(=O)COc3cc(cc(c3)C)C
16542109,0,c1cc(c(cc1[N+](=O)[O-])C(=O)OCC(=O)NC2CCS(=O)(=O)C2)N3CCOCC3
16545932,0,Cc1ccc(cc1S(=O)(=O)N(C)C)NC(=O)C2CC(=O)N(C2)c3ccc4c(c3)OCCO4
16682248,0,CCC(C)N1C(=O)C(=CNCc2cccnc2)C(=O)NC1=S
16682305,0,CC(=C1C(=O)NC(=O)N(C1=O)CC=C)NCCN2CCN(CC2)C(=S)NC
16682306,0,CCCCN1C(=O)C(=C(C)NCc2cccnc2)C(=O)NC1=O
16682347,0,Cc1ccccc1N2C(=O)C(=C(C)NCC3CCCO3)C(=O)NC2=O
16682364,0,CC(c1ccccc1)NC=C2C(=O)NC(=S)N(C2=O)C3CC3
16682388,0,CC(=C1C(=O)NC(=O)N(C1=O)c2ccc(cc2)OC)NCC3CCCO3
16682391,0,CCC(=C1C(=O)NC(=O)N(C1=O)c2ccccc2C)NCc3cccnc3
16682429,0,CC(=C1C(=O)NC(=O)N(C1=O)C2CCCCC2)NCC3CCCO3
16682478,0,CCC(=C1C(=O)NC(=O)N(C1=O)c2ccccc2C)NCc3ccco3
16738622,0,Cc1ccc2c(c1)C3C=CCC3C(N2)C(=O)NCCCN4CCOCC4
16738649,0,CC(C)CNC(=O)C1C2CC=CC2c3cc(ccc3N1)C(F)(F)F
16745834,0,CC1=NN(C(=O)C1=CNc2ccc(cc2)S(=O)(=O)NC(=O)N)c3ccccc3
16805982,0,c1cc(ccc1[N+](=O)[O-])S(=O)(=O)NC2CC(=O)N(C2)c3ccc4c(c3)OCCO4
16810037,0,c1cc2c(cc1N3CC(CC3=O)NC(=O)N4CCC(CC4)O)OCCO2
16832380,0,CC(=O)c1ccc(cc1)NC(=O)NC2CC(=O)N(C2)c3ccc4c(c3)OCCO4
1719300,0,CC1=C(C(=Cc2cccs2)C(=O)N1c3ccc(c(c3)OC)OC)C(=O)OC
1735107,0,CSC1=NC(=Cc2ccc(cc2)F)C(=O)S1
17528004,0,C=CCn1c(=O)c2ccccc2nc1SCC(=O)Nc3ccc(cc3)N4CCOCC4
17577900,0,CCC(C)C(C(=O)N1CCCCC1)NC(=O)C2CC(=O)N(C2)c3ccc4c(c3)OCCO4
17578082,0,CC(C)CC(C(=O)N1CCCCC1)NC(=O)C2CC(=O)N(C2)c3ccc4c(c3)OCCO4
17578376,0,CC(c1ccccc1)NC(=O)C(C)NC(=O)C2CC(=O)N(C2)c3ccc(cc3)OC
17582410,0,CC(C)Cn1c2ccc(cc2nc(c1=O)CCC(=O)Nc3ccc(cc3)N4CCOCC4)Cl
17583034,0,CN(C)c1ccc(cc1)N2C3CS(=O)(=O)CC3SC2=NC(=O)c4ccccc4
1768696,0,CCSC1=NC(=Cc2cccc(c2)F)C(=O)S1
18564534,0,COC(=O)C1CCN(CC1)C(=O)NC2CC(=O)N(C2)c3ccc4c(c3)OCCO4
18572729,0,CC1CCCN(C1)C(=O)NC2CC(=O)N(C2)c3ccc4c(c3)OCCO4
1863796,0,CC(=O)c1c(nc2ccccc2[n+]1[O-])COC(=O)c3ccc(cc3)F
18774714,0,CCOc1cc(c(cc1N2CCOCC2)OCC)NC(=O)C(C)NC(=O)c3ccco3
1887520,0,Cc1cccc(c1)N2C(=O)C(=Cc3ccccn3)SC2=S
1890560,0,CCOc1ccc(cc1)N2C(=O)C(=Cc3ccccn3)SC2=S
1891813,0,CCCCN(CCCC)Cc1ccc(cc1)N
1924956,0,c1ccc(c(c1)C=C2C(=O)N(C(=S)S2)CCC(=O)NNC(=O)c3cccnc3)Cl
1929849,0,Cc1cc(nc(n1)NC2=NC(=CC(=O)OC)C(=O)N2c3ccc(cc3)Cl)C
1946922,0,Cc1ccc(cc1)CN2c3ccc(cc3C(=C4C(=O)N=C(S4)N5CCOCC5)C2=O)Br
1952786,0,CC1=CC2=NC(=O)C(=Cc3cccs3)C(=N)N2O1
1957510,0,CC(=O)c1c(nc2ccccc2[n+]1[O-])COC(=O)c3ccccc3Cl
1999116,0,CCN1C(=O)C(=CN2CCN(CC2)C(=O)c3ccco3)SC1=S
2003356,0,CCOC(=O)c1cc2c(nc3c(cccn3c2=O)C)n(c1=NC(=O)c4ccc(cc4)C)Cc5ccco5
2011172,0,CCN(CC)c1ccc(cc1)N2C(=O)C(=Cc3ccccn3)SC2=S
2013207,0,c1ccc(cc1)C(=O)c2c(nc3ccccc3[n+]2[O-])COC(=O)c4ccco4
204177,0,Cc1ccc(c(c1)C2C(=O)c3ccccc3C2=O)C
2054976,0,Cc1c(c2cc(ccc2n1c3ccccc3Br)O)C(=O)C
2078698,0,Cc1c(c(n(n1)Cc2ccccc2)C)C(=O)Nc3ccc(cc3)N4CCOCC4
20853456,0,CCC(=O)N1CCc2c1ccc(c2)S(=O)(=O)CCC(=O)N(C)c3ccc(cc3OC)OC
20858851,0,Cc1c(c(on1)C)S(=O)(=O)N(CC(=O)NCc2ccccc2Cl)c3ccc(cc3)OC
20858893,0,Cc1ccc(cc1)NC(=O)CN(c2ccc(cc2)OC)S(=O)(=O)c3c(noc3C)C
20862111,0,Cc1ccc(c(c1)NC(=O)CN(c2ccc(cc2)OC)S(=O)(=O)c3c([nH]c(=O)[nH]c3=O)C)C
20862304,0,CN(c1ccc(cc1)OC)C(=O)C2CCCN2S(=O)(=O)c3cccc4c3nsn4
20862305,0,CN(c1ccc(cc1OC)OC)C(=O)C2CCCN2S(=O)(=O)c3cccc4c3nsn4
20866489,0,CC(C(c1cccs1)N2CCN(CC2)c3ccc(cc3)OC)NC(=O)C(=O)N4CCOCC4
20876221,0,CN(c1ccc(cc1OC)OC)S(=O)(=O)c2ccc3c(c2)NC(=O)CC(=O)N3
20888066,0,COc1cc(cc(c1OC)OC)CCNC(=O)CCCn2c3c(cccn3)n4cccc4c2=O
20899316,0,Cc1ccc(cc1)CS(=O)Cc2ccc(o2)C(=O)N3CCN(CC3)c4ccc(cc4)OC
20901947,0,CC1Cc2cc(ccc2N1C(=O)C)S(=O)(=O)N3CCC(CC3)C(=O)NCc4ccc(cc4)N(C)C
20921918,0,CNS(=O)(=O)c1cn(cc1S(=O)(=O)NC)CC(=O)NCc2ccc(cc2)N(C)C
2093438,0,CCn1cc(c(=O)c2c1nc(cc2)C)C(=O)NNC(=O)c3ccc(cc3)Cl
20939971,0,Cc1c([nH]c2c1cc(cc2)C(=O)NCCCN3CCOCC3)C
20940148,0,Cc1c(n(c2c1cc(cc2)C(=O)NCCN3CCOCC3)Cc4ccccc4)C
2094146,0,Cc1ccc(cc1)C2=NC(=Cc3cccnc3)C(=O)O2
20967181,0,c1ccc2c(c1)n3cccc3c(=O)n2CC(=O)O
2101960,0,COc1ccc(cc1)c2c(c(=O)nc([nH]2)SCc3ccc(cc3)C#N)C#N
2109826,0,CCC1CCC2(CC1)C(=O)N(C(=O)N2)CC(=O)Nc3c(c(c(s3)C)c4ccc(cc4)C)C(=O)OCC
2111628,0,Cc1c(c(n(n1)c2ccccc2)Cl)C(=O)Nc3ccc(cc3)N4CCOCC4
2113193,0,c1cc(ccc1NC(=O)COc2ccc3c(cc(=O)oc3c2)C(F)(F)F)N4CCOCC4
2118031,0,Cc1ccc(cc1)n2c(cc(c2C)C(=O)OCC(=O)N3CCOCC3)C
2138989,0,Cc1c(c(=O)n(n1C)c2ccccc2)NC3=NC(=O)C(=Cc4cccc(c4)[N+](=O)[O-])S3
2139608,0,c1ccc(cc1)OCC(=O)NN2C(=O)CSC2=S
2157690,0,Cc1c(c2ccccc2[nH]1)CCN(Cc3cccnc3)C(=S)NC(C)(C)C
2157901,0,Cc1c(c2cc(ccc2[nH]1)F)CCN(Cc3cccnc3)C(=S)NCCOC
2173376,0,CCc1nnc(s1)NC(=O)CN2C(=O)C(=Cc3ccc(c(c3)OC)OC)SC2=S
2182306,0,CS(=O)(=O)Oc1ccc(cc1C=C2C(=O)OC(=N2)c3ccco3)Br
2193027,0,CC(=O)C(=C(N)N1CCN(CC1)c2ccc(cc2)OC)C(=O)C
221177,0,c1ccc(cc1)C(=O)c2c3ccccc3ccc2N
221798,0,c1cc(c(cc1[N+](=O)[O-])[N+](=O)[O-])N2CCOCC2
222475,0,COc1ccccc1C(=O)C(=O)c2ccccc2OC
223210,0,CN(C)Cc1cccc(c1O)c2ccccc2
22333969,0,CCN(c1cc(ccc1OC)OC)C(=O)Cc2c3ccccc3n(c2C(=O)O)C
2235729,0,Cc1cc(c(c(n1)SCC(=O)Nc2ccc(c(c2)Cl)N3CCOCC3)C#N)COC
224533,0,CC(C)(C)c1cc(c(c(c1)C(C)(C)C)O)CN(C)C
224540,0,CCN(CC)Cc1cc(cc(c1O)N2CCOCC2)C(C)(C)C
22522509,0,c1ccc2c(c1)n3cccc3c(=O)n2CC(=O)Nc4ccc(cc4F)F
22522549,0,CCC1CCCCN1CCCNC(=O)Cn2c3ccccc3n4cccc4c2=O
22522563,0,CCCSCCCNC(=O)Cn1c2ccccc2n3cccc3c1=O
22522570,0,c1ccc2c(c1)n3cccc3c(=O)n2CC(=O)NCc4cccc(c4)F
22522675,0,CCN(CC)CCNC(=O)Cn1c2cc(ccc2n3cccc3c1=O)F
22522712,0,CCN1CCN(CC1)CCNC(=O)Cn2c3cc(ccc3n4cccc4c2=O)F
2254251,0,c1ccc(c(c1)NC2=NC(=O)C(=Cc3ccc(cc3)C(=O)O)S2)Cl
22553385,0,CC1CC(CN(C1)C(=O)Cn2c3c(cccn3)n4cccc4c2=O)C
22553391,0,COc1ccc(cc1)N2CCN(CC2)C(=O)Cn3c4c(cccn4)n5cccc5c3=O
22553428,0,c1cc2c(nc1)n(c(=O)c3n2ccc3)CC(=O)NCCc4ccc(cc4)S(=O)(=O)N
22553456,0,COc1ccc(c(c1OC)OC)CCNC(=O)Cn2c3c(cccn3)n4cccc4c2=O
22553494,0,CC1CC(CN(C1)C(=O)CCCn2c3c(cccn3)n4cccc4c2=O)C
22553499,0,COc1ccc(cc1)N2CCN(CC2)C(=O)CCCn3c4c(cccn4)n5cccc5c3=O
22553500,0,c1ccc(c(c1)N2CCN(CC2)C(=O)CCCn3c4c(cccn4)n5cccc5c3=O)F
2260437,0,CC(=C1C(=O)c2ccccc2C1=O)NCCCN(C)C
227087,0,CCOC1=C(C(=O)C(=C(C1=O)N2CC2)OCC)N3CC3
2271753,0,Cc1cc(no1)NC(=O)CCN2C(=O)C(=Cc3ccccc3OC)SC2=S
2278011,0,c1ccc(cc1)S(=O)(=O)Oc2ccccc2C=C3C(=O)N=C(S3)N
2281236,0,Cc1c(c(=O)n(n1C)c2ccccc2)C=C3C(=O)NC(=O)NC3=O
2305418,0,c1ccc(cc1)C(=C(C#N)C#N)Nc2ccccc2
2335661,0,Cc1ccccc1OCC(=O)OCC(=O)Nc2ccc(cc2)N3CCOCC3
2341882,0,CCN(CC)CCNC(=O)c1ccc(cc1)n2c(cc3c2CCCC3=O)C
2347339,0,c1cc(ccc1NC(=O)CSc2[nH]c(cc(=O)n2)N)N3CCOCC3
2354310,0,CCOC(=O)C1=C(N(C(=O)C1)c2ccc(cc2)N3CCCCC3)N
2364062,0,COc1cc(c(cc1C(=O)OCC(=O)Nc2ccc(cc2)N3CCOCC3)Cl)N
23678495,0,CN(C)N=Nc1ccc(cc1)S(=O)(=O)N=C(c2ccccc2)O
23723450,0,COc1cccc(c1O)CN2CCN(C(C2)CCO)CCCc3ccccc3
23723512,0,Cc1ccc2c(c1)c(c([nH]2)CN3CCN(C(C3)CCO)C)C
23723634,0,COc1ccc(c(c1)O)CN2CCCC(C2)N3CCc4ccccc4C3
23723691,0,COc1ccc(c(c1)O)CN2CCN(C(C2)CCO)CCCc3ccccc3
23723760,0,COc1cccc(c1O)CN2CCCC(C2)N3CCc4ccccc4C3
23723816,0,COc1ccc(c(c1)CN2CCCC(C2)N3CCN(CC3)c4ccc(cc4)F)O
23723960,0,CCOc1cccc(c1O)CN2CCCC(C2)N3CCc4cc(c(cc4C3)OC)OC
23724351,0,CC(C)CC1c2c(c3ccccc3[nH]2)CC(N1)C(=O)O
2373541,0,CN(c1ccc(cc1)OCC(=O)Nc2ccccc2C(=O)O)C(=O)c3ccc(cc3)F
2385052,0,Cc1ccc(cc1)n2c(=O)c3ccccc3nc2SCC(=O)Nc4ccc(cc4)N5CCOCC5
239731,0,c1c(c(c(c(c1Cl)Cl)CN2CCOCC2)O)Cl
239736,0,Cc1c(cc(c(c1CN2CCOCC2)O)C(C)C)Cl
2400777,0,CN(CCC#N)C(=O)COC(=O)c1ccc2c(c1)c3c([nH]2)CCCC3
241204,0,c1cc(c(cc1Cl)CNC2CCCCC2)O
2438288,0,Cc1c(cc(n1C)C#N)C=C2C(=O)c3ccccc3C2=O
2438336,0,Cc1cc(c(n1c2ccccc2)C)C(=O)OCC(=O)N3CCOCC3
2439719,0,CCn1cc(c(=O)c2c1nc(cc2)C)C(=O)NCc3ccccc3F
2448570,0,CCOc1cc(c(cc1N2CCOCC2)OCC)NC(=O)c3ccccc3C
2451156,0,CCOC(=O)c1c(c(sc1N)C(=O)N(C)C)CN2CCOCC2
2460712,0,Cc1c(c(n(n1)c2ccccc2)C)C(=O)Nc3ccc(cc3)N4CCOCC4
2462192,0,c1cc(ccc1NC(=O)Cn2cc(ccc2=O)C(F)(F)F)N3CCOCC3
2463401,0,Cc1ccc2cccc(c2n1)OCC(=O)Nc3ccc(cc3)N4CCOCC4
24684612,0,CC1CCc2c(c3cc(ccc3[nH]2)C(=O)Nc4ccc(cc4)C(=O)N(C)C)C1
24686541,0,CCn1c(nnc1SC(C)C(=O)Nc2ccc(cc2)N3CCOCC3)c4ccco4
24687582,0,Cc1ccc(c(c1)OCC(=O)N(C)CC(=O)Nc2ccc(cc2)N3CCOCC3)Cl
24687710,0,Cc1c2cc(ccc2oc1C(=O)OC(C)C(=O)Nc3ccc(cc3)N4CCOCC4)OC
2470623,0,Cc1cc(c(n1c2cccc(c2)S(=O)(=O)N3CCOCC3)C)C(=O)CN4C(=O)C(=O)N(C4=O)C
2472329,0,c1ccn2c(c1)nnc2SCC(=O)Nc3ccc(cc3)N4CCOCC4
2474121,0,COc1ccc(cc1)N2CCN(CC2)C(=O)CN3c4cccc5c4c(ccc5)S3(=O)=O
24747744,0,Cn1c2ccccc2c3c1C(=NCC3)c4ccccc4
24761218,0,CCOC(CCNC(=O)c1cn(c(=O)c2c1c3ccccc3n2C)CC(C)C)OCC
24761226,0,CCCN1CCC(=O)N(CC1)C(CC(C)C)CN=[N+]=N
24761305,0,CC(C)CC(CN=[N+]=N)N1CCN(CCC1=O)Cc2ccccc2
24761335,0,c1ccc(cc1)CN2CCC(=O)N(CC2)CCN=[N+]=N
24761348,0,CC(C)CN1CCC(=O)N(CC1)C(Cc2ccccc2)CN=[N+]=N
24767272,0,c1ccc(cc1)CN2CCC(=O)N(CC2)C(CN=[N+]=N)c3ccccc3
2477122,0,CCOc1cc(c(cc1N2CCOCC2)OCC)NC(=O)Cn3cnnn3
24789171,0,Cc1cc(cc(c1)C(=O)NC(CC(=O)N)c2ccc(c(c2)[N+](=O)[O-])N3CCN(CC3)C)C
24789374,0,c1ccc(cc1)COC(=O)NC2CCC(=O)N(CC2)CCC(c3ccccc3)N=[N+]=N
24789393,0,c1ccc(cc1)CC(CN=[N+]=N)N2CCC(CCC2=O)OCc3ccccc3
24789981,0,c1cc2n(c(=O)c1)CC3CC2CN(C3)c4ccc(cc4N)C(=O)N5CCN(CC5)c6ccc(cc6)[N+](=O)[O-]
24790081,0,COc1ccc(c(c1)CN2CCC(CC2)n3c(ccn3)NC(=O)CCOc4ccccc4)O
2479013,0,COc1ccccc1c2nnc(n2N)SCC(=O)Nc3ccc(cc3)N4CCOCC4
24790214,0,c1ccc(c(c1)CN2CCc3ccc(cc3C2)NC(=O)C4CCCO4)O
24791281,0,c1ccc(c(c1)CN2CCC(CC2)Oc3ccc(cc3)C(=O)N4CCCCC4)O
24791747,0,CCOC(=O)C1CCN(CC1)C(=O)CCn2c3c(cccn3)n4cccc4c2=O
24791748,0,CC1CCN(CC1)C(=O)CCn2c3c(cccn3)n4cccc4c2=O
24791911,0,COc1ccc(cc1)NC(=O)CCn2c3ccccc3n4cccc4c2=O
24791925,0,Cc1ccc(c(c1)N2CCN(CC2)CCCNC(=O)CCn3c4c(cccn4)n5cccc5c3=O)C
24791941,0,CN(Cc1ccccc1)C(=O)CCn2c3c(cccn3)n4cccc4c2=O
24792226,0,COc1ccc(c(c1)C(=O)NC(CC(=O)N)c2ccc(c(c2)[N+](=O)[O-])N3CCN(CC3)c4ccccc4)OC
24793223,0,COc1ccc(c(c1)CN2CCC(CC2)n3c(ccn3)NC(=O)C4CCCC4)O
24793504,0,c1ccc(cc1)CC(CN=[N+]=N)N2CCC(CCC2=O)O
24816990,0,CCOc1cccc(c1O)CN2CCC(CC2)n3c(ccn3)NC(=O)C4CC4
24817012,0,c1cc(c(cc1Cl)CN2CCC(CC2)n3c(ccn3)NC(=O)C4CC4)O
24817727,0,Cc1c2cc(ccc2[nH]c1C(=O)N3CCC(CC3)n4c(ccn4)NC(=O)C5CC5)Cl
24818918,0,COc1cccc(c1CN2CCC(CC2)n3c(ccn3)NC(=O)c4ccc5c(c4)OCO5)O
24819698,0,CN(CC(=O)Nc1ccc(cc1)N2CCOCC2)C(=O)c3cc(ccc3OC)S(=O)(=O)N
24819840,0,Cc1cccc(c1NC(=O)CN(C)C(=O)c2cc(ccc2N3CCOCC3)[N+](=O)[O-])C
24892594,0,c1ccc2c(c1)c(cn2CC(=O)N3CCOCC3)C(=O)C(=O)N4CCN(CC4)c5ccc(cc5)[N+](=O)[O-]
24978785,0,CC(CC(=O)N(C)CC(=O)Nc1ccc(cc1)N2CCOCC2)c3ccccc3
24979206,0,c1cc(c(cc1[N+](=O)[O-])C(=O)N2CCN(CC2)S(=O)(=O)c3cc(ccc3Cl)Cl)N4CCOCC4
24979245,0,CCN(CC(=O)Nc1c(cccc1F)F)C(=O)c2cc(ccc2N3CCOCC3)[N+](=O)[O-]
24979822,0,c1cc(ccc1C=CC(=O)OCC(=O)Nc2ccc(cc2)N3CCOCC3)OC(F)F
24980225,0,CN(CC(=O)Nc1ccc(cc1)N2CCOCC2)C(=O)C34CC5CC(C3)CC(C5)C4
24980381,0,CN(CC(=O)Nc1ccc(cc1)N2CCOCC2)C(=O)c3cn(nc3c4ccc(cc4)OC)c5ccccc5
24980779,0,CCN(CC(=O)Nc1ccc(cc1)OC)C(=O)c2cc(ccc2N3CCOCC3)[N+](=O)[O-]
24981066,0,Cc1ccc(c(c1)NC(=O)CN(C)C(=O)c2cc(ccc2N3CCOCC3)[N+](=O)[O-])C
24981226,0,c1cc(cc(c1)S(=O)(=O)N2CCOCC2)NC(=O)c3cc(ccc3N4CCOCC4)[N+](=O)[O-]
24981271,0,COc1ccccc1OCCNC(=O)C2CC(=O)N(C2)c3ccc4c(c3)OCCO4
24982978,0,CC1CCCCC1NC(=O)C(C)OC(=O)c2cccc(c2)S(=O)(=O)N(C)c3ccc(cc3)OC
2499402,0,Cc1cc(c(n1c2ccc(cc2)F)C)C(=O)CN3C(=O)C(=O)N(C3=O)C4CCCC4
25102406,0,CCOCCn1c(=O)c2ccccc2[nH]1
25162156,0,CN(CC(=O)Nc1ccc(cc1)N2CCOCC2)C(=O)c3ccccc3OC
25162217,0,Cc1ccc(cc1)S(=O)(=O)CCC(=O)OC(C)C(=O)Nc2ccc(cc2)N3CCOCC3
25163374,0,CC(=O)CC1CCCC(=O)C1(CCCN=[N+]=N)S(=O)(=O)c2ccccc2
25163887,0,Cc1ccsc1CNCc2cc(ccc2O)Cl
251913,0,COc1cc2c(cc1OC)N3C4C25CCN6C5CC7C4C(CC3=O)OCCC7C6
2524542,0,Cc1cc(c(n1c2ccccc2)C)C(=O)Cn3cc(ccc3=O)C(F)(F)F
2526474,0,c1cc(oc1)CNS(=O)(=O)c2ccc(cc2)C(=O)Nc3ccc(cc3)N4CCOCC4
2527610,0,Cc1cc(no1)NC(=O)CN(c2ccc(cc2)OC)S(=O)(=O)c3ccc(cc3)Cl
25332580,0,CCOc1ccccc1C(=O)NCC(=O)N(C)CC(=O)Nc2ccc(cc2)N3CCOCC3
2534221,0,c1cc(c(c(c1)Cl)C(=O)Nc2ccc(cc2)N3CCOCC3)F
253821,0,COc1ccc2c(c1)ccc[n+]2[O-]
255082,0,c1ccc2c(c1)C(=O)c3cccc(c3C2=O)n4c5ccccc5nn4
2551651,0,CCN(CC(=O)Nc1ccc(cc1)N2CCOCC2)CC(=O)NC(C)(C)C
2565199,0,c1cc(ccc1NC(=O)Cn2cnc3cc(ccc3c2=O)[N+](=O)[O-])N4CCOCC4
261975,0,COc1ccc(cc1)NC2=C(C(=O)C(=C(C2=O)OC)Nc3ccc(cc3)OC)OC
2620844,0,Cc1c([nH]c2c1cc(cc2)C(=O)NCCC(=O)OC)C
262130,0,Cc1ccc(c(c1)CN2CCC3CCC(C3)C2)O
262153,0,Cc1ccc(c(c1)O)CN2CCC3CCC(C3)C2
263519,0,c1ccc(cc1)CC=C2C(=O)NC(=O)NC2=O
2659558,0,Cc1cc(c(n1c2ccc(cc2)C(=O)OC)C)C(=O)COC(=O)C3=COCCO3
272816,0,COc1cccc(c1O)CNCc2cccc(c2O)OC
2728451,0,Cc1c(c2cc(ccc2[nH]1)C(C)C)CC(=O)O
2740498,0,c1ccc2c(c1)c3c([nH]2)C(N(CC3)C(=O)CCC(=O)O)C(F)(F)F
2744437,0,CC(=O)C(=NNc1ccc(cc1)OC(F)(F)F)C(=O)C
274505,0,Cc1ccc(cc1)S(=O)(=O)NN=C2C3CCC(C3Cl)C2=O
275150,0,Cc1cc(c(c(c1)C(=O)C(=O)c2ccccc2)C)C
275255,0,COc1ccccc1C=NN2C(=O)CSC2=S
275257,0,c1ccc2c(c1)cccc2C=NN3C(=O)CSC3=S
2764119,0,c1cc(ccc1N2CCc3c(cnc(n3)N)C2)[N+](=O)[O-]
276644,0,c1ccc(cc1)COc2cccc(c2)C=NN3C(=O)CSC3=S
2770996,0,Cc1ccc2c(c1)c(c([nH]2)C)CCNCc3ccco3
277307,0,c1ccc(c(c1)C#N)N=NNc2ccc(cc2)C#N
279659,0,CN(C)Cc1cc(cc(c1O)CN(C)C)OCc2ccccc2
2796946,0,c1ccnc(c1)C=C2C(=O)NC(=S)S2
2801110,0,CN(C)C=C1C(=O)OC(=N1)c2cccnc2Oc3ccc(cc3)Cl
280209,0,COc1cc2c(cc1OC)C(=O)C(=O)C=C2O
2809584,0,Cc1ccc(n1c2cc(ccc2n3ccnc3)[N+](=O)[O-])C
2809588,0,COC(=O)c1cc(ccc1N2CCOCC2)NS(=O)(=O)c3ccc(cc3)F
2809721,0,CC1=CCC2C(C1)C(=O)N(C2=O)c3ccc(cc3)N4CCOCC4
2810085,0,CC(C)c1ccc(cc1)S(=O)(=O)Nc2ccc(c(c2)C(=O)OC)N3CCOCC3
2813409,0,CN(C)c1ccc(cc1)N2C(=O)CC(CC2=O)c3ccccc3
2813948,0,Cc1ccc2c(c1)n(c(=O)o2)CCC(=O)Nc3ccc(cc3)N4CCOCC4
2831729,0,CCOC(=O)c1c(c2cc(cnc2n1C)[N+](=O)[O-])N
2834632,0,Cc1c(c2c(o1)ccc(c2CN3CCOCC3)O)C(=O)C
2835708,0,CC(=O)Nc1ccc(cc1)NC2(C(=O)c3ccccc3C2=O)C
2836818,0,c1ccc(cc1)C2CC(=Nc3ccccc3N2)C4C(=O)c5ccccc5C4=O
2849558,0,Cc1cc(c(cc1[N+](=O)[O-])F)N2CCCCC2
2851847,0,Cc1ccc(cc1)NC(=O)C2=C(NC(=O)NC2c3ccc(cc3)N(C)C)C
2853715,0,COc1cccc(c1)N2C(=O)CC(C2=O)N3CCN(CC3)c4ccc(cc4)[N+](=O)[O-]
2867387,0,c1cc(c(cc1[N+](=O)[O-])Cl)N2CCN(CC2)CC(=O)N3CCOCC3
2874885,0,CN1c2ccccc2C(=C3C(=O)N(C(=S)S3)CC4CCCO4)C1=O
2880420,0,CCCC(=O)N1CCN(CC1)c2ccc(cc2Cl)[N+](=O)[O-]
2893763,0,c1cc(c(cc1N2C(=O)C3C4CC(C3C2=O)C=C4)C(=O)O)N5CCOCC5
2898586,0,Cc1ccc(cc1)S(=O)(=O)N(CC(=O)N2CCN(CC2)c3ccccc3)c4ccc(cc4)OC
2907259,0,c1cc(c(cc1[N+](=O)[O-])C(=O)N)N2CCCCC2
2911388,0,COc1ccc(cc1)N2CC(CC2=O)C(=O)Nc3ccc(cc3)S(=O)(=O)Nc4nccs4
2917199,0,Cc1ccc(cc1)C(=O)c2coc3c2c(c(cc3)O)CN(C)C
2919662,0,COc1ccc(cc1)N2CCN(CC2)C(=O)c3cc(ccc3N4CCN(CC4)CCO)[N+](=O)[O-]
2920059,0,CN1CCN(CC1)c2ccc(cc2C(=O)N3CCOCC3)[N+](=O)[O-]
2920226,0,CCOc1ccc(cc1)N2CC(CC2=O)C(=O)NCCC3=CCCCC3
2920621,0,CC1(CC(CC(N1)(C)C)NC(=O)C23CCC(C2(C)C)(C(=O)C3=O)C)C
2935079,0,CN1CCN(CC1)c2ccc(cc2C(=O)N3CCCCC3)[N+](=O)[O-]
2935465,0,c1cc(c(cc1[N+](=O)[O-])C(=O)N2CCCCC2)N3CCCC3
2938659,0,CCOC(=O)N1CCN(CC1C)c2ccc(cc2F)[N+](=O)[O-]
2939241,0,CC1CN(CCN1C(=O)c2ccco2)c3ccc(cc3F)[N+](=O)[O-]
2939568,0,c1cc(c(cc1[N+](=O)[O-])C(=O)N2CCOCC2)N3CCNCC3
2943506,0,CC1=C(C(NC(=O)N1)c2cc(cc(c2O)OC)Cl)C(=O)NCc3ccccc3
2945058,0,c1ccc(cc1)CN2CCN(CC2)c3ccc(cc3)NC(=O)c4ccccc4[N+](=O)[O-]
2945556,0,c1ccc2c(c1)c(c3ccccc3n2)Nc4nncs4
2947168,0,COc1ccc(cc1)NC(=O)c2cc(ccc2N3CCCC3)[N+](=O)[O-]
2948810,0,CC(=O)Nc1ccc(c(c1)[N+](=O)[O-])N2CCOCC2
2949305,0,CC1CCN(CC1)c2ccc(cc2[N+](=O)[O-])NC(=O)C
2950226,0,CCCC(=O)N1CCN(CC1)c2ccc(cc2)NC(=O)c3ccc(c(c3)[N+](=O)[O-])OCC
2956908,0,COC(=O)c1c2c(sc1NC(=O)CC3C(=O)NCCN3)CCCC2
2957453,0,c1cc(ccc1NC(=O)C2CC(=O)N(C2)c3ccc(cc3)Cl)N4CCOCC4
2966189,0,c1cc(sc1)C(=O)Nc2cc(ccc2N3CCOCC3)[N+](=O)[O-]
2966719,0,c1cc(c(cc1[N+](=O)[O-])C(=O)NC2CCCCC2)N3CCOCC3
2971426,0,CC(=O)c1ccccc1NS(=O)(=O)c2cccc3c2non3
2972420,0,Cc1ccc(cc1NC(=O)c2cc(ccc2N3CCOCC3)NC(=O)C4CCCCC4C(=O)O)Cl
2973613,0,Cc1ccc(cc1)NC2CC(=O)N(C2=O)c3ccc(cc3)N4CCCCC4
2979613,0,CCC(=O)N1CCN(CC1)c2ccc(cc2)NC(=O)c3ccc(cc3)c4ccccc4
2979946,0,CCC(=O)N1CCN(CC1)c2ccc(cc2)NC(=O)c3c(c(c(c(c3F)F)OC)F)F
2980439,0,CCc1ccc(cc1)N2CCN(CC2)CCNC(=O)Nc3ccc(cc3)OC
2981882,0,c1ccc2c(c1)c(=O)nc([nH]2)SCC(=O)Nc3ccc(c(c3)Cl)N4CCOCC4
2989796,0,c1ccc2c(c1)n(c(=O)o2)CCC(=O)Nc3ccc(cc3)N4CCOCC4
2992374,0,CCOn1c2ccccc2[n+](c(c1=O)c3cc(ccc3OC)OC)[O-]
2994086,0,CCCCC(=O)Nc1ccc(cc1)N2CCN(CC2)C(=O)c3ccco3
2994537,0,CCC(=O)Nc1ccc(cc1)N2CCN(CC2)C(=O)c3cccs3
2995026,0,CCC(=O)Nc1ccc(c(c1)Cl)N2CCN(CC2)C(=O)c3ccco3
2995805,0,c1cc(ccc1F)SCC(=O)Nc2ccc(c(c2)Cl)N3CCOCC3
2996299,0,Cc1cc(c(c(n1)SCC(=O)Nc2ccc(cc2)N3CCOCC3)C#N)COC
2997514,0,CCOc1cc(c(cc1N2CCOCC2)OCC)NC(=O)Cc3cn4ccsc4n3
2998401,0,CCOc1ccc(cc1)N2CC(CC2=O)C(=O)Oc3ccccc3
299843,0,CN(C1CCCCC1)N=Nc2ccccc2C(=O)O
2999249,0,CCC(C)N(C1CCS(=O)(=O)C1)C(=O)COC(=O)c2cn(c3c(c2=O)ccc(n3)C)CC
3072340,0,COC1(C(=C(C(=O)C1(CC=C)Cl)Cl)N2CCOCC2)OC
3112799,0,CCCCC(=O)NS(=O)(=O)c1ccc(cc1)N=NN2CCOCC2
3112804,0,CCCCC(=O)NS(=O)(=O)c1ccc(cc1)N=NN2CCCCC2
3112806,0,CN(C)N=Nc1ccc(cc1)S(=O)(=O)N2CCSC2C(=O)O
3113458,0,c1ccc(cc1)S(=O)(=O)N2CCN(CC2)c3ccc(cc3)[N+](=O)[O-]
3115303,0,CCN1C(=C(SC1=C2C(=O)N(C(=S)S2)NC(=O)C)C)C
3125905,0,CN(C)N=Nc1ccc(cc1)S(=O)(=O)NC(Cc2ccccc2)C(=O)O
3128238,0,COC(=O)C1CCN(CC1)c2ccc(cc2[N+](=O)[O-])[N+](=O)[O-]
3136152,0,COc1ccccc1C(c2c3ccccc3ccc2O)NC(=O)C4CCCCC4
3154408,0,CCCNC(=O)C1CC(=O)N(C1)c2ccc(cc2)OCC(=O)Nc3cc(cc(c3)C)C
3156739,0,CCCOc1ccc(cc1)N2CC(CC2=O)C(=O)Nc3ccc(cc3)N4CCOCC4
3159023,0,CC1CCCCN1Cc2ccc(cc2)N
315969,0,C=CCn1c2ccccc2c3c1CCC3
3159964,0,COc1c(nccn1)NS(=O)(=O)c2ccc(cc2)NCc3ccccc3O
3161472,0,Cc1ccccc1C(=O)Nc2ccc(cc2)N3CCN(CC3)C(=O)c4ccco4
3161571,0,COc1ccc(cc1)OCC(=O)Nc2ccc(cc2)N3CCN(CC3)C(=O)c4ccco4
3162242,0,Cc1ccc2nc3c(cc(c(n3)NCC4CCCO4)C(=O)NC5CCCCC5)c(=O)n2c1
3162289,0,CCOC(=O)c1cc(ccc1N2CCOCC2)NC(=O)c3cccnc3
3164009,0,CC(C)(C)C(=O)N1CCN(CC1)c2ccc(cc2)NC(=O)c3ccco3
3164664,0,Cn1c(nnc1SCC(=O)Nc2ccc(cc2)N3CCOCC3)Cc4ccc(cc4)OC
3164779,0,Cn1c(nnc1SCC(=O)Nc2ccc(cc2)N3CCOCC3)COc4ccccc4
3164794,0,Cn1c(nnc1SCC(=O)Nc2ccc(cc2)N3CCOCC3)Cc4ccccc4
3164837,0,Cc1ccc(cc1)OCc2nnc(o2)SCC(=O)Nc3ccc(cc3)N4CCOCC4
3172438,0,COc1ccc(cc1)N(CC(=O)NC2CCCCC2)C(=O)c3c(c(ns3)C(=O)N)N
3179883,0,CC(C(=O)NC1CCCC1)N(c2ccc(c(c2)OC)OC)C(=O)Cn3nc(nn3)c4ccc(cc4)F
3184813,0,COc1ccc(cc1)N(C(c2ccc(cc2)Cl)C(=O)NC3CCCCC3)C(=O)c4cnccn4
3190472,0,Cc1ccc(cc1)NC(=O)CS(=O)CC(=O)N(CC(=O)NC2CCCC2)c3ccc4c(c3)OCCO4
3196421,0,c1ccc(c(c1)N(C(c2ccc(cc2)N3CCOCC3)C(=O)NC4CCCC4)C(=O)c5ccco5)F
3196433,0,COc1cccc(c1)N(C(c2ccc(cc2)N3CCOCC3)C(=O)NC4CCCC4)C(=O)c5ccco5
3196434,0,COc1ccc(c(c1)N(C(c2ccc(cc2)N3CCOCC3)C(=O)NC4CCCC4)C(=O)c5ccco5)OC
3196614,0,c1cc(oc1)C(=O)N(c2ccc3c(c2)OCO3)C(c4cccs4)C(=O)NC5CCCC5
3197335,0,CCOc1ccc(cc1)N(CC(=O)NC2CCCCC2)C(=O)CCCC(=O)Nc3ccccn3
3204870,0,COc1ccc(cc1)CNC(=O)CN(c2ccc3c(c2)OCO3)C(=O)CCC(=O)Nc4ccccn4
3213139,0,Cc1ccccc1N2C(C(=O)N(CC2=O)C(C)(C)C)c3ccc(cc3)N(C)C
3216099,0,CCC(C)(C)NC(=O)C(c1ccc(cc1)OC)N(c2ccc(c(c2)OC)OC)C(=O)CCC(=O)Nc3cc(on3)C
3216112,0,CCC(C)(C)NC(=O)C(c1ccc(cc1)OC)N(c2ccc3c(c2)OCCO3)C(=O)CCC(=O)Nc4cc(on4)C
3221105,0,COc1ccc(cc1OC)N(CC(=O)NCCc2ccccc2)C(=O)c3csnn3
3236257,0,c1ccc2c(c1)c(c([nH]2)C(=O)O)CC(=O)Nc3ccc4c(c3)OCO4
3239174,0,CN(C1CCCCC1)C(=O)C2CCC(=O)N(C2c3ccc(c(c3)OC)OC)c4ccc(cc4)OC
3240001,0,c1ccc2c(c1)c(c([nH]2)C(=O)O)CC(=O)NCCN3CCN(CC3)c4ccccc4F
3240670,0,COc1ccc(cc1)N2CCN(CC2)C(=O)CCNS(=O)(=O)c3ccc4c(c3)CCC(=O)N4
3241946,0,COc1ccc(cc1OC)c2cnnn2c3ccc(cc3)N
3252560,0,Cc1ccc(cc1)c2c(cnc3n2nc(c3N=Nc4ccccc4Cl)N)C#N
3285420,0,CCOc1cc(c(cc1N2CCOCC2)OCC)NC(=O)c3ccc(cc3)S(=O)(=O)N(C)C
3318321,0,CCCCCn1c(=N)c(cc2c1nc3c(cccn3c2=O)C)S(=O)(=O)c4ccc(cc4)Br
3331978,0,COCC(=O)Nc1ccc(c(c1)S(=O)(=O)Nc2ccc(cc2)OC)N3CCOCC3
3333640,0,COc1ccc(cc1S(=O)(=O)N2CCOCC2)CC(=O)Nc3ccc(cc3)N4CCOCC4
3423729,0,Cc1c(c(on1)C)N=Nc2ccccc2C(=O)O
3434844,0,COc1ccc(cc1)OCC(=O)Nc2ccc(cc2)N3CCN(CC3)Cc4ccccc4F
3436588,0,Cc1c(c2ccccc2[nH]1)Cc3nnc(o3)SCC=C
3488162,0,Cc1c(c(=O)n(n1C)c2ccccc2)NC(=O)CN3CCN(CC3)c4ccc(cc4)[N+](=O)[O-]
3491594,0,c1ccc(c(c1)Cn2c3ccccc3nn2)O
3523673,0,Cc1cc(c(n1c2ccc(cc2)Cl)C)C(=O)C(=O)O
3547882,0,CCCCN(C)c1ccc(cc1)[N+](=O)[O-]
3548750,0,c1ccn2c(c1)nc3c(c2=O)cc(c(=N)n3CC4CCCO4)S(=O)(=O)c5ccc(cc5)Cl
3566101,0,Cc1ccc(cc1)c2ccc(n2CC(=O)Nc3cc(ccc3OC)OC)CCC(=O)O
3578825,0,CCCCCc1c(c(c2nc3ccccc3n2c1n4ccnc4C)C#N)C
3587874,0,CCOc1cc(c(cc1N2CCOCC2)OCC)NC(=O)COC(=O)c3ccccc3C
3589508,0,CC(=O)Nc1ccc(cc1)S(=O)(=O)N(C)c2ccc(cc2)OCC(=O)OCC(=O)N3CCCCC3
3603126,0,Cc1nc2n(n1)c(c(s2)C(c3ccccc3)N4CCN(CC4)c5ccc(cc5)OC)O
3627144,0,COc1ccc(cc1)C2c3c([nH]c(=O)s3)SCC2C(=O)N
3646512,0,CCOc1cc(c(cc1N2CCOCC2)OCC)NC(=O)COC(=O)c3ccc(nc3)Cl
3727986,0,CCCOc1ccc(cc1)N2C(=O)C3C(C2=O)C4(C(=O)c5ccccc5C4=O)NC3C(C)C
3738435,0,CCOc1ccc(cc1)N2C(=O)C3C(c4c([nH]c(=O)s4)SC3C2=O)c5ccc(c(c5)OC)OC
3769284,0,Cc1ccc(cc1)SCC(=O)Nc2ccc(c(c2)F)N3CCN(CC3)c4ccccc4
3770795,0,c1cn(c(=O)[nH]c1=O)C2C(CC(O2)CO)N=[N+]=N
3772437,0,Cc1c(c(nc(n1)C(F)(F)F)Nc2ccc(cc2)N=Nc3ccccc3)C#N
3787638,0,CN(C)C(=O)c1cccn1c2c(cc(cn2)C(F)(F)F)Cl
3787733,0,CCN(CC)C(=O)C(=O)c1cc(n(c1C)c2ccc(cc2)F)C
3791072,0,CC12CCC3c4cc(c(cc4CCC3C1CCC2=O)O)CN5CCOCC5
3792687,0,COc1ccc(cc1)NS(=O)(=O)c2cc(ccc2N3CCCCC3)N
3851766,0,CCN(CC)c1ccc(cc1S(=O)(=O)Nc2ccc(cc2)OC)N
3882351,0,CCCC(=O)C1=C(CC(CC1=O)c2ccccc2)NCCc3c([nH]c4c3cccc4)C
389657,0,CSc1[nH]c(c(c(=O)n1)C#N)c2ccc(cc2)Cl
3897576,0,c1cc(c(cc1[N+](=O)[O-])S(=O)(=O)N2CCOCC2)N3CCOCC3
3927138,0,CCC(c1ccccc1)C(=O)Nc2ccc(c(c2)S(=O)(=O)Nc3ccccc3OC)N4CCOCC4
3927721,0,CC(C)C(C(=O)Nc1ccc(cc1)N2CCOCC2)NC(=O)c3ccc(cc3)C(C)(C)C
3937605,0,CC(=O)OCC(=O)N1CCN(CC1)c2ccc(cc2)[N+](=O)[O-]
3946532,0,COc1cc(cc(c1OC)OC)CCC(=O)N2CCN(CC2)c3ccc(cc3)[N+](=O)[O-]
3950292,0,Cc1cc(c(cc1NS(=O)(=O)c2ccc(cc2)OC)S(=O)(=O)c3ccccc3)O
3965500,0,CN(C1CCS(=O)(=O)C1)C(=O)COC(=O)c2ccc3c(c2)c4c([nH]3)CCCC4
3965985,0,Cn1c2c(c(=O)n(c1=O)C)n(cn2)CC(=O)N3CCN(CC3)c4ccc(cc4)OC
4042555,0,CCCC1(C(=O)N(C(=O)N1)CC(=O)Nc2ccc(cc2)N3CCOCC3)c4ccccc4
4098023,0,CCOC(=O)C1CCCN(C1)C(=O)COc2ccc(cc2)N(C)S(=O)(=O)c3ccc(cc3)C
4193058,0,c1cc(cc(c1)S(=O)(=O)N2CCOCC2)NN=C3C(=O)CCCC3=O
4198665,0,CCC(C)C(C(=O)O)NC=C1C(=O)OC(OC1=O)(C)C
4225068,0,COC(=O)Nc1ccc(c(c1)S(=O)(=O)N2CCOCC2)N3CCOCC3
4226872,0,CCOc1ccc(cc1)NC(=O)Cc2c3ccccc3n(c2C(=O)O)C
4231034,0,Cc1ccc(cc1)C2C(C(=O)N2c3ccc(cc3)OC)OC(=O)C
424701,0,COc1ccc2c(c1)c3c([nH]2)CCNC3
42604828,0,c1ccc2c(c1)C(=O)NC3CC=CC3N2Cc4cccs4
4261520,0,CCOC(=O)C1=C(N(C(=O)NC1c2c3ccccc3ccc2O)C)C
4263763,0,CC(C)(C)CC(=O)Nc1ccc(c(c1)S(=O)(=O)Nc2ccccc2OC)N3CCOCC3
4269779,0,COc1ccc(cc1)NS(=O)(=O)c2cc(ccc2N3CCOCC3)NC(=O)c4ccc(=O)[nH]c4
42901240,0,CC(C(=O)Nc1ccc(cc1)N2CCOCC2)Sc3[nH]c(cc(=O)n3)N
4305433,0,CN1CCN(CC1)C2=C(C(=O)C(C2(OC)OC)(CC=C)Cl)Cl
4306603,0,Cc1ccc(cc1C)S(=O)(=O)NCC(=O)N2CCN(CC2)c3ccc(cc3)OC
4311894,0,Cc1ccc(cc1S(=O)(=O)N2CCCCC2)C(=O)Nc3ccc(cc3)N4CCOCC4
4313746,0,Cc1ccc(cc1)C(CCc2ccc(cc2)N)O
4324389,0,Cc1c(c(=O)[nH]c(=O)[nH]1)S(=O)(=O)N(CC(=O)OC)c2ccc3c(c2)OCO3
4391202,0,CC(C)(C)CC(=O)Nc1ccc(c(c1)S(=O)(=O)Nc2ccc(cc2)OC)N3CCCC3
4393750,0,Cc1ccc(n1c2ccc(cc2)C(=O)NN=C3CCCC3)C
4400958,0,CC(=O)N1CCc2cc(c(cc2C1c3cc(ccc3O)Br)OC)OC
4401276,0,Cc1c[n+](ccc1CC2C(=CN=C3N2N=CN3)[N+](=O)[O-])C
4407656,0,Cc1c(c2ccccc2[nH]1)CCNC3=C(C(=O)CC(C3)c4ccccc4)C(=O)C
44144367,0,Cn1ccc2c1ccc(c2)c3csc(n3)N4CCC(CC4)C(=O)N
4437250,0,CCNC(=S)N(CCc1c([nH]c2c1cccc2)C)Cc3cccnc3
4439783,0,CCOc1ccc(cc1)N2CC(CC2=O)C(=O)Nc3cc(c(cc3OCC)N4CCOCC4)OCC
44486966_44485755_44486360,0,CC1CN(C(=O)CCCn2c(cnn2)COC1CN(C)C(=O)Nc3ccc(cc3)N4CCN(CC4)C)C(C)CO
4458149,0,CCN(c1ccc(cc1)OCC)S(=O)(=O)c2cccc3c2nsn3
44602299,0,CN1CC=C2C(C1)C(C(C(=C2C#N)N)(C#N)C#N)c3cc4c(c(c3)OC)OCO4
44825764,0,CCOC(=O)C1=C(N(CCC1=O)Cc2ccccc2)C(=O)OCC
44825773,0,CCOC(=O)C1=C(N(CCC1=O)CC=C)C(=O)OCC
4518549,0,CCOc1cc(c(cc1N2CCOCC2)OCC)NC(=O)CSc3nccc(n3)C
4520012,0,Cc1ccc2cc3c(c(cn(c3=O)C)C=O)nc2c1
4523499,0,CCC(=O)Nc1ccc(c(c1)S(=O)(=O)Nc2ccc(cc2)OC)N3CCOCC3
45280811,0,Cc1cn(c(=O)[nH]c1=O)CC(=O)NCc2ccc(cc2)N(C)C
4612292,0,CN(Cc1ccccc1)c2ccc(cc2C(=O)O)[N+](=O)[O-]
4613977,0,Cc1ccccc1OCc2nc(no2)c3ccc(cc3)n4cccc4
4618402,0,c1cc(ccc1NC(=O)CN2CCN(CC2)Cc3ccc4c(c3)OCO4)N5CCOCC5
4642237,0,Cc1c(c(on1)C)N=Nc2ccc(cc2C(=O)O)Br
4646645,0,COc1cccc(c1)NC(=O)Cc2c3ccccc3[nH]c2C(=O)O
4669884,0,c1ccc(cc1)N2CCN(CC2)c3ccc(cc3F)NC(=O)CSc4ccc(cc4)Cl
4671832,0,c1ccc(cc1)CN2C(c3ccccc3C2=O)N=[N+]=N
46902889,0,CC1CN(C(=O)C1CC(=O)NC)c2ccc(cc2)OC
46903041,0,CC1(CN(C(=O)C1CC(=O)Nc2ccc(cc2)Br)c3ccc(cc3)OC)C
46903663,0,c1cc(ccc1CNCC2C(C(C(O2)n3ccc(nc3=O)N)O)O)N4CCNCC4
46904322,0,c1ccc(cc1)CC2c3nc4ccccc4c(=O)n3-c5c(cccn5)C(=O)N2
46904328,0,Cc1ccc2c(c1)nc3n(c2=O)-c4c(cccn4)C(=O)NC3Cc5ccccc5
46904330,0,Cc1ccc2c(c1)c(=O)n-3c(n2)C(NC(=O)c4c3nccc4)Cc5ccccc5
46904332,0,c1ccc(cc1)CC2c3nc4cc(ccc4c(=O)n3-c5c(cccn5)C(=O)N2)F
46904336,0,COc1ccc2c(c1)c(=O)n-3c(n2)C(NC(=O)c4c3nccc4)Cc5ccccc5
46904348,0,Cc1ccc2c(c1)nc3n(c2=O)-c4c(cccn4)C(=O)NC3Cc5ccc(cc5)O
46904352,0,c1cc2c(nc1)-n3c(=O)c4ccc(cc4nc3C(NC2=O)Cc5ccc(cc5)O)F
46904400,0,CC(C)CC1c2nc3ccccc3c(=O)n2-c4c(cccn4)C(=O)N1
46904408,0,CC(C)CC1c2nc3ccc(cc3c(=O)n2-c4c(cccn4)C(=O)N1)OC
46904412,0,CC(C)CC1c2nc3cc(c(cc3c(=O)n2-c4c(cccn4)C(=O)N1)F)F
46904418,0,CCC1c2nc3ccc(cc3c(=O)n2-c4c(cccn4)C(=O)N1)C
46904420,0,CCC1c2nc3cc(ccc3c(=O)n2-c4c(cccn4)C(=O)N1)F
46904422,0,CCC1c2nc3ccc(cc3c(=O)n2-c4c(cccn4)C(=O)N1)F
46904424,0,CCC1c2nc3ccc(cc3c(=O)n2-c4c(cccn4)C(=O)N1)OC
46904426,0,CCC1c2nc3cc(cc(c3c(=O)n2-c4c(cccn4)C(=O)N1)C)C
46904428,0,CCC1c2nc3cc(c(cc3c(=O)n2-c4c(cccn4)C(=O)N1)OC)OC
46904436,0,CC1c2nc3ccc(cc3c(=O)n2-c4c(cccn4)C(=O)N1)OC
46904438,0,Cc1cc(c2c(c1)nc3n(c2=O)-c4c(cccn4)C(=O)NC3C)C
46904442,0,CCCC1c2nc3ccccc3c(=O)n2-c4c(cccn4)C(=O)N1
46904448,0,CCCC1c2nc3ccc(cc3c(=O)n2-c4c(cccn4)C(=O)N1)C
46904450,0,CCCC1c2nc3ccc(cc3c(=O)n2-c4c(cccn4)C(=O)N1)Br
46942483,0,Cn1cc(cn1)c2ccc(c3c2cco3)C(=O)NCc4ccc(cc4)N5CCN(CC5)C
46947953,0,CCOc1cccc(c1O)CN2CCC(CC2)Oc3ccc(cc3)C(=O)N4CCCC4
46947990,0,CN1CCN(CC1)c2ccc(cc2)CNC(=O)C3Cc4c(ccnc4O3)c5ccccc5Oc6ccccc6
4727225,0,CCCn1c(nnn1)NCc2ccc(cc2)N(C)C
4781023,0,C=CCn1c(nnc1SCC(=O)Nc2ccc(cc2)N3CCOCC3)c4ccncc4
4787587,0,CCOC(=O)N1CCN(CC1)C(=O)c2ccc3c(c2)c(c([nH]3)C)C
4832812,0,CN(CC(=O)Nc1ccc(cc1)N2CCOCC2)CC(=O)Nc3ccc(cc3Br)[N+](=O)[O-]
4832929,0,COCCCN(CC(=O)Nc1ccc(cc1)N2CCOCC2)S(=O)(=O)c3ccccc3
4849685,0,COc1ccc(cc1)CCC(=O)Nc2ccc(c(c2)S(=O)(=O)Nc3ccc(cc3)OC)N4CCOCC4
4849728,0,COC(=O)c1ccccc1S(=O)(=O)N2CCC(CC2)C(=O)Nc3ccc(cc3)N4CCOCC4
4849989,0,CCOc1cc(c(cc1N2CCOCC2)OCC)NC(=O)c3ccc(c(c3)S(=O)(=O)N4CCOCC4)F
4851330,0,COc1cccc(c1)CC(=O)Nc2ccc(c(c2)S(=O)(=O)Nc3ccccc3OC)N4CCOCC4
4870145,0,COc1cc(cc(c1OC)OC)c2c(c(=O)n3c(n2)SCC3)C#N
4875603,0,Cc1cc(=O)oc2c1ccc(c2)OCc3ccc(cc3)C(=O)N4CCN(CC4)c5ccc(cc5)[N+](=O)[O-]
4875864,0,CC(C(=O)Nc1ccc(cc1)N2CCOCC2)OC(=O)CC3CC4CCC3C4
4881136,0,CC1(C(=O)N(C(=O)N1)CC(=O)Nc2ccc(cc2)N3CCOCC3)c4cccc(c4)OC
4881325,0,Cc1cccc(c1C)N2CC(CC2=O)C(=O)Nc3ccc(cc3)N4CCOCC4
4883548,0,COc1ccc(cc1)N2CCN(CC2)C(=O)CNC(=O)c3ccc4ccccc4c3
4885403,0,CC(=O)Nc1ccc(c(c1)S(=O)(=O)Nc2ccccc2Cl)N3CCOCC3
4966179,0,Cn1c2ccc(cc2nc1CCC(=O)Nc3ccc(cc3)N4CCOCC4)S(=O)(=O)N(C)C
4969999,0,Cc1c2cc(ccc2[nH]c1C(=O)N3CCN(CC3)C)OC
4971436,0,Cc1c2cc(ccc2[nH]c1C(=O)N(C)Cc3ccccc3)OC
4973906,0,COc1ccc(cc1OC)N2C3CS(=O)(=O)CC3SC2=NC(=O)C4CCCCC4
4974512,0,CCN(CC)c1ccc(cc1)N2C3CS(=O)(=O)CC3SC2=NC(=O)C4CC4
4976789,0,CN1CC2(Cc3c1ccc(c3)[N+](=O)[O-])C(=O)N(C(=O)N(C2=O)C)C
49786273,0,c1ccc2c(c1)cnnc2Nc3nc(cs3)C(Cc4ccc(cc4)N)N
49790381,0,CC(=O)Nc1ccc(cc1)c2ccnc3c2CC(O3)(C)C(=O)NCc4ccc(cc4)N(C)C
49790561,0,c1cc(ccc1NC(=O)c2csc(n2)C3C(C(C(C(O3)CO)O)O)O)N4CCOCC4
49795517,0,CN(C)c1ccc(cc1)CC(=O)N2CCCC(C2)c3cc(no3)C(=O)Nc4ccccc4
5020792,0,CC(C(=O)Nc1ccc(cc1)N2CCOCC2)Sc3nnc(n3C)C(F)(F)F
5028776,0,CCC(CC)NC(=O)c1cc(ccc1N2CCOCC2)[N+](=O)[O-]
5042365,0,Cc1ccc(c(n1)[N+](=O)[O-])OCC(=O)Nc2ccc(cc2)N3CCOCC3
5093328,0,CCOC(=O)C1C(NC(=O)NC1(C(F)(F)F)O)c2ccccc2O
5108122,0,CCc1nnc(o1)SCC(=O)Nc2ccc(cc2)N3CCN(CC3)S(=O)(=O)C
5110228,0,CC(C)CCNC(=O)c1cc(ccc1N2CCOCC2)[N+](=O)[O-]
51360122,0,CN(C)c1ccc(cc1)CNC(=O)C=CC2C(C(C(O2)n3ccc(=O)[nH]c3=O)O)O
51360151,0,Cc1cn(c(=O)[nH]c1=O)C2CC(C(O2)C=CC(=O)NCc3ccc(cc3)N(C)C)O
51360218,0,CS(=O)(=O)c1cc(ccc1CNCC2C(C(C(O2)n3cnc4c3[nH]c(nc4=O)N)O)O)N5CCOCC5
51360222,0,CN1CCN(CC1)c2ccc(c(c2)S(=O)(=O)C)CNCC3C(C(C(O3)n4cnc5c4[nH]c(nc5=O)N)O)O
51360564,0,Cn1ccc2c1c3c(cc2c4cccnc4)C5CCC3O5
51360706,0,Cn1ccc2c1c3c(cc2c4ccc(nc4)F)C5CCC3O5
51360914,0,CC(C)(C)C(=O)N1Cc2cc(ccc2-n3c(cnn3)C1)N4CCOCC4
51360915,0,CC(C)(C)C(=O)N1Cc2cc(ccc2-n3c(cnn3)C1)N4CCCCC4
51360921,0,c1ccc(cc1)CCC(=O)N2Cc3cc(ccc3-n4c(cnn4)C2)N5CCOCC5
51360925,0,Cc1ccc(cc1)S(=O)(=O)N2Cc3cc(ccc3-n4c(cnn4)C2)N5CCOCC5
51360931,0,COc1ccc(cc1)CN2Cc3cc(ccc3-n4c(cnn4)C2)N5CCCCC5
51360940,0,c1cc-2c(cc1N3CCCCC3)CN(Cc4n2nnc4)C(=O)NC5CCCCC5
51360945,0,CCOC(=O)CNC(=O)N1Cc2cc(ccc2-n3c(cnn3)C1)N4CCCCC4
51360966,0,CN1C2CC(N(CC2CO1)C(=O)NC3CCCCC3)c4ccc(cc4)N5CCCCC5
51360967,0,CN1C2CC(N(CC2CO1)C(=O)Nc3ccccc3)c4ccc(cc4)N5CCCCC5
51360999,0,CN1C2CC(N(CC2CO1)C(=O)CCc3ccccc3)c4ccc(cc4)N5CCCCC5
51361002,0,CN1C2CC(N(CC2CO1)S(=O)(=O)c3ccccc3)c4ccc(cc4)N5CCCCC5
51361016,0,CC(C1CN2CCc3c4ccccc4[nH]c3C2CC1N(C)C(=S)Nc5ccc(cc5)C#N)O
51361021,0,CC(C1CN2CCc3c4ccccc4[nH]c3C2CC1N(C)C(=O)OCc5ccccc5)O
51361036,0,CN1C2CC(N(CC2CO1)C(=S)Nc3ccc(cc3)C#N)c4ccc(cc4)N5CCCCC5
51361130,0,COc1ccc(cc1)N2CCN(CC2)C(=O)c3c(nc([nH]3)C(F)(F)F)c4ccccc4
51361476,0,CCC(c1[nH]c2ccccc2n1)N(c3ccc(cc3)N4CCOCC4)C(=O)Cc5cc(cc(c5)OC)OC
51361611,0,CN(C)c1ccc(cc1)CNC(=O)CCC2C(C(C(O2)n3cnc4c3ncnc4NC(=O)c5ccccc5)O)O
51361624,0,CN(C)c1ccc(cc1)CNC(=O)C=CC2C(C(C(O2)n3cnc4c3ncnc4NC(=O)c5ccccc5)O)O
5159325,0,CC1CC(CN(C1)CCCNC(=O)Cc2c3ccccc3n(c2C(=O)O)C)C
5196583,0,c1cc(n(c1)c2c(cc(cn2)C(F)(F)F)Cl)S(=O)(=O)N
5286607,0,c1ccc(cc1)n2c(c(c(n2)C(=Cc3ccc(c(c3)[N+](=O)[O-])N4CCCCC4)C#N)C#N)N
5291502,0,c1ccc(c(c1)N2C(=O)C(=CNCCC3=CCCCC3)C(=O)NC2=O)F
5292108,0,CCCC1=NN(C(=O)C1=CNc2ccc(cc2)C)c3ccc(cc3)F
5292256,0,CCCC1=NN(C(=O)C1=CNCC2CCCO2)c3ccc(cc3)F
5293019,0,CC1=C(C(=Cc2cccs2)C(=O)N1CCCOC)C(=O)OC
5308183,0,CCOc1ccc(cc1)N(CC(=O)NC2CCCCCC2)S(=O)(=O)c3c(noc3C)C
5309496,0,CCOc1ccc(cc1)N(CC(=O)N2CCCC2)S(=O)(=O)c3c(noc3C)C
5310654,0,Cc1cc(ccc1NC=C2C(=O)N(C(=O)N(C2=O)C)C)Cl
5310660,0,CC(CO)(CO)NC=C1C(=O)NC(=O)N(C1=O)c2cccc3c2cccc3
5310666,0,CCC1=NN=C2C1=C(CC(C2)(C)C)NO
5310771,0,CN1C(=O)C(=CNCc2cccs2)C(=O)N(C1=O)C
5310776,0,CCOc1ccc(cc1)N2C(=O)C(=CNc3ccc(cc3)N4CCOCC4)C(=O)NC2=O
5310792,0,CN1C(=O)C(=CNCCCCCC(=O)O)C(=O)N(C1=O)C
5322419,0,CN(C)Cc1c(ccc2c1oc(c(c2=O)c3ccccc3Cl)C(F)(F)F)O
53299371,0,CCN(CC)N=NC1=C[N+](=O)CC=C1
53300758,0,CC1(CCC(=O)N1c2ccc(cc2)N3CCOCC3)c4nnnn4Cc5ccccc5
53300769,0,CCCCn1c(nnn1)C2(CCC(=O)N2c3ccc(cc3)N4CCOCC4)C
53300898,0,CCC(c1nnnn1c2ccc3c(c2)OCCO3)N4CCN(CC4)c5ccc(cc5)C
5331379,0,CN1C(=O)C(=CNc2ccc(cc2)OC)C(=O)NC1=O
5332177,0,CCCCCCNC=C1C(=O)N(C(=O)N(C1=O)C)C
5337937,0,CCCCC1=NN=C2C1=C(CC(C2)(C)C)NO
5340275,0,CC(=NNC(=O)CN(c1ccc(cc1)OC)S(=O)(=O)c2ccccc2)c3ccccc3
5344805,0,c1ccc(cc1)N2C(=O)C(=NNc3ccc(cc3)Br)C(=O)NC2=O
5347409,0,Cc1cccc(c1)n2c(cc(c2C)C=NO)C
5348260,0,Cc1cc(nc(n1)NS(=O)(=O)c2ccc(cc2)NC=C3C(=O)N(C(=O)N(C3=O)C)C)C
5348503,0,c1ccc2=C(NNC(=c2c1)c3ccc(cc3)C(=O)NCCO)N=C4C=CC(=O)C=C4
5353980,0,c1ccnc(c1)NS(=O)(=O)c2ccc(cc2)NN=C3C=CC(=O)C(=C3)C(=O)O
5367700,0,CN1C(=O)C(=CNCC2CCNCC2)C(=O)N(C1=O)C
5382860,0,Cc1ccc(cc1)N2C(=O)C(=CN)C(=O)N(C2=O)c3ccc(cc3)C
5389092,0,CCC(=C1C(=O)N(C(=O)N(C1=O)C)C)Nc2ccccc2NC(=O)C
5389111,0,CC(=C1C(=O)N(C(=O)N(C1=O)C)C)NCCO
5389163,0,c1ccc(cc1)CCN2C(=O)C(=CNCCN3CCNCC3)C(=O)NC2=O
5389189,0,c1cc(cc(c1)Cl)N2C(=O)C(=CNCCN3CCCCC3)C(=O)NC2=O
5389197,0,CN1C(=O)C(=CNC2CCN(CC2)Cc3ccccc3)C(=O)N(C1=O)C
5389478,0,CC(=C1C(=O)NC(=O)N(C1=O)Cc2ccccc2)NCCCN3CCOCC3
5389484,0,CCN(CC)CCNC=C1C(=O)NC(=O)N(C1=O)CCC2=CCCCC2
5389489,0,CC(=C1C(=O)NC(=O)N(C1=O)C2CCCCC2)Nc3ccc(cc3OC)OC
5389493,0,CC(=C1C(=O)N(C(=O)N(C1=O)C)C)Nc2ccc3c(c2)CCC3
5389536,0,CN1C(=O)C(=CNCCCNC2CCCCC2)C(=O)N(C1=O)C
5389549,0,CC(=C1C(=O)NC(=O)N(C1=O)CC=C)NCCCO
5389561,0,CCC(=C1C(=O)NC(=O)N(C1=O)c2ccc(cc2)Cl)NCCO
5389577,0,CCC(=C1C(=O)NC(=O)NC1=O)NCCC2=CCCCC2
5389595,0,CCN(CC)CCCNC(=C1C(=O)NC(=O)N(C1=O)c2ccccc2)C
5389601,0,CC(=C1C(=O)NC(=O)N(C1=O)c2ccc(cc2)OC)NCc3ccco3
5389618,0,Cc1ccc(cc1C)N2C(=O)C(=CNC3CCCCC3N)C(=O)NC2=O
5389623,0,CCCCN1C(=O)C(=C(C)NCc2ccc(cc2)F)C(=O)NC1=O
5389642,0,CC(=C1C(=O)N(C(=O)N(C1=O)C)C)NC2CCN(CC2)Cc3ccccc3
5389646,0,CC(=C1C(=O)NC(=O)N(C1=O)CC=C)NC2CC2
5389649,0,CC(=C1C(=O)NC(=O)N(C1=O)Cc2ccccc2)NCCCO
5389684,0,CCC(=C1C(=O)NC(=O)N(C1=O)c2ccc(cc2)OC)NCc3ccco3
5389743,0,CCOC(=O)CCNC=C1C(=O)NC(=O)N(C1=O)c2ccc(cc2)Br
5389757,0,c1cc(cnc1)CNC=C2C(=O)NC(=O)N(C2=O)Cc3ccc(cc3)F
5389786,0,Cc1cccc(c1C)N2C(=O)C(=CNCc3cccnc3)C(=O)NC2=O
5389848,0,Cc1cccc(c1C)N2C(=O)C(=CNCCCN3CCOCC3)C(=O)NC2=O
5389883,0,CSCCC(C(=O)O)NC=C1C(=O)NC(=O)N(C1=O)c2ccc(cc2)F
5389933,0,CCOCCCNC=C1C(=O)NC(=O)N(C1=O)Cc2ccccc2
5389936,0,CN1C(=O)C(=CNC(CC(=O)N)C(=O)O)C(=O)N(C1=O)C
5389946,0,CN(C)CCNC=C1C(=O)NC(=O)N(C1=O)C2CCCCCC2
5389960,0,Cc1ccc(cc1N2C(=O)C(=CNCCCN3CCOCC3)C(=O)NC2=O)Cl
5407256,0,CCCC1=NN=C2C1=C(CCC2)NO
5419749,0,C=CCN1C(=O)C(=CNN2CCOCC2)C(=O)NC1=S
5421746,0,C1CC1N2C(=O)C(=CNN3CCOCC3)C(=O)NC2=S
5432368,0,c1cc(c(cc1NN=C2C(=NN(C2=O)c3c(cc(cc3Cl)Cl)Cl)N)C(=O)N)Cl
5438373,0,CN(C)Cc1c(ccc2c1oc(c(c2=O)c3ccccc3)C(F)(F)F)O
5440280,0,CN1c2ccc(cc2C(=NNC(=O)CNC(=O)c3ccccc3)C1=O)Br
5440507,0,c1ccc(cc1)n2cc(c(n2)c3ccc(cc3)F)C=c4c(=O)n5c6ccccc6nc5s4
544906,0,c1cc(sc1)C(=O)N2CCN(CC2)c3ccc(cc3F)[N+](=O)[O-]
5449395,0,CCOC(=O)c1c(c(sc1NN=C(C(=O)C)C(=O)OCC)C(=O)OCC)C
5453994,0,CC1=NN(C(=O)C1=CNc2ccc(cc2)S(=O)(=O)N(C)C)c3ccccc3
54681732,0,CCc1ccc(cc1)N2C(=O)C(=C(C)O)C(=O)NC2=O
54681735,0,CCCCCCC(=C1C(=O)NC(=O)N(C1=O)c2ccccc2OC)O
5484377,0,Cc1ccc(cc1)S(=O)(=O)N=NC=C2C=CC=CN2O
5514796,0,c1cc(ccc1N2C(=O)C(=CNN3CCOCC3)C(=O)NC2=S)Cl
5514833,0,c1ccc(cc1)CCN2C(=O)C(=CNN3CCOCC3)C(=O)NC2=O
5514958,0,Cc1c(c(=O)n(n1C)c2ccccc2)NC=C3C(=O)NC(=O)N(C3=O)C
5516962,0,COC(=O)c1cccc(c1)NC=C2C(=O)NC(=O)N(C2=O)Cc3ccc(cc3)F
5517793,0,Cc1cc(nc(n1)NC(=C2C(=O)NC(=O)NC2=O)N)C
5518110,0,CC(C)(C)N1C(=O)C(=CNCc2cc(cc(c2)OC)OC)C(=O)NC1=O
5520729,0,c1ccc2c(c1)cccc2N3C(=O)C(=CNN4CCCCC4)C(=O)NC3=O
5523795,0,CN1C(=O)C(=CN(C)C)C(=N1)C(F)(F)F
5524164,0,CN1C(=O)C(=CNCc2ccc(cc2)Cl)C(=N1)C(F)(F)F
5524290,0,CCOC1=NN(C(=O)C1=CN(C)C)c2ccccc2
5524318,0,CCOC1=NN(C(=O)C1=CNCC(=O)OC)c2ccc(cc2)Cl
5525038,0,c1cc(cc(c1)C(F)(F)F)CNC=C2C=NNC2=O
5525039,0,CC1=NNC(=O)C1=CNCc2cccc(c2)C(F)(F)F
5525055,0,c1ccc(cc1)C2=NOC(=O)C2=CNc3ccc(cc3)Cl
5541376,0,c1ccc(c(c1)N2C(=O)C(=CNCCN3CCNCC3)C(=O)NC2=S)F
5543863,0,c1ccc(c(c1)N2C(=O)C(=CNCCN3CCCCC3)C(=O)NC2=O)Cl
5549539,0,C1CC1N2C(=O)C(=CNCCN3CCOCC3)C(=O)NC2=S
5550978,0,CN(C)CCCNC=C1C(=O)NC(=O)N(C1=O)Cc2ccco2
5556547,0,COc1cc(cc(c1)OC)CNC=C2C(=O)NC(=S)N(C2=O)Cc3ccccc3
5557079,0,CCOc1ccc(cc1)NC=C2C(=O)NC(=O)N(C2=O)c3ccc(c(c3)C)C
5567980,0,Cc1cc(ccc1NC=C2C(=O)NC(=O)N(C2=O)c3ccccc3)S(=O)(=O)N
5586291,0,CCOc1ccc(cc1)N2C(=O)C(=CNCCN3CCNCC3)C(=O)NC2=S
5593282,0,CNC(=C1C(=O)N(C(=O)N(C1=O)C)C)SCC(=O)c2cccc(c2)Cl
5595842,0,CN1C(=O)C(=CNCCN2CCNCC2)C(=O)N(C1=O)C
5609174,0,Cc1cccc(c1)N2C(=O)C(=CNCCN3CCCCC3)C(=O)NC2=O
5622132,0,Cc1ccc(cc1)N2C(=O)C(=CNCCN3CCN(CC3)C(=O)C)C(=O)NC2=S
5656659,0,CCN1C(=O)C(=Cc2[nH]c3ccccc3n2)SC1=S
5658186,0,c1cc(cc(c1)F)NC=C2C(=O)NC(=O)NC2=O
56642968,0,CCCC(=NS(=O)(=O)c1ccc(cc1)N=NN(C)C)O
5677299,0,CN1C(=O)C(=CNc2ccccn2)C(=O)N(C1=O)C
5687268,0,CC(=O)C(=NOCc1ccc(cc1)C#N)C(=O)Nc2ccccc2OC
5706873,0,c1cc(sc1)CNC=C2C(=NNC2=O)C(F)(F)F
5711589,0,CC1CCCN(C1)Cc2c(ccc3c2occ(c3=O)c4ccc(cc4)Cl)O
5721803,0,CC1=NN(C(=O)C1=NNc2ccccc2C(=O)N3CCOCC3)c4ccccc4
5724229,0,c1ccc(cc1)NC(=O)CN2c3ccccc3C(=NNC(=O)c4ccncc4)C2=O
5726312,0,COc1ccc(cc1)C=NN2CCN(CC2)c3ccc(cc3)Cl
5727538,0,Cc1ccc(cc1)N2CCN(CC2)N=Cc3ccccc3
5727710,0,CCOC(=O)N1CCN(CC1)C(=O)C(=Cc2ccc(cc2)N(C)C)NC(=O)c3ccccc3
5733780,0,CN1CCN(CC1)C(=O)CCCN2C(=O)C(=Cc3ccc(c(c3)OC)OC)SC2=S
5760451,0,c1ccc(cc1)N2C(=O)C(=CNC34CN5CN(C3)CN(C4)C5)C(=O)NC2=O
5762163,0,Cc1ccc(cc1)N2CCN(CC2)N=CC(=Cc3ccccc3)C
5762519,0,CCOC1=CC(=CNNC(=O)C(=O)NC)C=C(C1=O)Br
5763337,0,CCC(=O)N1CCN(CC1)CCNC=C2C(=O)N(C(=O)N(C2=O)C)C
5766042,0,CC1=NN(C(=O)C1=CNCCc2ccc(cc2)S(=O)(=O)N)c3ccc(cc3)[N+](=O)[O-]
5772018,0,COc1ccc(c(c1)NC=C2C(=O)NC(=O)NC2=O)OC
577464,0,c1ccc(cc1)C(=O)C(=O)c2ccc(cc2)N
5817081,0,CC(=O)N1CCN(CC1)CCNC=C2C(=O)NC(=S)N(C2=O)c3ccc(cc3)F
5825995,0,CN(C)CCNC=C1C(=O)NC(=O)N(C1=O)Cc2ccco2
5838843,0,CN(C)CCNC=C1C(=O)NC(=O)N(C1=O)c2ccc(cc2)OC
5898321,0,Cc1cc(c(c(c1)C)N2C(=O)C(=CNN3CCCCC3c4cccnc4)C(=O)NC2=O)C
5905829,0,c1cc(ccc1NC=C2C(=NNC2=O)C(F)(F)F)Cl
5906723,0,c1cc(ccc1C(=O)N)NN=C2C(=O)NC(=O)NC2=O
5906809,0,COc1ccc(cc1OC)CCN2C(=O)C(=CNN3CCCCC3)C(=O)NC2=O
5908609,0,CCC(=C1C(=O)NC(=O)N(C1=O)CC=C)Nc2ccc(cc2)NC(=O)C
5910653,0,CCCN1c2ccccc2C(=NNC(=O)CNC(=O)c3ccncc3)C1=O
5912616,0,Cc1c(c(=O)c2ccc(c(c2o1)CN3CCOCC3)O)c4ccc(c(c4)OC)OC
5915234,0,CC(c1ccccc1)NC(=C2C(=O)NC(=O)NC2=O)C
5918816,0,CCN(CC)CCNNC(=C1C(=O)NC(=O)NC1=O)C
5921760,0,CCCCN1C(=O)C(=C(C)NCC2CCCO2)C(=O)NC1=O
5922679,0,CC(=C1C(=O)NC(=O)N(C1=O)c2ccccc2)NNC(=O)c3ccncc3
5934763,0,c1ccc(cc1)C2=NNC(=O)C2=CNc3ccccc3
5935029,0,Cc1ccccc1N2C(=O)C(=C(C)NCc3ccco3)C(=O)NC2=O
5973824,0,COc1ccc(cc1OC)C=C2C(=N)N3C(=NC2=O)SC(=N3)CC(=O)N4CCCC4
6011709,0,CCOC(=O)NN=C1c2ccccc2N(C1=O)CC=C
6025792,0,CCN1c2ccccc2C(=NNC(=O)Cc3csc(n3)N4CCOCC4)C1=O
6044740,0,CC(C)(C)OC(=O)C(CCSC)NC=C1C(=O)NC(=O)N(C1=O)c2ccc(cc2)F
6076489,0,CCN1c2ccccc2C(=NNC(=O)CNC(=O)c3cccnc3)C1=O
607657,0,CC(=O)NS(=O)(=O)c1ccc(cc1)N=NN2CCCCCC2
6077425,0,CC(=C1C(=O)NC(=O)N(C1=O)c2ccc(cc2)OC)NCCc3c[nH]c4c3cccc4
6082749,0,CCOC(=O)C(=NNc1c(csc1C(=O)OC)S(=O)(=O)Cc2ccco2)C#N
6104566,0,CC(=C1C(=O)NC(=O)N(C1=O)c2ccc(cc2)Cl)NCc3ccco3
6115946,0,CCSC1=NC(=Cc2ccc(s2)C)C(=O)S1
612977,0,c1cc2c(cc1Cl)c3c([nH]2)C(=O)CCC3
6131113,0,CCN1c2ccccc2C(=NNC(=O)Cn3ccc(n3)C(F)(F)F)C1=O
614144,0,CC1=C(C(NC(=C1C(=O)OC)C)c2c3ccccc3ccc2O)C(=O)OC
6147995,0,CCC(=C1C(=O)NC(=O)N(C1=O)CC=C)Nc2ccc(cc2)C(=O)O
6183650,0,COC(=O)C(=Cc1ccc(c(c1)[N+](=O)[O-])N2CCOCC2)C#N
621516,0,Cc1c(sc(c1C(=O)OC)N)Cc2ccccc2
6222410,0,CC(=C1C(=O)NC(=O)N(C1=O)Cc2ccccc2)NCCN3CCOCC3
6225850,0,CCN(C1CCS(=O)(=O)C1)C(=O)CN2C(=O)C(=Cc3ccc(cc3)F)SC2=S
6227090,0,c1ccc(cc1)C=C2C(=O)N(C(=S)S2)CCC(=O)NC3CCS(=O)(=O)C3
6230100,0,CC(C)(C)OC(=O)C(CCSC)NC=C1C(=O)NC(=O)N(C1=O)c2ccc(cc2)Br
6230948,0,CC(=C1C(=O)NC(=O)N(C1=O)c2ccccc2)NCCN3CCCCC3
6237010,0,CN(C1CCS(=O)(=O)C1)C(=O)CN2C(=O)C(=Cc3ccc(cc3)F)SC2=S
6237313,0,c1ccc(c(c1)C=C2C(=O)N(C(=S)S2)CCC(=O)NC3CCS(=O)(=O)C3)Cl
6237879,0,c1cc(ccc1C=C2C(=O)N(C(=S)S2)CCC(=O)NC3CCS(=O)(=O)C3)F
6238957,0,CCCCN1C(=O)C(=C(C)NCc2ccco2)C(=O)NC1=O
624510,0,Cc1c(c2cc(ccc2n1c3ccccc3OC)O)C(=O)C
6245878,0,CCN1C(=O)C(=Cc2cn(c3c2cccc3)CC(=O)O)C(=O)NC1=O
6292537,0,CC1=NC(=Cc2ccc(cc2)[N+](=O)[O-])C(=O)N1c3ccc(cc3)OC
6309282,0,CC1(OCCO1)CC(=O)NNC=C2C=C(C(=O)C(=C2)Br)OC
6346151,0,CC1=NN(C(=O)C1=CNCC(=O)OC)c2ccccc2
6346522,0,COCC1=NNC(=O)C1=CNc2ccc(cc2)C(F)(F)F
6355466,0,Cc1cccc(n1)NC=C2C(=NN(C2=O)c3ccccc3)C
6370146,0,Cc1ccc(cc1)N2C(=O)C(=C(C)NCc3ccco3)C(=O)NC2=O
6375521,0,CN(C)C(=C1C(=O)OC(=N1)c2ccccc2)Cn3cncn3
6404196,0,COc1ccc(cc1)N2CCN(CC2)c3ccc(nn3)Cl
6413469,0,c1cc(c(cc1[N+](=O)[O-])Cl)N2CCN(CC2)c3ccc(nn3)Cl
645651,0,CC1C2CN(CC=C2C(=C(C1(C#N)C#N)N)C#N)C(=O)C
6457312,0,CSc1ccc(cc1)OCC(=O)Nc2ccc(c(c2)Cl)N3CCOCC3
6457492,0,COc1ccc(cc1)N2CC(CC2=O)C(=O)N3CCN(CC3)c4ccccc4OC
6457989,0,c1cc(ccc1C(=O)Nc2ccc(c(c2)Cl)N3CCOCC3)n4cnnc4
645863,0,COc1ccc(cc1)N2CCN(CC2)C(=O)Cn3nc(nn3)c4ccc(c(c4)OC)OC
6460750,0,CCc1ccc(cc1)N2CCN(CC2)C(=O)c3ccc4c(c3)OCO4
6462741,0,Cc1cc(c(c(=O)n1CC(=O)Nc2ccc(cc2)N3CCOCC3)C#N)COC
6470649,0,CC(=O)N(C)c1ccc(cc1)NS(=O)(=O)c2cccc3c2nsn3
6471152,0,CCc1ccc(cc1)C(=O)N2CCN(CC2)c3ccc(cc3)NC(=O)c4ccco4
6484036,0,COc1ccc(cc1)NC(=O)Cn2c(ccc2c3ccccc3)CCC(=O)O
6493094,0,Cc1ccc(c(c1)C)NC(=O)COc2ccc(cc2)N3CC(CC3=O)C(=O)N
649752,0,CCCOc1ccc(cc1)N2CC(CC2=O)C(=O)Nc3ccccn3
649800,0,CCN1C(=O)C2C(NC(C2C1=O)(C)C(=O)OCC)c3ccc(cc3)N(C)C
6498134,0,c1ccc2c(c1)nnn2Cc3cc(ccc3O)Br
651233,0,CCCn1c(cnc1SCC(=O)O)c2ccc(cc2)F
651452,0,CCn1c(=N)c(cc2c1nc3c(cccn3c2=O)C)C(=O)NCc4cccnc4
651941,0,c1ccc2c(c1)c(=O)n(c(n2)c3ccco3)c4ccc(cn4)Br
652839,0,CCn1cc(c(=O)c2c1nc(cc2)C)C(=O)NCc3ccccc3OC
652920,0,Cc1cccc(c1)OCC(=O)Nc2ccc(cc2)N3CCN(CC3)S(=O)(=O)C
653407,0,COc1cccc(c1C(=O)Nc2ccc(cc2)N3CCN(CC3)S(=O)(=O)C)OC
653484,0,CC1(OC(=O)C(=CNc2ccc(cc2)F)C(=O)O1)C
653696,0,Cc1nccn1c2c3c(c(c4n2c5ccccc5n4)C#N)CCCC3
654689,0,CCC1(C2C(C(N1)c3ccc(cc3)N(C)C)C(=O)N(C2=O)C)C(=O)OCC
654919,0,CC(=O)N1CCN(CC1)c2ccc(cc2)NC(=O)c3ccc4c(c3)OCCO4
655008,0,CCOC(=O)c1c(c(sc1N)C(=O)N2CCCC2)C
655289,0,c1cc(oc1)CNC(=O)CN(c2ccc3c(c2)OCCO3)C(=O)CCC(=O)Nc4nccs4
658349,0,Cc1ccc2c(c1)c3c(n2CC(=O)OC)CCCC3
658714,0,Cc1ccc(cc1)N(CC(=O)O)C2C(=O)NC(=O)S2
659268,0,c1ccc2c(c1)c3c([nH]2)CCN(C3)C(=O)CN4CCN(CC4)Cc5ccc6c(c5)OCO6
660102,0,Cc1c(=O)n(c2ccccc2[n+]1[O-])OCc3c(cccc3F)F
660154,0,CCOC(=O)c1cc2c(nc3c(cccn3c2=O)C)n(c1=N)Cc4cccnc4
660272,0,CCOC(=O)CCc1c(c(c2nc3ccccc3n2c1n4ccnc4)C#N)C
660297,0,CCOC(=O)CCc1c(c(c2nc3ccccc3n2c1n4ccnc4C)C#N)C
6615560,0,CCn1c2ccccc2c(c1C(=O)O)CC(=O)N(CC)c3cccc(c3)C(F)(F)F
6618984,0,CCn1c2ccccc2c(c1C(=O)O)CC(=O)Nc3ccccc3OC
6619040,0,Cc1ccc(cc1C)N(C)C(=O)Cc2c3ccccc3n(c2C(=O)O)C
6620682,0,CCn1c2ccccc2c(c1C(=O)O)CC(=O)Nc3ccccc3F
6624692,0,CN(Cc1ccccc1)C(=O)Cn2c3c(cccn3)n4cccc4c2=O
6624756,0,CN(Cc1ccccc1)C(=O)CCCn2c3c(cccn3)n4cccc4c2=O
663606,0,CCOC(=O)c1cc2c(nc3c(cccn3c2=O)C)n(c1=NC(=O)c4ccncc4)CCOC
663759,0,CC(=O)NC1=NC(=O)C(=CN2CCOCC2)S1
664005,0,CCCn1c2c(cc(c1=NC(=O)c3ccncc3)C#N)c(=O)n4cccc(c4n2)C
664780,0,CN1CCN(CC1)C=C2C(=O)NC(=S)S2
664792,0,CC1Cn2c3c(nc2N(C1)c4ccc(cc4)OC)n(c(=O)n(c3=O)CCN5CCOCC5)C
664801,0,CC(=O)NC1=NC(=O)C(=CN2CCCCC2)S1
664832,0,Cn1c(=N)c(cc2c1nc3ccccn3c2=O)S(=O)(=O)c4ccc(cc4)Cl
685022,0,c1ccc2c(c1)CC3(CCCCC3)NC2=C(C#N)C#N
685495,0,c1ccc2c(c1)CC3(CCCC3)NC2=C(C#N)C#N
6858681,0,c1cc(n(c1)c2ccc(cc2)O)C=Nn3cnnc3
6860646,0,CC(=C1C(=O)NC(=O)N(C1=O)c2ccc(cc2)OC)NCc3ccc4c(c3)OCO4
6860699,0,CC(=C1C(=O)NC(=O)N(C1=O)CC=C)NCCC2=CCCCC2
6860769,0,CC(=C1C(=O)NC(=O)N(C1=O)c2ccccc2)Nc3ccc4c(c3)CCC4
6860790,0,CC(=C1C(=O)NC(=O)N(C1=O)c2ccccc2)NCc3ccc4c(c3)OCO4
6863081,0,CCN1c2ccccc2C(=NNC(=O)CNC(=O)Cc3ccccc3)C1=O
6877645,0,Cc1ccc(cc1)C=NN2CCN(CC2)c3ccncc3S(=O)(=O)N4CCCCC4
6878066,0,Cc1cc2c3c(c1C)C(=NNC(=S)N)C(=O)N3C(C=C2C)(C)C
6881488,0,Cc1ccc(cc1C)OCC(=O)NN=Cc2cccn2C
6882271,0,Cc1cccc(c1)OCC(=O)NCC(=O)NN=C2c3ccccc3N(C2=O)CC(=O)OC
6883957,0,CCOC(=O)C(=NNc1ccccc1C(=O)O)C#N
6887111,0,COc1ccc(cc1OC)C=NN2CCN(CC2)C3c4ccccc4-c5c3cccc5
6888848,0,C=CCN1c2ccc(cc2C(=NNC(=O)c3cccnc3)C1=O)Br
6896252,0,COc1ccc(cc1)N(CC(=O)NN=Cc2ccc(cc2)F)S(=O)(=O)c3ccccc3
6903616,0,CCN1c2ccccc2C(=NN)C1=O
7003482,0,COCCCN1CC(=O)N2Cc3c(c4ccccc4[nH]3)CC2C1=O
7004333,0,CC(C)(C)OC(=O)NN1CC(=O)N2Cc3c(c4ccccc4[nH]3)CC2C1=O
703413,0,c1ccc(cc1)c2cc3c(n2c4ccccc4C(=O)O)CCCC3=O
703420,0,Cn1c(=O)c(c(nc1SC)c2ccccc2)C#N
7097568,0,COc1ccc2c(c1)c(c([nH]2)C(=O)O)CCNC(=O)C=Cc3ccc(c(c3)OC)O
710921,0,CCOn1c2ccccc2[n+](c(c1=O)c3ccccc3)[O-]
7259486,0,COc1cccc(c1)C(=O)OCC(=O)Nc2ccc(cc2)N3CCOCC3
727884,0,Cc1cccc(c1OCC(=O)Nc2ccc(cc2)N3CCOCC3)C
7285288,0,Cc1ccc(cc1)n2c(nnn2)C=CNc3cc4c(cc3C(=O)C)OCO4
729283,0,CN(C)C=C1C(=NOC1=O)c2ccccc2
7339687,0,c1ccc(cc1)n2c(=O)c3c(ccnc3[nH]2)c4cccc(c4)[N+](=O)[O-]
73822,0,c1ccc(cc1)N2C(=O)CSC2=S
7406787,0,c1cc(ccc1CCNC(=O)c2cc(ccc2N3CCOCC3)[N+](=O)[O-])F
7462722,0,CC(=C1C(=O)NC(=O)N(C1=O)c2ccc(cc2)OC)Nc3ccc4c(c3)CCC4
747392,0,CC(C)(C)c1cc(c(c(c1)C(C)(C)C)O)CN(CCO)CCO
752128,0,CCn1c2cc(ccc2c3c1C(=O)CCC3)OC
752651,0,C=CCn1c(c(sc1=S)C(=O)NC2CCCCC2)N
752980,0,Cc1c(c(c2c(n1)-c3ccccc3C2=O)c4ccccc4)C#N
7536960,0,COc1ccc(cc1)C=C2C(=N)N3C(=NC2=O)SC(=N3)CC(=O)N4CCOCC4
754873,0,COC(=O)CC1(C(=O)c2ccccc2C1=O)c3ccccc3
755710,0,COc1ccc(cc1)S(=O)(=O)Nc2ccc(cc2)N3CCOCC3
7586641,0,CC(=O)c1ccccc1NS(=O)(=O)c2ccc3c(c2)CC(=O)N3
7661798,0,Cc1cc(c(o1)C)C(=O)N2CCN(CC2)c3ccc(cc3)OC
7694189,0,c1ccc(cc1)CN2CCN(CC2)c3[nH]c(c(c(=O)n3)C#N)c4ccccc4
774884,0,CCCC(=O)Nc1ccc(cc1)N2CCOCC2
776851,0,c1cc(ccc1CN2CCOCC2)N
781726,0,Cc1ccc(cc1)N2CCN(CC2)C(=S)Nc3ccc(cc3)Cl
781930,0,CCC1(Cc2ccccc2C(=C(C#N)C#N)N1)CC
782877,0,c1cc(c(cc1[N+](=O)[O-])CN2CCCCCC2)O
784121,0,c1cc(ccc1NS(=O)(=O)c2ccc(cc2)F)N3CCOCC3
8088364,0,CCOc1cc(c(cc1N2CCOCC2)OCC)NC(=O)CN3CCSC3=O
8099710,0,Cc1c(c(=O)n2ccsc2n1)S(=O)(=O)Nc3ccc(cc3)N4CCOCC4
817787,0,c1ccc(cc1)Cc2c(c3ccccc3[nH]2)CCN
8194972,0,CCn1cc(c(=O)c2c1nc(cc2)C)C(=O)N(C)Cc3ccc(cc3)OC(F)F
824044,0,CCC(=O)Nc1ccc(cc1)N2CCN(CC2)S(=O)(=O)C
824048,0,CC(C)(C)C(=O)Nc1ccc(cc1)N2CCN(CC2)S(=O)(=O)C
828452,0,c1ccc(cc1)c2nc3ccccc3c(=O)n2c4ccccn4
829389,0,Cc1cccc(c1)n2c(cc(c2C)C=C(C#N)C#N)C
829429,0,Cc1cccc(n1)n2c(=O)c3ccccc3nc2c4ccccc4
829436,0,Cc1ccc(cc1)c2nc3ccccc3c(=O)n2c4ccccn4
832982,0,CCN(CC)S(=O)(=O)c1ccc(cc1)NN=C(C(=O)C)C(=O)C
836723,0,Cc1ccccc1S(=O)(=O)Nc2cc3c(cc2C(=O)C)OCO3
838268,0,CC(=O)NS(=O)(=O)c1ccc(cc1)N=NN2CCCCC2
847784,0,c1cc(ccc1CCC(=O)N2CCCC2)N
852492,0,c1ccc2c(c1)ncn2c3ccccn3
852671,0,c1cc(ccc1c2nnnn2c3ccc(cc3)N)N
854939,0,COc1ccc(c(c1)C2(C(=O)c3ccccc3C2=O)O)O
854945,0,c1ccc(cc1)C(=O)CC2(C(=O)c3ccccc3C2=O)O
854947,0,CN(C)c1ccc(cc1)C2(C(=O)c3ccccc3C2=O)O
858779,0,CC(=O)c1cc2c(cc1NS(=O)(=O)c3ccccc3F)OCO2
858781,0,CC(=O)c1cc2c(cc1NS(=O)(=O)c3ccc(cc3)F)OCO2
859258,0,CCn1cc(c(=O)c2c1nc(cc2)C)C(=O)NCCc3ccccc3C
859267,0,CCn1cc(c(=O)c2c1nc(cc2)C)C(=O)Nc3cccc(c3)C
879923,0,COc1ccc(cc1)N(CC(=O)N2CCOCC2)S(=O)(=O)C
885232,0,Cc1ccc(cc1Cl)N2CCN(CC2)C3=NC(=O)C(=C(C)C)S3
891760,0,CC(C)c1ccc(cc1)c2c(c(=O)nc([nH]2)N3CCCCC3)C#N
901746,0,Cc1cccc(n1)n2cc(c(=O)[nH]c2=O)C#N
9105468,0,Cc1ccc(c(c1)COC(=O)c2cc(ccc2N3CCOCC3)[N+](=O)[O-])C
911015,0,c1ccc2c(c1)nc3c(c(n(c3n2)c4ccc(cc4)N)N)C#N
9141982,0,CCc1c(c(on1)C)C(=O)N2CCN(CC2)c3ccc(cc3)[N+](=O)[O-]
919644,0,CC(=C1C(=O)N=C(S1)N2CCCCC2)C
9261875,0,c1cc(ccc1NC(=O)c2ccc(cc2N3CCCC3=O)Cl)N4CCOCC4
9263144,0,CCn1c(=O)c2ccccc2c(n1)C(=O)Nc3ccc(cc3)N4CCOCC4
928398,0,Cc1cc2c(nc1)-c3ccccc3C2=O
931311,0,Cc1cccc(n1)NCc2ccc(cc2O)OC
934117,0,c1ccc(cc1)c2c(cn[nH]2)C=C3C(=O)N=C(S3)N4CCCC4
946949,0,CCOn1c2ccccc2[n+](c(c1=O)c3ccc(cc3)C)[O-]
947002,0,COn1c2ccccc2[n+](c(c1=O)c3ccc(cc3)F)[O-]
948194,0,Cc1ccc(cc1)c2c(=O)n(c3ccccc3[n+]2[O-])OC
950592,0,Cc1c(n(c2c1cc(cc2)[N+](=O)[O-])C)C
950713,0,c1c(cc(c(c1CNn2cnnc2)O)Cl)Cl
9509462,0,CN1CCN(CC1)c2ccc(cc2)NC(=O)CCC(=O)c3ccc(c(c3)OC)OC
951428,0,Cc1ccnc(c1)NCc2cc(cc(c2O)Cl)Cl
954502,0,CC1CCN(CC1)c2ccc(cc2)NC(=O)c3ccccc3[N+](=O)[O-]
9550938,0,CCOC(=O)N1CCN(CC1)c2c(c(=O)c2=O)NCc3ccc(cc3)N(C)C
9551109,0,c1ccc(cc1)CNC=C2C(=O)OC(=N2)c3cccc4c3cccc4
9560010,0,Cc1cccc(n1)n2cc(nc2)C(=O)NN=Cc3ccccc3
9581873,0,CCOC(=O)NC(=O)C(=NNc1cccc(c1)C(F)(F)F)C(=O)C
9584554,0,Cc1cc(nc2c1ccc(=O)n2CC(=O)NN=Cc3ccccc3Cl)C
9587136,0,CC(=NO)C(=O)c1ccc(c(c1)OC)OC
9615631,0,Cn1cccc1C=NNC(=O)CSc2nc3ccccc3n2C
9638517,0,CCOC(=O)NC(=O)C(=NNc1cc(cc(c1)C)C)C(=O)C
9656381,0,CCN(CC)c1ccc(cc1C=NNC(=O)CC#N)[N+](=O)[O-]
9697014,0,Cc1ccc(cc1)c2c(c(=O)nc([nH]2)NN=Cc3ccc(cc3)OC)C#N
971464,0,CS(=O)(=O)Nc1ccc(c(c1)Cl)N2CCCCC2
974663,0,CCOc1ccccc1n2c(cc(c2C)C=O)C
9855951,0,c1ccc(c(c1)NC=C2C=NNC2=O)Cl
988359,0,Cc1c(c(n2c3ccccc3nc2c1C#N)n4ccnc4C)CCC(C)C
992741,0,Cn1c(nnc1SCC(=O)Nc2ccc(c(c2)Cl)N3CCOCC3)COc4ccccc4
99599,0,c1cc(cc(c1)Cl)N2C(=O)CSC2=S
