id,labels,smiles
1015805,1,CC1=CC(N(c2c1cc(cc2)OC)S(=O)(=O)c3ccc(cc3)NC(=O)C)(C)C
1017311,1,c1ccc(cc1)C(=O)N2CCN(CC2)c3ccc(cc3)NCc4ccc5c(c4)OCO5
1017506,1,CN1CCN(CC1)c2ccc(cc2)NC(=O)c3ccc(o3)c4ccc(cc4)Br
1037842,1,Cc1ccc(cc1)c2csc(c2C(=O)O)NC(=O)c3cccc(c3)C
1048482,1,CS(=O)(=O)N1CCN(CC1)c2ccc(cc2)NC(=O)c3ccc(o3)[N+](=O)[O-]
10669105,1,c1ccc2c(c1)ccc[n+]2CC(=O)c3ccc(cc3)Br
1075906,1,c1ccc2c(c1)cc(c(=O)o2)c3csc(n3)Nc4ccc(cc4)N
1077454,1,Cc1cccn2c1nc3c(c2=O)cc(c(=N)n3CCCN4CCOCC4)C#N
1077464,1,c1ccc(cc1)CCNC(=O)c2cc3c(nc4ccccn4c3=O)n(c2=N)CCCN5CCOCC5
1077531,1,c1ccn2c(c1)nc3c(c2=O)cc(c(=N)n3C4CCCCC4)C(=O)NC5CCCC5
1077536,1,c1ccn2c(c1)nc3c(c2=O)cc(c(=N)n3C4CCCC4)C(=O)NCc5ccco5
1080132,1,Cc1ccc(cc1)NC(=O)c2cc(ccc2N3CCOCC3)N4C(=O)C=CC4=O
1081542,1,Cc1cc(no1)NC(=O)CSc2[nH]c(c(c(=O)n2)C#N)c3ccccc3
10860295,1,CNc1ccc2c(c1)[n+](c3ccccc3n2)C
1086050,1,CN1CCN(CC1)c2ccc(cc2)NC(=O)c3c(c4ccccc4s3)Cl
1086059,1,CN1CCN(CC1)c2ccc(cc2)NC(=O)COc3ccccc3Cl
1087128,1,CC(C)C(=O)N1CCN(CC1)c2ccc(cc2)NC(=O)c3ccc(o3)[N+](=O)[O-]
1087209,1,c1cc2c(cc1NCc3ccncc3)OCO2
1088361,1,CC(C)C(=O)N1CCN(CC1)c2ccc(cc2Cl)NC(=O)c3ccc(o3)[N+](=O)[O-]
1088818,1,c1cc(oc1)C(=O)N2CCN(CC2)c3ccc(cc3)NC(=O)COc4ccc(cc4)Cl
1088819,1,Cc1cccc(c1)OCC(=O)Nc2ccc(cc2)N3CCN(CC3)C(=O)c4ccco4
109673,1,Cc1cc(ccc1N2CCCC2)N
1101639,1,CCOc1ccc2c(c1)C(=CC(N2S(=O)(=O)c3ccc(cc3)NC(=O)C)(C)C)C
1105480,1,CC1(c2c(c(=S)n(s2)c3ccc(c(c3)OC)OC)-c4cc(ccc4N1)OC)C
1114260,1,c1cc(ccc1C(=O)Nc2ccc(c(c2)Cl)N3CCOCC3)Cl
1121741,1,COc1cccc(c1)C(=O)Nc2ccc(cc2)N3CCCC3
1150669,1,CCOc1ccc(cc1)n2c(c(c3c2ccc(c3)OC(=O)C)C(=O)C)C
1154427,1,COc1ccc(cc1)N(Cc2cc(=O)[nH]c3c2cccc3)C(=O)CCl
1154580,1,CC1(OC(=O)C(=Cc2ccc(o2)c3ccc(cc3)S(=O)(=O)N)C(=O)O1)C
1160086,1,c1cc2c(cc1C(=O)Nc3ccc(c(c3)Cl)N4CCCCC4)OCCO2
1182584,1,CCOC(=O)c1c2c(ccc(c2CN3CCN(CC3)C)O)oc1c4ccccc4
1187964,1,COc1ccc(cc1)N2CCN(CC2)c3c4c(csc4ncn3)c5ccccc5
1188017,1,c1cc(ccc1NC(=O)Nc2ccc(c(c2)Cl)Cl)N3CCOCC3
1189450,1,c1cc(ccc1Nc2c3cc(ccc3ncn2)Br)N4CCOCC4
1191033,1,c1ccc(cc1)CCn2c(=N)c(cc3c2nc4ccccn4c3=O)C(=O)NC5CCCCC5
11948749,1,CCOC(=O)c1c(n(c2c1c(c(c(c2C(C(=O)C)C(=O)O)Br)O)O)c3ccc(cc3)C)C
11948868,1,CN(C)CCCOc1ccc(cc1)NC2c3ccccc3CSc4c2cccc4
11957177,1,c1cc(oc1)CSc2ccc(o2)C=C3C(=N)N4C(=NC3=O)SC=N4
11957185,1,c1ccc2cc(ccc2c1)NC=C3C(=O)OC(=N3)C=Cc4cccc(c4)[N+](=O)[O-]
11958788,1,Cc1ccc(cc1)C=C2CCc3c4ccccc4[nH]c3C2=O
11958790,1,c1ccc(cc1)C=C2CCc3c4ccccc4[nH]c3C2=O
11958865,1,CCCCN(CCCC)C(=S)NNC=C1C(=NN(C1=O)c2ccccc2)C
12004597,1,COc1ccc(c(c1)[N+](=O)[O-])c2ccc(o2)C=C3C(=N)N4C=CSC4=NC3=O
12004618,1,Cc1ccc(cc1Cl)n2cccc2C=C3C(=N)N4C(=NC3=O)SN=C4S(=O)(=O)C
12004744,1,c1ccc(cc1)C=CC(=O)Nc2ccc(cc2)N3CCCCC3
12004951,1,COc1ccc(cc1)C(C(=O)NC2CCCCC2)N(c3ccc(cc3)OC)C(=O)CCl
12005071,1,Cc1ccc(cc1)OCCn2c3ccccc3nc2CNc4ccc(cc4)OC
12005499,1,Cc1ccc(cc1)C(c2cc(c3cccnc3c2O)[N+](=O)[O-])NC(=O)C(C)C
12005558,1,COc1ccc(cc1)Cn2c3cccc[n+]3cc2c4ccc(cc4)Cl
12005561,1,COc1ccc(cc1)Cn2c3cccc[n+]3cc2c4ccc(cc4)Br
12005699,1,CC(C)(C)OC(=O)C1C(C2(C3N1N=Cc4c3cccc4)C(=O)c5ccccc5C2=O)c6ccc(cc6)[N+](=O)[O-]
12005719,1,CC(=C1C(=O)NC(=S)N(C1=O)C2CCCCC2)NN3CCCCC3c4cccnc4
12005975,1,CCc1cccc(c1NC(=S)NCCc2c([nH]c3c2cc(cc3)C)C)C
1202408,1,CCOc1cc(ccc1O)C=C2C(=O)N(C(=S)S2)NC(=O)c3cccnc3
1205885,1,COc1ccc(cc1)C=C2C(=O)N(C(=S)S2)CCCC(=O)Nc3cccc(c3)O
1207791,1,Cc1ccc2c(c1)c3c(n2C)-c4c(cn[nH]4)CC3
1233035,1,Cc1cc(c(n1c2ccc(cc2)S(=O)(=O)N)C)C=C3C(=O)N=C(S3)Nc4ccccc4
1234390,1,Cc1ccc(cc1)c2c(c(=O)n3c(c(sc3n2)C#N)N)C#N
1234392,1,CC(=O)CSc1[nH]c(c(c(=O)n1)C#N)c2cccs2
1234393,1,c1cc(sc1)c2c(c(=O)nc([nH]2)SCc3ccc(cc3)Cl)C#N
1237579,1,CCOc1ccc(cc1)NC(=S)N(Cc2ccc(cc2)N(C)C)Cc3ccco3
1240200,1,c1ccc(c(c1)C=C2C(=O)N(C(=S)S2)CC(=O)O)OCc3ccc(cc3Cl)Cl
12425557,1,Cn1c2ccccc2[n+](c1N=Nc3ccc(cc3)OC)C
1245566,1,Cc1cc(cc(c1Cl)C)OCC(=O)Nc2ccc(cc2)N3CCCC3
1255423,1,COc1cc(cc(c1)OC)C(=O)Nc2ccc(cc2)N3CCN(CC3)C(=O)c4cccs4
1255663,1,COc1c(c(c(c(c1F)F)C(=O)Nc2ccc(cc2)N3CCN(CC3)Cc4ccccc4)F)F
1256424,1,c1cc(sc1)C(=O)N2CCN(CC2)c3ccc(cc3)NC(=O)c4ccc(o4)[N+](=O)[O-]
1264178,1,CC1CCN(CC1)c2ccc(cc2)NC(=O)c3ccc(o3)Br
1276206,1,c1ccc(c(c1)C(=O)NC(=S)Nc2ccc(cc2)N3CCCC3)[N+](=O)[O-]
1276569,1,Cc1cc(c(n1c2ccccn2)C)C=c3c(=O)n4c5ccccc5nc4s3
12843056,1,Cc1ccc(cc1)S(=O)(=O)N=C2C=C(C(=O)c3c2cccc3)NS(=O)(=O)c4ccccc4
1290899,1,CCN(CC)c1ccc(cc1)CNc2nc3ccccc3n2CCN4CCCCC4
1319945,1,Cc1cccn2c1nc3c(c2=O)cc(c(=N)n3Cc4ccccc4)C(=O)NC5CCCCC5
1320461,1,Cc1ccc(cc1)NC(=O)c2cc(ccc2N3CCCCC3)NC(=O)c4ccco4
1325215_1325216,1,c1ccc(cc1)C=CC=C2C(=O)NC(=O)N(C2=O)CCc3ccc(cc3)F
1328059,1,Cn1c2cccc3c2c(c(c1=O)Nc4ccc(cc4)N(C)C)-c5ccccc5C3=O
1328217,1,Cc1cc(ccc1c2c(cn(n2)c3ccccc3)C=C4C(=O)N(C(=S)S4)CCC(=O)O)OC
1330278,1,CCOC(=O)C1CCN(CC1)C=C2C(=O)NC(=O)N(C2=O)Cc3ccco3
1333578,1,Cc1cc(ccc1[N+](=O)[O-])C(=O)Nc2ccc(c(c2)Cl)N3CCCC3
1335166,1,c1cc(cc(c1)[N+](=O)[O-])c2ccc(o2)C=C3C(=O)NC(=O)N(C3=O)Cc4ccco4
1353958,1,COc1ccc(cc1)c2csc(c2C(=O)O)NC(=O)c3ccccc3Br
1359423,1,Cc1cc(c(n1c2ccc(cc2)NC(=O)C)C)C=C3C(=O)N=C(S3)NC(=O)C
1363429,1,c1cc(c(cc1C=C2C(=O)N=C(S2)N)[N+](=O)[O-])O
1363897,1,CCOc1cc(ccc1O)C=C2C(=O)N(C(=S)S2)Nc3ccccc3
1366713,1,Cc1ccc(cc1)c2nc3ccccc3c(=O)n2c4ccc(cn4)Br
1369404,1,c1cc(cc(c1)OCc2ccc(cc2Cl)Cl)C=C3C(=O)N(C(=S)S3)CC(=O)O
1374146,1,Cc1cc(c(c(c1C)C(=O)CSc2nnc(o2)c3ccc4c(c3)c(c([nH]4)C)C)C)C
1380424,1,CCN(CC)c1ccc(cc1)NC2=C(C(=O)c3ccccc3C2=O)Cl
1383784,1,CC(C)(C)c1c-2cc(c(=O)nc2n([nH]1)c3ccccc3)CNc4ccc5c(c4)OCCO5
1389577,1,Cc1ccc(s1)C=C2C(=O)NC(=S)N(C2=O)c3ccc(cc3)F
1397815,1,c1ccc(cc1)C=C2C(=O)N(C(=S)S2)CCC(=O)N3CCCCCC3
1417813,1,COc1cc(ccc1O)C=C2C(=O)N=C(S2)N
1422958,1,CN1CCN(CC1)c2ccc(cc2)NC(=O)c3ccc(o3)c4cccc(c4)[N+](=O)[O-]
1471860,1,Cc1ccc(cc1)CSc2[nH]c(c(c(=O)n2)C#N)c3ccccc3
1475855,1,COc1ccc(cc1)N2CCN(CC2)c3c4c(c5ccccc5[nH]4)ncn3
1477791,1,c1ccc(cc1)c2nccc(n2)c3ccc(cc3)n4cnc5c4cccc5
1477836,1,c1ccc2c(c1)ncn2c3ccc(cc3)c4ccnc(n4)c5ccccn5
1485215,1,CN1C(=O)C(=Cc2c3ccccc3ccc2OCc4cnc(s4)Cl)C(=O)N(C1=O)C
1488063,1,Cc1cccc(c1)Cn2c(cc3c2nccc3)C(C)(C)C
1490997,1,Cc1cc(ccc1Cl)OCC(=O)Nc2ccc(cc2)N3CCN(CC3)C
14925590,1,C[n+]1ccc(c2c1cccc2)C=C3C=Cc4ccccc4N3C
1494150,1,Cc1cc(c(n1c2ccc(cc2)C(=O)O)C)C=c3c(=O)n4c5ccccc5nc4s3
1494312,1,CN1CCN(CC1)c2ccc(cc2)NC(=O)c3ccc(o3)c4ccc(cc4)Cl
1506778,1,COc1ccc(cc1OC)C=C2C(=O)N=C(S2)NS(=O)(=O)Cc3ccccc3
1515550_1515549,1,CCN(CC)c1ccc(cc1)C=C2C(=O)NC(=O)N(C2=O)Cc3ccco3
1524003,1,COc1cc(ccc1O)C=C2C(=O)N(C(=S)S2)NC(=O)c3ccncc3
1537028,1,CC(=O)N1CCc2c1ccc(c2)NN=C3C(=O)CC(CC3=O)(C)C
1552079,1,COc1cc(ccc1O)C=C2C(=O)N(C(=S)S2)NC(=O)c3ccccc3O
1559125,1,Cc1ccc(cc1)C(=O)Oc2c(nc(o2)c3ccccc3)C=Nc4ccc(cc4)N(C)C
1562745,1,CCCCOC(=O)Nc1ccc(cc1)N2CCCCC2
1573761,1,CCOc1ccc2c(c1)-c3c(ssc3=S)C(N2C(=O)CSC4=NCCS4)(C)C
1582648,1,CC1(c2c(c(=S)ss2)-c3cc(ccc3N1C(=O)CSC4=NCCS4)OC)C
15945345,1,c1cc(sc1)CNc2ccc3c(c2)OCCO3
15945818,1,CCc1ccc([n+](c1)CC)C=Cc2c[nH]c3c2cccc3
15945822,1,COc1ccc(cc1COc2ccc(cc2)F)C3c4c(c5ccccc5[nH]4)CCN3
159809,1,CC1c2c(c3ccc(cc3[nH]2)OC)CCN1
16002787,1,CCC(=O)N1c2ccc(cc2CC1C)S(=O)(=O)N3CCN(CC3)c4ccc(cc4)[N+](=O)[O-]
16012872,1,CCOc1ccc(cc1)N(Cc2ccccc2)C(=O)c3c(cnc(n3)S(=O)(=O)C)Cl
1608674,1,COc1ccc(c(c1)N2C(=O)C(=Cc3ccco3)C(=O)NC2=S)OC
1616902,1,Cc1cc(c(n1c2ccccc2)C)C=C3C(=O)NC(=O)N(C3=O)Cc4ccco4
16187245,1,Cc1c(n(c2c1cc(cc2)C(=O)OCCN(C)C)Cc3ccccc3)C
16187340,1,Cc1nc(cs1)C(=O)N2CCc3c4ccccc4[nH]c3C2c5cc(ccc5F)F
16187398,1,Cc1cc(c(n1c2cccc(c2)C(=O)O)C)C=C3C(=O)c4ccccc4C3=O
16187525,1,Cc1c2cc(ccc2[nH]c1CN3CCC(CC3)(CCOc4ccccc4)CO)Cl
16187567,1,c1ccc2c(c1)c3c([nH]2)C(N(CC3)Cc4cccn4c5ncccn5)c6ccc(cc6)F
16187612,1,CC(C)CSC1=NSC2=NC(=O)C(=Cc3ccccc3)C(=N)N21
16187777,1,Cc1cc(ccc1OC)C2c3c(c4ccccc4[nH]3)CCN2Cc5cccn5c6ncccn6
16188269,1,CCCCN1c2ccccc2SC1=Cc3ccc4ccccc4[n+]3CC
16188856,1,CCOC(=O)c1c(n(c2c1cc(cc2)OCC(CNCCCO)O)c3ccc(cc3)C)C
16188857,1,CCOC(=O)c1c(n(c2c1cc(cc2)OCC(CN3CCN(CC3)C)O)c4ccc(cc4)C)C
16189485,1,CC1=CCC(CC1)C2c3c(c4cc(ccc4[nH]3)OC)CCN2
16189584,1,c1ccc(c(c1)CN2c3ccccc3C(=NNC(=S)Nc4ccccc4F)C2=O)F
16189704,1,CC1=NN(C(=O)C1=CNCc2ccco2)c3cccc(c3)Cl
16189751,1,CC1CCN(CC1)CC(=O)Nc2ccc(cc2)N3CCCCCC3
16190664,1,CC(C)Oc1cccc(c1)C(=O)C2CCCN(C2)Cc3cccn3c4ccccn4
16191427,1,Cc1c(c2ccccc2n1C)CN3CCC(CC3)(Cc4cccc(c4)C(F)(F)F)CO
16191659,1,c1ccc2c(c1)c3c([nH]2)C(N(CC3)Cc4cccn4c5ccc(cn5)Cl)c6ccccn6
16192348,1,COc1ccc(c(c1)OC)C(=O)C2CCCN(C2)Cc3cccn3c4ccc(cn4)Cl
16192643,1,c1cc(ccc1N)N(CCO)CCO
16192804_16193034,1,CC[n+]1c(ccc2c1ccc(c2)C)C=C3N(c4cc(c(cc4S3)C)C)CC
16193091,1,CCOC(=O)c1cc2c(nc3ccccn3c2=O)n(c1=NC(=O)C=Cc4ccccc4)CC5CCCO5
16193145,1,CC[n+]1c(ccc2c1ccc(c2)C)C=C3N(c4ccc(cc4S3)C)CC
16193168,1,CC1=NOC(=O)C1=Cc2ccc(c(c2)OC)OCc3cccc(c3)F
16194028_5736415,1,CCCC1=NN(C(=O)C1=Cc2ccc(cc2)OCc3ccc(cc3)C(=O)O)c4ccccc4
16194253,1,c1ccc(cc1)CSc2ccc(o2)C=C3C(=N)N4C(=NC3=O)SC(=N4)CC(=O)N5CCOCC5
16194363,1,Cc1cc(cc(c1)n2cccc2C=C3C(=N)N4C(=NC3=O)SN=C4S(=O)(=O)C)C
16194365,1,Cc1ccc(cc1)n2cccc2C=C3C(=N)N4C(=NC3=O)SN=C4S(=O)(=O)C
16194412,1,Cc1cccc(c1n2cccc2C=C3C(=N)N4C(=NC3=O)SN=C4S(=O)(=O)C)C
16194608,1,C=CCN1c2ccc(cc2C(=NNC(=S)Nc3ccccc3F)C1=O)S(=O)(=O)N4CCOCC4
16195112,1,Cc1ccc2c(c1)c3c(n2CC(CNC4CCCCC4)O)CCCC3
16195128,1,CC1=NN(C(=O)C1=NNc2cccc(c2)C(F)(F)F)C3=NCCS3
16195174,1,c1cc(ccc1NC(=O)CNC2CCCC2)N3CCCCCC3
16195322,1,CC[n+]1c(ccc2c1ccc(c2)C)C=Cc3c[nH]c4c3cccc4
16195402,1,CC(C)S(=O)(=O)C1=NSC2=NC(=O)C(=Cc3ccc(o3)c4cccc(c4)C(=O)O)C(=N)N21
16195455,1,CCc1nn2c(=O)cc(nc2s1)COc3ccc(cc3OC)C=C4C(=N)N5C(=NC4=O)SC(=N5)CC
16195492,1,c1ccc2c(c1)C(=NNC(=S)Nc3ccccc3F)C(=O)N2Cc4ccc(cc4)F
16195600,1,c1cc(oc1C=C2C(=O)NC(=O)NC2=O)SC3CCCCC3
16195907,1,Cc1c(c2ccccc2[nH]1)CN3CCC(CC3)Cc4ccccc4
16196212,1,c1ccc2c(c1)c3c([nH]2)C(NCC3c4ccccc4Cl)c5cccc(c5)[N+](=O)[O-]
16196704,1,CCOC1=CC=CC(=CNN2C(=O)CSC2=S)C1=O
16196723,1,CCN1CCN(CC1)C(=O)C(C)Nc2cc(c(cc2OCC)N3CCOCC3)OCC
16196935,1,CN(C)c1ccc(cc1)C2CNC(c3c2c4ccccc4[nH]3)c5ccc(c(c5)[N+](=O)[O-])Cl
16240210,1,CN1CCN(CC1)N=Cc2c3ccccc3c(c4c2cccc4)Cl
16248073,1,CC(=O)Oc1ccc(cc1OC)C=Cc2ccc3ccccc3[n+]2CC=C
16274573,1,Cc1ccc2nc(c(n2c1)CN3CCN(CC3)c4ccc(cc4Cl)[N+](=O)[O-])C
16395685,1,CCN1C(=O)C2Cc3c4ccccc4[nH]c3C(N2C1=S)c5ccc(cc5)OC
16399878,1,CN1CC(=O)N2C(C1=O)Cc3c4ccccc4[nH]c3C2c5ccc(cc5)Cl
16400218,1,CCOc1ccccc1C2c3c(c4ccccc4[nH]3)CC5N2C(=O)CN(C5=O)C6CCN(CC6)Cc7ccccc7
16409834,1,Cn1c(nnn1)N=NC(=NNc2ccccc2)c3ccccc3
16410997_5762015,1,c1cc(oc1)C=C2C(=O)N(C(=S)S2)C3CCS(=O)(=O)C3
16422746,1,Cc1cc(c(n1Cc2ccccc2)C)C=C3C(=N)N4C(=NC3=O)SC(=N4)c5ccco5
16470693,1,Cc1cc(c(n1c2cc(cc(c2)C(=O)O)C(=O)O)C)C=NNC(=O)c3cccc(c3)N(C)C
16681733,1,CC(=O)Nc1ccc(cc1)S(=O)(=O)N=C2C(=O)c3ccccc3C(=C2n4cc[n+](c4)c5ccccn5)O
16746260,1,CN(C)c1ccc(cc1)C(CCN2CCCCC2)c3c(cc(c4c3oc(=O)cc4c5ccccc5)OC)OC
1676176_1676177,1,CC1(c2ccccc2N(C1=CC=Nc3ccc(cc3)N(C)C)C)C
16875665,1,CC[n+]1c2ccccc2nc3c1cc(cc3)N(CC)CC
1723833,1,Cc1ccc(cc1)SCCNC(=O)CN(c2ccc(cc2OC)OC)S(=O)(=O)c3ccccc3
1725048,1,CC1(OC(=CC(=CC=C2C(=O)NC(=O)NC2=O)O1)c3ccccc3)C
1728957,1,Cc1cc(c(n1c2ccc(c(c2)C(=O)O)Cl)C)C=C3C(=O)NC(=O)N(C3=O)Cc4ccccc4
1776080,1,Cc1cc(c(n1c2ccccc2F)C)C=C3C(=O)N(C(=NC)S3)C
1779814,1,CC1=CN2C(=N)C(=Cc3cn(c4c3cccc4)CCCOc5ccc(cc5)OC)C(=O)N=C2S1
1785228,1,CC1=CC(N(c2c1cc3c(c2)OCO3)C(=O)c4ccc(cc4)OC)(C)C
1804422,1,c1ccc2c(c1)c(cn2CC(=O)O)C=c3c(=O)n4c5ccccc5nc4s3
1804909_1804911,1,Cc1cc(cc(c1)N2C(=O)C(=Cc3cccn3c4ccc(cc4)Cl)C(=O)NC2=O)C
18075388,1,Cc1ccc(cc1)COC(=O)c2cc(ccc2N3CCOCC3)[N+](=O)[O-]
1814301,1,Cc1ccc(cc1)N2C(=O)C(=Cc3ccc(o3)CN(CCC#N)S(=O)(=O)C)C(=O)NC2=S
1814746,1,CCCCOc1ccc(cc1)C(=O)Nc2ccc(cc2)N3CCN(CC3)C
1815206,1,CC(C)N1C(=O)C(=Cc2ccc(cc2)OC)C(=O)N(C1=O)Cc3ccco3
1817439,1,c1cc(sc1)c2c(c(=O)nc([nH]2)SCC(=O)c3cccs3)C#N
1839201,1,COc1ccc(cc1)NC2=NC(=O)C(=Cc3ccc(c(c3)OC)O)S2
1841561,1,CCOc1ccc2c(c1)-c3c(ssc3=S)C(N2)(C)C
1842435,1,Cc1ccc(o1)C=C2C(=N)N3C=C(SC3=NC2=O)C
1852171,1,CCOc1cc(ccc1O)C=C2C(=O)N(C(=S)S2)NS(=O)(=O)c3ccc(cc3)C
1853536,1,Cc1ccccc1n2c(cc(c2C)C=C3C(=O)NC(=O)N(C3=O)Cc4ccco4)C
1864167,1,c1ccc2c(c1)cc(c(=O)o2)c3cccc(c3)C(=O)Nc4ccc(cc4)N5CCCC5
18774024,1,COc1cc(cc(c1O)C=C2C(=O)N(C(=S)S2)Cc3ccccc3)[N+](=O)[O-]
1882107,1,COc1ccc(cc1CN2C(=O)c3ccccc3C2=O)C=C4C(=O)NC(=S)N(C4=O)C5CC5
1895705,1,c1ccc2c(c1)C(=CC(=O)C2=O)Nc3ccccc3O
1899419,1,c1ccc(cc1)Sc2ccc(o2)C=C3C(=O)NC(=O)NC3=O
1901377,1,C=CCN1C(=O)C(=Cc2cccs2)C(=O)NC1=S
1905917,1,CN(C)c1ccc(cc1)N=Cc2c(oc(n2)c3ccccc3)OC(=O)c4cccc(c4)Cl
1908267,1,CCN1C(=O)C(=Cc2ccc(s2)[N+](=O)[O-])C(=O)NC1=S
1909162_1909161,1,c1ccc(cc1)N2C(=O)C(=Cc3ccc(s3)[N+](=O)[O-])C(=O)NC2=O
1909604_1909603,1,CN1C(=O)C(=Cc2ccc(o2)[N+](=O)[O-])C(=O)NC1=O
1910276,1,CN(C)c1ccc(cc1)N=Cc2c(oc(n2)c3ccccc3)OC(=O)c4ccccc4
1911669_1911668,1,COc1ccc(c(c1)N2C(=O)C(=Cc3ccc(s3)[N+](=O)[O-])C(=O)NC2=O)OC
1911770_1911771,1,Cc1ccc(cc1)N2C(=O)C(=CC=Cc3ccco3)C(=O)NC2=O
1914572,1,Cc1cccc(c1C)N2C(=O)C(=Cc3cc(n(c3C)c4c(c5c(s4)CCCC5)C#N)C)C(=O)NC2=O
1917153,1,Cn1cccc1C=C2C(=O)NC(=O)N(C2=O)Cc3ccco3
1918388,1,c1cc(oc1)CN2C(=O)C(=CC=Cc3ccco3)C(=O)NC2=O
1921295,1,COC(=O)Cn1cc(c2c1cccc2)C=C3C(=O)NC(=O)N(C3=O)c4ccccc4
1921349,1,c1ccc(cc1)C2=CSC3=NC(=O)C(=Cc4ccc(o4)c5ccc(cc5)C(=O)O)C(=N)N23
1932790,1,Cc1ccc(cc1)N2CCN(CC2)C3=NC(=O)C(=Cc4cccs4)S3
1947235,1,CCN(CC)CCNC(=O)c1c(c2cc(ccc2[nH]1)OCc3ccccc3)C
1947375,1,CCCCn1c(c(c2c1ccc(c2CN3CCOCC3)O)C(=O)OCC)C
1948239,1,c1cc2c(cc1O)c(=O)c(co2)C=C3C(=O)NC(=O)NC3=O
1949285,1,Cc1cccc(c1C)N2C(=O)C(=Cc3ccc(o3)N4CCN(CC4)C)C(=O)NC2=S
1949948,1,Cc1ccccc1N2C(=O)C(=Cc3ccc4c(c3)CCCN4Cc5ccccc5)C(=O)NC2=O
1951273,1,CN(C)c1ccc(cc1)Nc2cc-3n(c(=O)n2)CCc4c3cc(c(c4)OC)OC
1953490,1,COc1ccccc1C=CC=C2C(=O)c3ccc(c(c3O2)CN4CCN(CC4)CCO)O
1953751,1,Cc1ccc(cc1)SCc2cc(=O)c3c([nH]2)[nH]n(c3=O)c4ccccc4
1963578,1,Cc1ccc(cc1)S(=O)(=O)N2c3ccc(cc3-c4c(ssc4=S)C2(C)C)OC
1965991,1,CC1=CC2=NC(=O)C(=Cc3ccc(o3)c4cccc(c4)Cl)C(=N)N2O1
1967077,1,c1ccc(cc1)N2C(=O)C(=Cc3coc4ccc(cc4c3=O)O)C(=O)NC2=O
1967479,1,Cc1cc(c(n1c2ccc(cc2)O)C)C=C3C(=O)N(C(=S)S3)C
1973601,1,c1ccc(cc1)C=C2C(=O)N(C(=S)S2)CCCC(=O)Nc3cccc(c3)O
1976446,1,c1ccc2c(c1)c(=O)c(co2)C=C3C(=N)N4C(=NC3=O)SC(=N4)c5ccncc5
1977047,1,c1ccc2c(c1)[nH]c(n2)Sc3ccc(o3)C=C4C(=O)NC(=O)N(C4=O)c5ccc(cc5)Cl
1980018,1,CN(C)c1ccc(cc1)NC=CC(=O)c2ccco2
1985027,1,CCc1ccc(cc1)C=C2C(=O)N(C(=S)S2)CCCC(=O)Nc3ccc(cc3)C(=O)O
1987374,1,CN1CCN(CC1)c2ccc(cc2)NC(=S)NC(=O)C=Cc3ccco3
1987738,1,CC(C)Oc1cccc(c1)C(=O)NC(=S)Nc2ccc(cc2)N3CCN(CC3)C
2002086,1,CCOCCCn1c2c(cc(c1=NC(=O)c3cccs3)C#N)c(=O)n4ccccc4n2
20085,1,CC(=O)Nc1ccc(cc1)N=Nc2ccccc2
2015192,1,Cc1cccn2c1nc3c(c2=O)cc(c(=NC(=O)c4cccs4)n3CCCOC(C)C)C#N
2015919,1,CCOCCCn1c2c(cc(c1=NC(=O)c3cccs3)C#N)c(=O)n4cccc(c4n2)C
2022981,1,Cn1cccc1C=C2C(=O)N(C(=S)S2)NC(=O)c3ccccc3
2029146,1,CCN1CCN(CC1)Cc2c(ccc3c2OC(=CC=Cc4ccccc4OC)C3=O)O
2034696,1,CCN1C(=O)C(=Cc2ccc3c(c2)CCN3CCCCl)C(=O)NC1=S
2039371,1,c1cc(ccc1N2C(=O)C(=Cc3coc4ccc(cc4c3=O)O)C(=O)NC2=O)Cl
2043868,1,c1cc(ccc1c2ccc(o2)C=C3C(=O)NC(=O)NC3=O)S(=O)(=O)N
2059125,1,CCOc1ccc(cc1)N2C(=O)C(=Cc3ccco3)C(=O)NC2=S
2064,1,COC(=O)c1ccc(cc1)NCc2cc(ccc2O)O
2064400,1,CCOc1ccc(cc1)NCc2cc-3c([nH]n(c3nc2=O)c4ccccc4)C(C)(C)C
20858914,1,CCOc1ccc(cc1)N(CC(=O)Nc2ccccc2OCC)S(=O)(=O)c3c(noc3C)C
20893416,1,CCCc1cc(=O)n2c(n1)sc(n2)N3CCC(CC3)C(=O)N4CCN(CC4)c5ccc(cc5)OC
2093114,1,COc1ccc(cc1)N2CCN(CC2)C(=O)Cc3ccc(s3)S(=O)(=O)N4CCOCC4
20936432,1,CCc1ccc(cc1S(=O)(=O)N(C)c2ccc(cc2)OCC)c3cc(no3)C
20936535,1,CCOc1ccc(cc1)N(C)S(=O)(=O)c2cc(ccc2C(C)C)c3cc(no3)C
20939974,1,Cc1c([nH]c2c1cc(cc2)C(=O)NC3CCC(CC3)C)C
2102154,1,Cc1ccc(c(c1)C(=O)c2cc3c(c(c(=O)n(c3nc2)C)C#N)c4ccc(cc4)F)O
2111418,1,Cc1ccc(cc1Cl)NC(=O)COc2cccc(c2)C=C3C(=O)N(C(=S)S3)CCC(=O)O
2129848,1,CCOC(=O)c1c2c(ccc(c2CN3CCCC3)O)oc1c4ccccc4
2141470,1,c1cc(ccc1CCN2C(=O)C(=Cc3ccc(cc3)Cl)SC2=S)S(=O)(=O)N
2147354,1,CN1c2ccc(cc2SC1=CC(=O)c3ccncc3)OC
2152338,1,CCCCn1c2c(cc(c1=NC(=O)c3ccco3)C(=O)OCC)c(=O)n4ccccc4n2
2152384,1,CCOC(=O)c1cc2c(nc3ccccn3c2=O)n(c1=NC(=O)C(C)(C)C)CCOC
2152517,1,CCOC(=O)c1cc2c(nc3ccccn3c2=O)n(c1=NC(=O)c4ccc(cc4OC)OC)Cc5ccco5
2155914,1,CCOC(=O)c1cc2c(nc3ccccn3c2=O)n(c1=NC(=O)c4ccncc4)C(C)C
2158147,1,Cc1c(c2cc(ccc2[nH]1)OC)CCN(Cc3cccs3)C(=S)Nc4ccccc4
2165,1,CCN(CC)Cc1cc(ccc1O)Nc2ccnc3c2ccc(c3)Cl
2165077,1,c1ccc(cc1)c2c(c(=O)nc([nH]2)SCC(=O)N(c3ccccc3)c4ccccc4)C#N
2176412,1,c1ccc2c(c1)cc(c(=O)o2)c3c(cn(n3)CCC(=O)O)C=C4C(=O)NC(=S)NC4=O
2176483_2176481,1,CCN1c2cc(c(cc2SC1=CC=C(C(=O)C)C(=O)OCC)OCC)OCC
2178158,1,COc1ccc(cc1)CN2C(=O)C(=Cc3ccco3)C(=O)NC2=O
2180260,1,COc1ccc(cc1)N2C(=O)C(=CC=Cc3ccccc3[N+](=O)[O-])C(=O)NC2=S
2185539,1,CC1=C(C(=Cc2ccc(cc2)[N+](=O)[O-])C(=O)N1Cc3ccco3)C(=O)OC
2186482,1,Cn1cccc1C=C2C(=O)NC(=O)N(C2=O)Cc3ccccc3Cl
2186741,1,Cc1cc(c(n1c2ccc(cc2)C(=O)O)C)C=C3C(=O)NC(=O)N(C3=O)Cc4ccccc4Cl
2187442,1,c1ccc(c(c1)CN2C(=O)C(=Cc3cccs3)C(=O)NC2=O)Cl
2190927,1,CN(C)c1ccc(cc1)NC=CC(=O)c2ccc(cc2)F
2191172,1,CCOc1cc(cc(c1OC(=O)C)[N+](=O)[O-])C=C2C(=O)SC(=N2)SCC=C
2191720,1,c1ccc(cc1)CSC2=NC(=Cc3ccco3)C(=O)S2
2198843,1,Cc1cccc(c1)N2C(=O)C(=Cc3cnn(c3)c4ccccc4)C(=O)NC2=O
2205614,1,COc1ccc(cc1)N(CC(=O)Nc2ccc(cc2)C(=O)OC)S(=O)(=O)C
2213707,1,Cc1cccc(c1)NC(=O)c2cc(ccc2N3CCCCC3)NC(=O)C
2214004,1,c1ccc(c(c1)CN2CCN(CC2)c3ccc(cc3)NC(=O)c4ccc(o4)[N+](=O)[O-])F
2214554,1,c1cc(oc1)c2c(nc3cc(ccc3n2)NC(=O)Nc4ccc(cc4)N5CCOCC5)c6ccco6
2215308,1,CN(C)c1ccc(cc1)NCc2cc(c(c(c2)Cl)OCC=C)OC
2220183,1,CCC(=O)N1CCN(CC1)c2ccc(cc2)NC(=O)c3ccc(o3)[N+](=O)[O-]
2231873,1,Cc1c(c(sc1C(=O)NCCc2ccccc2)N)C(=O)OC
22333190,1,C=CCOc1ccc(cc1)C(c2c3ccccc3[nH]c2C(=O)O)c4c5ccccc5[nH]c4C(=O)O
2238454,1,CCC(=O)N1CCN(CC1)c2ccc(cc2Cl)NC(=O)c3cc4ccccc4o3
224560,1,c1ccc(c(c1)N=Nc2cc(ccc2N)S(=O)(=O)Nc3nccs3)[N+](=O)[O-]
2253785,1,c1ccc(cc1)CN2CC(=Cc3cccnc3)C(=O)C(=Cc4cccnc4)C2
225421,1,CCN(CC)c1ccc(cc1)N=C2C=CC(=O)C=C2NC(=O)C
2256034,1,c1ccc(c(c1)c2ccc(o2)C=C3C(=O)NC(=O)NC3=O)[N+](=O)[O-]
2263502,1,Cc1ccc(cc1)n2c(cc(c2C)C=c3c(=O)n4c5ccccc5nc4s3)C
22650,1,CN(C)c1ccc(cc1)N=Nc2ccc(cc2)C(=O)O
2265956,1,c1ccc(cc1)N2C(=O)C(=Cc3ccc(o3)Sc4ccccc4)C(=O)NC2=O
2274195,1,CCN(CC)c1ccc(cc1)CC2C(=O)N(C(=O)N(C2=O)C)C
2275603,1,c1cc(c(cc1NC(=O)COc2c(c(c(c(c2F)F)C(F)(F)F)F)F)Cl)N3CCOCC3
2276013,1,c1ccc2c(c1)cc(o2)C(=O)Nc3ccc(c(c3)Cl)N4CCOCC4
2288289,1,c1ccc(cc1)CN2C(=O)C(=Cc3ccco3)C(=O)NC2=O
2288639,1,c1cc(ccc1N2C(=O)C(=Cc3ccoc3)C(=O)NC2=S)F
2293360,1,C=CCN1C(=O)C(=CC=Cc2ccccc2)C(=O)NC1=O
2293976,1,Cc1ccc(cc1)OCCOc2cccc(c2)C=C3C(=O)NC(=O)NC3=O
2296326,1,CCN(CC)CCNc1cc(nc2c1C(=O)C(=O)C=C2N3CCCCC3)C
2296726,1,C=CCSC1=NC(=CC=Cc2ccco2)C(=O)S1
2296904,1,CCOc1cc(cc(c1OC(=O)C)[N+](=O)[O-])C=C2C(=O)SC(=N2)SCC
2300529,1,Cc1ccc(o1)C=C2C(=O)NC(=S)N(C2=O)c3cccc(c3)F
2315232,1,Cc1c(c(n(n1)c2ccccc2)Cl)C=C3C(=O)N(C(=S)S3)CCCCCC(=O)O
2315524,1,Cc1ccc(o1)c2c(cn(n2)c3ccccc3)C=C4C(=O)N(C(=S)S4)CCCCCC(=O)O
2320755,1,CCOC(=O)c1c(c(sc1N)C(C(F)(F)F)(C(F)(F)F)O)c2ccccc2
2332919,1,c1ccc(cc1)c2c(cn(n2)CCC(=O)O)C=C3C(=O)NC(=S)NC3=O
2335498,1,CS(=O)(=O)c1ncc(c(n1)C(=O)Nc2ccc(cc2)N3CCOCC3)Cl
2347431,1,CCN(CC)c1ccc(cc1)Nc2nc3ccccc3c(n2)N4CCOCC4
23723895,1,c1cc[n+]2c(c1)ccc3c2cc(cc3)N
23724358,1,Cc1ccc(cc1C)C(=O)Nc2ccc(cc2)N3CCN(CC3)C
240936,1,Cc1cc(c(c(c1)CN(C)Cc2cc(cc(c2O)Cl)Cl)O)C
241217,1,c1c(c(cc(c1O)CNC2CCCCC2)O)CNC3CCCCC3
2415002,1,c1ccc2c(c1)ccc(n2)C(=O)Nc3ccc(cc3)N4CCCCC4
242789,1,COc1ccc2c(c1)CCCN2C(=Nc3ccc(cc3)Cl)N
2435577,1,CN(c1ccc(cc1)OC)S(=O)(=O)c2ccc(c(c2)C(=O)NCCc3ccc(cc3)Cl)Cl
2441086,1,Cn1cccc1C(=O)Nc2ccc(cc2)N3CCOCC3
24417099,1,Cc1ccc(cc1)S(=O)(=O)Oc2ccc(cc2OC)C=C3C(=O)N(C(=S)S3)CC(=O)O
245882,1,c1ccc2c(c1)cc3c(n2)-c4ccccc4C3=O
24747418,1,CCOc1ccc2c(c1)C(C(=O)N2CCN3CCOCC3)NC(=O)C
24748026,1,c1c(cc2c3c1CCCN3CCC2)CN
2475132,1,Cc1cc(ccc1NC(=O)c2cccc(c2)S(=O)(=O)N3CCc4ccccc4C3)N5CCN(CC5)C
24761053,1,C[n+]1c2ccccc2nc3c1cc(cc3)NCCO
24761124,1,COc1ccc2c(c1)c3c([nH]2)C(NCC3)c4ccc(o4)[N+](=O)[O-]
24761368,1,CCc1ccc(cc1)SCc2c(c3c(o2)ccc(c3CN(C)C)O)C(=O)OCC
24761540,1,Cc1c(c2cc(ccc2[nH]1)OC(F)(F)F)CCNCc3ccc(cc3)Cl
24762043,1,Cc1c(c2cc(ccc2[nH]1)OC(F)(F)F)CCNCc3ccc(cc3OC)OC
24762073,1,COc1ccc(cc1[N+](=O)[O-])C(=O)C[n+]2cc(cc3c2cccc3)Br
24762080,1,CCOc1ccc(cc1)N2C(=O)C(=Cc3c[nH]c4c3cccc4)C(=O)NC2=O
24792193,1,c1cc(ccc1C(=O)NC(CC(=O)N)c2ccc(c(c2)[N+](=O)[O-])N3CCCCCC3)Br
24792644,1,Cn1c2ccccc2c(=O)c3c1cc(cc3)c4ccc(nc4)N(C)C
24817951,1,c1cc(c(cc1[N+](=O)[O-])C(=O)OCC(=O)Nc2ccc(cn2)Cl)N3CCOCC3
2483332,1,Cc1cc(c(n1c2ccccc2)C)C(=O)COC(=O)c3cc(c(cc3NC(=O)c4cccs4)OC)OC
24979797,1,CN(c1ccc(cc1)OCC(=O)Nc2ccc(c(c2)OC)OC)S(=O)(=O)c3ccc(cc3)Cl
24981344,1,CC1CCN(CC1)c2ccc(cc2)NC(=O)c3ccc(o3)[N+](=O)[O-]
24982172,1,CC(=O)Oc1c(c2c3c(ccn2)c4ccccc4n3c1=O)OC
24982438,1,Cc1cc(ccc1NC(=O)c2ccc(o2)c3ccc(cc3)Cl)N4CCN(CC4)C
25102595_5163,1,Cn1ccc2c1cc3c(c2)N(CC3)C(=O)Nc4cccnc4
25162924,1,Cc1cc(ccc1NN=C2C(=Cc3cc(cc(c3C2=O)N)S(=O)(=O)O)S(=O)(=O)O)c4ccc(c(c4)C)NN=C5C(=Cc6cc(cc(c6C5=O)N)S(=O)(=O)O)S(=O)(=O)O
25199559,1,C=CCN1c2ccccc2C(=NNc3ccccc3O)C1=O
2557808,1,Cc1cc(ccc1NC(=O)c2c3ccccc3nc4c2CN(CC4)Cc5ccccc5)N6CCN(CC6)C
2565633,1,Cc1ccc(cc1)S(=O)(=O)N(C)c2ccc(cc2)OCC(=O)Nc3nc4ccccc4s3
2626966,1,Cc1cc(c(n1c2ccccc2)C)C(=O)COC(=O)C3=COCCO3
264630,1,Cc1cc(=O)c2c(o1)C(=O)c3c(cco3)C2=O
268524,1,c1ccc2c(c1)c(cs2)C=C3C(=O)NC(=O)NC3=O
26964,1,c1cc(c(c(c1CNNC(=O)C(CO)N)O)O)O
2708,1,c1cc(ccc1CCCC(=O)O)N(CCCl)CCCl
2732121,1,CC(C)c1ccc(cc1)N2C(=O)C(=CN(C)C)SC2=S
2732882,1,c1ccc(cc1)CC(=O)NC2(C(=O)c3ccccc3C2=O)O
2732963,1,c1ccc(c(c1)CC(=O)NC2(C(=O)c3ccccc3C2=O)O)Cl
273419,1,COC(=O)c1ccc(cc1)N=Nc2ccccc2
2738599,1,CN1CCN(CC1)c2ccc(cc2)CNS(=O)(=O)Cc3cccc(c3)C(F)(F)F
2765086,1,c1ccc(cc1)C(C(=O)Nc2ccc(cc2)N3CCCC3)Cl
2766344,1,COC(=O)C1CCN(CC1)Cc2ccc(cc2)OCCCN3CCN(CC3)c4ccc(cc4)[N+](=O)[O-]
2766354,1,COC(=O)C1CCN(CC1)CCCOc2ccc(cc2)CN3CCN(CC3)c4ccc(cc4)[N+](=O)[O-]
2783525,1,c1ccc(cc1)n2c(=O)c3cc(cc(c3[nH]2)[N+](=O)[O-])[N+](=O)[O-]
2791996,1,c1cc(ccc1NC(=O)Nc2ccc(cc2)Cl)N3CCOCC3
280859,1,CC1(N=C(N=C(N1c2ccc(c(c2)Cl)OCCCOc3ccccc3)N)N)C
2810379,1,Cc1ccc(cc1C)C(=O)NC2(C(=O)c3ccccc3C2=O)O
2811743,1,Cc1cc(c(o1)C)C(=O)Nc2ccc(c(c2)Cl)N3CCOCC3
2813498,1,CN(C)c1ccc(cc1)NC(=O)Nc2csc3c2cccc3
2814203,1,c1cc(ccc1NC(=O)c2ccc(cc2F)F)N3CCCCC3
2815701,1,Cc1ccc(cc1)S(=O)(=O)NC(=O)Nc2ccc(cc2)N(C)C
2827442,1,CCCCN1CCc2c3cc(ccc3[nH]c2C1=O)C
2828925,1,Cc1ccc(cc1)N=NNc2ccc(cc2)C(=O)OC
2847380,1,CC(C)(C)n1c(=O)c2ccc3c(c2[nH]1)C(=O)c4ccccc4C3=O
2849750,1,Cc1ccc(c(c1)N=Nc2nc3ccccc3n2C)C
2851304,1,Cn1c2ccccc2nc1N=Nc3ccc(cc3)N(C)C
2865152,1,c1ccc(cc1)C2=NN(C(C2)c3ccccc3O)c4ccc(cc4)[N+](=O)[O-]
2871851,1,CC(=O)NC(c1ccc(cc1)Cl)c2ccc3cccnc3c2O
2876575,1,CCC(=O)NC(c1ccccc1OC)c2ccc3cccnc3c2O
2876668,1,CCCC(=O)NC(c1ccccc1)c2ccc3cccnc3c2O
2876872,1,CCCC(=O)NC(c1ccc(cc1)OC)c2ccc3cccnc3c2O
2881968,1,c1cc2c(cc1Cl)c3c4n2CC(CN=C4CCC3)O
2882229,1,CCOC(=O)c1c(n(c2c1c(c(cc2)O)CN(C)C)c3ccc(cc3)C)C
2890932,1,CCN1CCN(CC1)c2ccc(cc2C(=O)c3ccc(cc3)Cl)[N+](=O)[O-]
289100,1,COc1ccc(cc1OC)CCN2C(=O)CSC2=S
2891495,1,c1cc(ccc1C(=O)c2cc(ccc2N3CCOCC3)[N+](=O)[O-])Cl
2896291,1,Cc1c(n(c2c1cccc2)CC(CN3C(=O)c4ccccc4S3(=O)=O)O)C
2898037,1,c1ccc(cc1)C(=O)c2cc(ccc2N3CCOCC3)[N+](=O)[O-]
2899074,1,Cc1ccc(c(c1)C)C(=O)c2cc(ccc2N3CCCCC3)[N+](=O)[O-]
2899437,1,Cc1ccc(cc1)C(=O)c2cc(ccc2N3CCCCC3)[N+](=O)[O-]
2904472,1,Cc1ccc(cc1)C(=O)c2cc(ccc2N3CCN(CC3)C)[N+](=O)[O-]
2905323,1,CN1CCN(CC1)c2ccc(cc2C(=O)c3ccc(cc3)Cl)[N+](=O)[O-]
2920402,1,Cc1ccc(cc1)C(c2cc(c3cccnc3c2O)Cl)NC(=O)C
2920952,1,CCCCC(=O)NC(c1ccc(cc1)N(CC)CC)c2ccc3cccnc3c2O
2921215,1,CCCC(=O)NC(c1ccc(cc1Cl)Cl)c2ccc3cccnc3c2O
2922130,1,CCN(CC)c1ccc(cc1)C(c2ccc3cccnc3c2O)NC(=O)C(C)C
2922136,1,c1ccc(cc1)C(=O)N2CCN(CC2)c3ccc(cc3[N+](=O)[O-])C=C4C(=O)NC(=O)NC4=O
2926010,1,CN1CCN(CC1)c2ccc(cc2C(=O)c3ccc(cc3)Br)[N+](=O)[O-]
2926438,1,c1cc(ccc1C(=O)c2cc(ccc2N3CCOCC3)[N+](=O)[O-])Br
2927522,1,CCC(C)N1C(=O)C(=Cc2cc3c4c(c2)CCCN4CCC3)C(=O)NC1=S
2927547,1,CCOCCCn1c(=N)c(cc2c1nc3c(cccn3c2=O)C)C(=S)N
2928413,1,CC(C)C(=O)NC(c1ccccc1)c2cc(c3cccnc3c2O)[N+](=O)[O-]
2928436,1,c1ccn2c(c1)nc3c(c2=O)cc(c(=N)n3Cc4ccco4)C(=O)NCC5CCCO5
2929652,1,c1ccc(cc1)CC2CCN(CC2)c3ccc(cc3[N+](=O)[O-])n4cnnn4
2930234,1,CCCC(=O)NC(c1ccco1)c2cc(c3cccnc3c2O)Cl
2933368,1,CCN(CC)c1ccc(cc1)NC(=O)C2CC3CCC2C3
2942910,1,COc1ccc2c(c1)C3C(CCO3)C(N2)c4ccco4
2943813,1,Cc1ccnc(c1)NC(c2ccc(cc2)OC)c3ccc4ccc(nc4c3O)C
2946332,1,CC(C)C1CC(CCO1)(CCNCc2ccc(cc2)N(C)C)c3ccccc3
2946926,1,CN1CCN(CC1)c2ccc(cc2)NC(=O)c3cccc(c3)OCc4ccccc4
2947289,1,CC(c1cc(ccc1O)Cl)Nc2ccc(cn2)Br
2965851,1,c1ccc2c(c1)c(c([nH]2)C(=O)O)C(c3cc(ccc3O)Br)c4c5ccccc5[nH]c4C(=O)O
2965985,1,CCOc1cc(cc(c1O)C(c2c3ccccc3[nH]c2C(=O)O)c4c5ccccc5[nH]c4C(=O)O)Br
2966039,1,c1ccc(cc1)C(c2c3ccccc3[nH]c2C(=O)O)c4c5ccccc5[nH]c4C(=O)O
2966040,1,c1ccc(c(c1)C(c2cc(c3cccnc3c2O)Cl)Nc4ccccn4)OCC(=O)O
2966176,1,c1ccc2c(c1)c(c([nH]2)C(=O)O)C(c3cc(cc(c3O)[N+](=O)[O-])Cl)c4c5ccccc5[nH]c4C(=O)O
2966178,1,c1ccnc(c1)NC(c2cccnc2)c3cc(c4cccnc4c3O)Cl
2969435,1,CCOc1cc2c3c(c1)C4(C(=O)N3C(CC2C)(C)C)Nc5ccccc5S4
2971096,1,CC(=O)c1ccccc1NS(=O)(=O)c2cccc3c2nsn3
2973383,1,COc1ccc(c(c1)[N+](=O)[O-])N2CCN(CC2)C(=O)c3ccc(cc3)Br
2974335,1,Cc1cc(=O)n2c3ccccc3n(c2c1C#N)CC(CN4CCCC4)O
2975117,1,CCOC(=O)C1C2CC=CC2c3cc(ccc3N1)Br
2976172,1,Cc1cc(=O)n2c3ccccc3n(c2c1C#N)CC(CN4CCCCC4)O
2976724,1,c1cc(oc1)C(=O)N2CCN(CC2)c3ccc(cc3Cl)NC(=O)Cc4ccc(cc4)Cl
2977331,1,c1cc(c(cc1C(=O)Nc2ccc(c(c2)Cl)N3CCCCC3)[N+](=O)[O-])N4CCOCC4
2977478,1,CCOc1ccc(cc1)C(c2cc(c3cccnc3c2O)Cl)Nc4cccnc4
2981865,1,Cc1cc(nc(n1)SCC(=O)Nc2ccc(c(c2)Cl)N3CCOCC3)C
2982494,1,COC(=O)COc1ccc(cc1)C2C3CC=CC3c4c(ccc(c4N2)Cl)C(=O)O
2983089,1,COc1ccc(cc1)NC2CCN(CC2)C3CC(=O)N(C3=O)c4ccc(c(c4)Cl)F
298444,1,CN(C)c1ccc(cc1)N=Nc2nccs2
2985637,1,Cc1ccccc1C(=O)N2CCN(CC2)c3ccc(cc3)NC(=O)c4ccc5c(c4)OCCO5
298620,1,c1ccc(cc1)N=Nc2ccc(c3c2cccn3)N
2991347,1,COc1ccc(cc1)N(Cc2ccccc2)C(=O)c3c(cnc(n3)S(=O)(=O)C)Cl
2994327,1,COc1ccc(cc1)OCC(=O)Nc2ccc(c(c2)Cl)N3CCN(CC3)C(=O)c4ccccc4
2997882,1,CCOc1cc(c(cc1N2CCOCC2)OCC)NC(=O)COc3cccc4c3nccc4
2998355,1,c1ccc2c(c1)nc(s2)NC(c3ccc4cccnc4c3O)c5ccco5
2998894,1,c1cc(oc1)c2c(sc(n2)NC(=O)C3CC(=O)N(C3)c4ccc5c(c4)OCCO5)c6ccco6
2999110,1,CCOc1cc(c(cc1N2CCOCC2)OCC)NC(=O)c3cc(nc4c3cccc4)c5ccco5
3000139,1,Cc1cc(c(n1c2ccccc2)C)C(=O)CN3C(=O)C4CC=CCC4C3=O
307157,1,CN(C)c1ccc(cc1)C=Nc2ccc(cc2)N(C)C
307167,1,CC(=O)c1ccc(cc1)N=Nc2ccc(cc2)N(C)C
3072313,1,CCOC(=O)c1c(n(c2c1c(c(c(c2)Br)O)CN(C)C)C)CSc3ccsc3
3095209,1,c1ccc(cc1)CNC2=CC(=O)C(=O)c3c2cccc3
3095577,1,CC1(CC2=C(C(Nc3c2c4ccccc4cc3)c5cc(cc(c5O)[N+](=O)[O-])[N+](=O)[O-])C(=O)C1)C
3108985,1,Cc1ccc(cc1C)n2c(=O)c3cc4c(c(c3c2=O)C(=O)c5ccc(cc5)C(=O)O)c(=O)n(c4=O)c6ccc(c(c6)C)C
3111150,1,C=CCNc1nc(c(s1)C(=C(C#N)C#N)c2ccc(cc2)Br)N
3117447,1,CC1=NC(=O)C(N1c2ccccc2)N=Nc3ccccc3
3117460,1,CC1=NN(C(=O)C1N=Nc2cccc(c2)O)c3ccccc3
3117657,1,CC1=NC(=O)C(N1c2ccccc2)N=Nc3cccc(c3)O
3129074,1,Cc1ccc2c(c1)c3c4n2CCN(C4CCC3)C(=O)CCl
3129247,1,CCCCC(=O)NC(c1ccc(cc1)N(C)C)c2ccc3cccnc3c2O
3129248,1,CCCCC(=O)NC(c1ccccc1OC)c2ccc3cccnc3c2O
3129251,1,CCCCC(=O)NC(c1ccc(cc1)Cl)c2ccc3cccnc3c2O
3129252,1,CCCCC(=O)NC(c1ccccc1Cl)c2ccc3cccnc3c2O
3136122,1,CCC(=O)NC(c1ccc(cc1Cl)Cl)c2ccc3cccnc3c2O
3136131,1,CCC(=O)NC(c1ccc(cc1)OC)c2cc(c3cccnc3c2O)Cl
3136153,1,Cc1ccc(cc1)C(c2c3ccccc3ccc2O)NC(=O)C4CCCCC4
3136846,1,COc1ccc2c(c1)C3C=CCC3C(N2)c4cc5c(cc4Br)OCO5
3138590,1,CC1Cc2c3cc(ccc3[nH]c2C(=O)N1)OC
3138753,1,CCCCC(=O)NC(c1ccco1)c2cc(c3cccnc3c2O)Cl
3146301,1,CN(C)c1ccc(cc1)Nc2ccc(cn2)[N+](=O)[O-]
3151319,1,c1ccc(cc1)CCNC(=O)c2cc3c(nc4ccccn4c3=O)n(c2=N)CC5CCCO5
3151326,1,Cc1ccc2nc3c(cc(c(=N)n3CC=C)C(=O)NCCCOC)c(=O)n2c1
3152293,1,C=CCNC(=O)C1CC(=O)N(C1)c2ccc(cc2)OCc3ccc(cc3)F
3160859,1,Cc1ccc(cc1)N2CN3C(=O)CC(C(=C3SC2)C#N)c4cccs4
3161426,1,CCCC(=O)N1CCN(CC1)c2ccc(cc2)NC(=O)c3ccc(o3)[N+](=O)[O-]
3161478,1,CN1CCN(CC1)c2ccc(cc2Cl)NC(=O)c3ccc(o3)[N+](=O)[O-]
3161479,1,CN1CCN(CC1)c2ccc(cc2Cl)NC(=O)c3ccc4c(c3)OCCO4
3164003,1,CC(C)(C)C(=O)N1CCN(CC1)c2ccc(cc2)NC(=O)c3ccc(o3)[N+](=O)[O-]
317081,1,c1cc(cnc1)CN2C(=O)CSC2=S
3185535,1,CN(C)c1ccc(cc1)C(C(=O)NC2CCCCC2)N(Cc3ccco3)C(=O)c4c(c(ns4)C(=O)N)N
3198752,1,CCC(C)(C)NC(=O)C(c1cccn1C)N(c2ccc(cc2OC)OC)C(=O)Cn3c4ccccc4nn3
3223626,1,COc1ccc(cc1)N2CCN(CC2)C(=O)CN3CCN(CC3)c4nc(cs4)c5ccc(cc5)F
3235649,1,c1cc(ccc1CN2C(=O)CSC2=S)C(=O)O
3237041,1,Cc1cccc(c1C)N2CCN(CC2)C(=O)Cc3c4cc(ccc4[nH]c3C(=O)O)Cl
3237370,1,Cc1ccc(cc1)N2CCN(CC2)CC(COc3ccccc3CC=C)O
3237746,1,CCn1c(c(c(c1C(=O)OCC)C)C(=O)Nc2ccc(cc2)N(C)C)C
3238329,1,CCOC(=O)c1cc2c(nc3ccccn3c2=O)n(c1=NC(=O)C)CC4CCCO4
3239161,1,C=CCn1c2c(cc(c1=O)C#N)c(=O)n3ccccc3n2
3240045,1,CCOc1ccccc1NC(=O)CN(c2ccc(cc2)OC)S(=O)(=O)c3c(noc3C)C
3240658,1,CCS(=O)(=O)NCc1ccc2c(c1)c3c([nH]2)CCCC3
3240730,1,Cc1c(c(on1)C)S(=O)(=O)N(CC(=O)Nc2cc(ccc2OC)Cl)c3ccc(cc3)OC
3241723,1,CN(C)c1ccc(cc1)NC(=O)c2ccc(o2)COc3cccc(c3)Cl
3241760,1,Cc1ccc(cc1N2CCN(CC2)C(=O)c3cn(c(=O)c4c3c5ccccc5n4C)C)Cl
324415,1,Cc1csc([n+]1[O-])N=Nc2ccc(cc2)N(C)C
3244798,1,Cn1c2ccccc2c(=O)n3c1cc4ccccc4c3=O
3244913,1,C=CCn1c(c(sc1=S)C(=O)NCCC2=CCCCC2)N
3244955,1,CCOC(=O)C1CCCN(C1)C(=O)Cc2c3ccccc3[nH]c2C(=O)O
3245700,1,Cc1cccc(c1C)N2CCN(CC2)C(=O)c3cn(c(=O)c4c3c5ccccc5n4C)C
3246331,1,c1ccc2cc3c(cccc3C=C4C(=O)NC(=S)NC4=O)cc2c1
3256325,1,Cc1cccn2c1nc3c(c2=O)cc(c(=N)n3Cc4ccc(cc4)F)C(=O)NCCN5CCOCC5
3276862,1,CCn1cnc2c1ccc(c2)NCc3ccc(cc3)N(C)C
3279103,1,c1ccc2c(c1)c(c3ccccc3n2)NNC(=O)c4cccc(c4)O
3282038,1,c1ccn2c(c1)nc3c(c2=O)cc(c(=N)n3Cc4ccc(cc4)F)C(=O)NCCN5CCOCC5
3293,1,CCOc1ccc2c(c1)C(=CC(N2)(C)C)C
3344442,1,CCOCCCn1c2c(cc(c1=NC(=O)c3ccco3)C(=O)OCC)c(=O)n4cccc(c4n2)C
335352,1,c1cc2c(c(c1)NCCCNCCO)C(=O)c3cccc(c3C2=O)NCCCNCCO
3367465,1,CCn1cc(cn1)C(=O)Nc2ccc(cc2)N(CC)CC
3370345,1,CCOC(=O)C1CCCN(C1)C(c2ccccn2)c3c([nH]c4c3cccc4)C
337601,1,c1cc2c(c3cc[nH]c4c3n2c(=O)cc4)c(=O)c1
3393623,1,c1ccc2c(c1)C(=CC(=O)C2=O)N3CCCCC3
344131,1,c1ccc(cc1)NC2=CC(=O)C(=O)c3c2cccc3
3458318,1,CC1c2cc(c(cc2CCN1Cc3cc(ccc3OC)C4c5c(c6ccccc6[nH]5)CCN4)OC)OC
3468808,1,CCCCNC(=O)c1cc2c(nc3c(cccn3c2=O)C)n(c1=N)Cc4cccnc4
3470730,1,CN1C(=O)C(=Cc2ccccc2OCc3ccc(cc3)Cl)C(=O)N(C1=O)C
3490010,1,COc1ccc(cc1)N2CCN(CC2)CCC(=O)c3ccc4ccccc4c3
3498566,1,c1cc(ccc1C(=O)CCN2CCN(CC2)c3ccc(cc3)[N+](=O)[O-])Cl
35370,1,Cc1cn(c(=O)[nH]c1=O)C2CC(C(O2)CO)N=[N+]=N
3549885,1,CN1CCN(CC1)C(c2ccc(cc2)Br)c3cc(c4cccnc4c3O)Cl
3551477,1,Cc1ccc(cc1)SCC(=O)Nc2ccc(c(c2)F)N3CCN(CC3)C
3600945,1,Cc1c2c(c3cccc(c3n1)OC)N(CC2)c4ccc(cc4)OC
3603231,1,CN(C)c1ccc(cc1)N=Nc2ccccc2C(=O)OCC(=O)NCC3CCCCC3
3611470,1,c1ccc(c(c1)NS(=O)(=O)c2cc(ccc2N3CCCC3)NC(=O)Nc4ccc(cc4)F)Cl
3627083,1,Cc1ccc(c(c1)CNCCNCc2cc(ccc2O)C)O
3632372,1,Cc1cccc2c1[nH]c(c2CCNC(=O)c3ccc4c(c3[N+](=O)[O-])C(=O)c5ccccc5C4=O)C
3632772,1,Cc1ccc(c(c1)NC(=S)NCc2ccc3c(c2)c4c([nH]3)CCCC4)C
3633677,1,CCc1ccc(cc1)NC2=CC(=O)C(=O)c3c2cccc3
3650002,1,c1ccc(c(c1)NS(=O)(=O)c2cc(ccc2N3CCCC3)NC(=O)Nc4ccc(c(c4)Cl)Cl)Cl
3650003,1,c1ccc(c(c1)NS(=O)(=O)c2cc(ccc2N3CCCC3)NC(=O)Nc4ccc(cc4)Cl)Cl
3651651,1,CCN(Cc1ccccc1)c2ccc(cc2)N=Nc3c(c(n(n3)C)C)[N+](=O)[O-]
3666713,1,c1ccc-2ccc(c2cc1)N=Nc3ccccc3
3688004,1,CCc1cccc(c1NC(=S)NCC2CCN(C2)c3ccc(cc3)OC)C
3689416,1,COc1ccc(cc1)N(C(c2cccs2)C(=O)NCCc3ccccc3)C(=O)CCl
3696529,1,Cc1ccc(cc1)C(=O)c2c(oc-3c2C(=O)C(=O)c4c3cccc4)C
3704812,1,Cc1c(c2cc(ccc2n1C)OC)C(CN3CCC(CC3)Cc4ccccc4)O
3705648,1,c1ccn2c(c1)nc3c(c2=O)cc(c(=N)n3Cc4ccco4)S(=O)(=O)c5ccc(cc5)Cl
3720724,1,c1ccc(cc1)CCn2c(=N)c(cc3c2nc4ccccn4c3=O)C(=O)NCCN5CCOCC5
3742880,1,c1ccc2c(c1)cccc2C3C4(O3)C(=O)c5ccccc5C4=O
3744961,1,CC1(CCCN(C1)C(=O)c2ccc3c(c2NCCO)C(=O)c4ccccc4C3=O)C
3755889,1,c1ccc(cc1)C(=O)ON=C2CCN(CC2)c3ccc(cc3)[N+](=O)[O-]
3759082,1,Cc1ccc(cc1)C(=O)ON=C2CCN(CC2)c3ccc(cc3)[N+](=O)[O-]
378227,1,COc1ccc2c(c1)c3c([nH]2)-c4nc5ccccc5c(=O)n4CC3
3793,1,CCC(C)n1c(=O)n(cn1)c2ccc(cc2)N3CCN(CC3)c4ccc(cc4)OCC5COC(O5)(Cn6cncn6)c7ccc(cc7Cl)Cl
3796606,1,c1ccc(cc1)CN2CCN(CC2)C3=C(C(=O)c4ccccc4C3=O)NS(=O)(=O)c5cccs5
3796941,1,c1ccc(cc1)C2CC(=NN2C(C#N)c3ccccc3O)c4ccccc4
3833477,1,CN(C)c1ccc(cc1)CNCCC(c2ccc(cc2)OC)c3ccccc3OC
386093,1,CC(C)OC(=O)c1ccc(cc1)NCc2cc(ccc2O)O
387118,1,Cc1cc(ccc1N=Nc2ccc3c(c2)cccn3)N(C)C
3878282,1,Cc1ccc(cc1)C(c2cc(c3cccnc3c2O)Cl)N4CCN(CC4)C
39164,1,CN(C)c1ccc(cc1)N=Nc2cccc3c2occ3
3953144,1,COc1ccccc1NS(=O)(=O)c2cc(ccc2N3CCCC3)NC(=O)c4ccc(nc4)Cl
3984289,1,c1cc(ccc1C=C2C(=O)NC(=S)NC2=O)OCC(=O)N3CCCC3
3986299,1,CN(C)c1ccc(cc1)N=Nc2ccccc2C(=O)OCC(=O)N(C)c3ccccc3
4014739,1,Cc1cccc2c1[nH]c(c2CCNS(=O)(=O)c3cc(ccc3Cl)[N+](=O)[O-])C
403,1,c1cc(ccc1N)O
4034051,1,c1ccc2c(c1)[nH]c(n2)SCCCC(=O)N3CCN(CC3)c4ccc(cc4)[N+](=O)[O-]
403758,1,c1cc(ccc1C(=O)OCCC23CC4CC(C2)CC(C4)C3)NCc5cc(ccc5O)O
404404,1,C[n+]1c(cc2n1c3ccc(cc3c2=Cc4ccc(cc4)N(C)C)[N+](=O)[O-])c5ccccc5
4148491,1,CCC1(NC(CC(=N1)c2ccc3c(c2)OCO3)c4ccccc4O)C
4193163,1,c1ccc2c(c1)C(=O)c3cc(c(cc3C2=O)Cl)NC(=O)COC(=O)CC4CCCC4
4219736,1,CC(=O)c1ccc(cc1)NC(=O)COC(=O)c2ccccc2N=Nc3ccc(cc3)N(C)C
4226016,1,Cc1cccc(c1NC(=S)NCC2CCN(C2)c3ccc(cc3)OC)C
4264319,1,Cc1cccn2c1nc3c(c2=O)cc(c(=N)n3CCCN4CCOCC4)C(=O)NCCc5ccc(cc5)OC
430455,1,Cc1cc(=O)n2c3c1cc4c(cc(=O)n(c4c3OC2)C)CN(C)C
432465,1,c1cc(ccc1Cn2ccc3c2ccc4c3c(nc(n4)N)N)N
4326644,1,Cc1c(=O)c2cccc(c2oc1c3ccccc3)C(=O)N4CCN(CC4)c5ccc(cc5)[N+](=O)[O-]
43380,1,CN(C)c1ccc(cc1)NC(=O)c2cc(c(c(c2)OC)OC)OC
4371580,1,Cc1ccc2c(c1)c3c([nH]2)CCN(C3)C(=O)CN4c5ccc(cc5CCC4C)F
4378728,1,CC(=O)C(C(=O)C)(N=Nc1ccccc1)Sc2nnc(n2c3ccccc3)c4ccccc4
439654,1,COc1ccc2c(c1O)CN3CCc4cc(c(cc4C3C2)O)OC
4399863,1,Cc1ccc(cc1)S(=O)(=O)c2cc3c(nc4ccccn4c3=O)n(c2=N)CCc5ccccc5
4416228,1,Cc1ccc(c(c1)C)SCC(=O)Nc2ccc(c(c2)F)N3CCN(CC3)C
4421,1,CCn1cc(c(=O)c2c1nc(cc2)C)C(=O)O
4425951,1,CC(=O)c1ccc(cc1)N=Nc2ccc(cc2)N
452029,1,c1cn(c(=O)[nH]c1=O)C2CC(C(O2)CO)N=[N+]=N
4522020,1,Cc1cccc(c1)C(=O)N=c2c(cc3c(n2Cc4ccco4)nc5c(cccn5c3=O)C)C#N
45281151,1,Cn1c2cccc[n+]2cc1c3ccc(cc3)C=NNC(=O)c4ccc(cc4)C(=O)NN=Cc5ccc(cc5)c6c[n+]7ccccc7n6C
45281164,1,CN(C)c1ccc(cc1)C=C2C[N+](CC(=Cc3ccc(cc3)N(C)C)C2=O)(C)C
4554648,1,c1cc(cc(c1)NS(=O)(=O)c2cc(ccc2N3CCCC3)NC(=O)c4cccs4)C(F)(F)F
4562252,1,CN(c1ccccc1)N=Nc2ccc(cc2)[N+](=O)[O-]
4566182,1,CN(C)c1ccc(cc1)Nc2nc(c(c(n2)N3CCOCC3)[N+](=O)[O-])N
4584499,1,c1ccc(cc1)CNC(=S)N2CCc3c(c4cc(ccc4[nH]3)F)C2
4593674,1,c1cc2c(cc1CNC(=O)c3cc(ccc3N4CCCCC4)[N+](=O)[O-])OCO2
4601136,1,CC(C)(C)C1CCc2c(sc(c2C#N)NC(=O)C3CC=CCC3C(=O)O)C1
4615770,1,c1cc2c(cc1O)OC(=O)C3C2c4c([nH]c(=O)s4)SC3C(=O)O
4620317,1,COc1ccccc1NS(=O)(=O)c2cc(ccc2N3CCCCC3)NC(=O)Nc4ccccc4
4636986,1,Cc1cccn2c1nc3c(c2=O)cc(c(=N)n3CCCN4CCOCC4)C(=O)NCCN5CCOCC5
4664956,1,CCOC(=O)C1C(c2c([nH]c(=O)s2)SC1C(=O)OCC)c3ccc(cc3)Cl
4688385,1,CC(=O)NC1=C(C(=O)c2ccccc2C1=O)Nc3ccc(cc3)N(C)C
46930969,1,Cc1c([n+]2ccccc2n1CC=Cc3ccccc3)P(=S)(c4ccccc4)c5ccccc5
46942614,1,CN(C)c1ccc(cc1)CNc2c3c(cc(s3)c4ccccc4)nc(n2)NCC=C
4783695,1,CC(=O)Nc1ccc(cc1)S(=O)(=O)Nc2ccc(cc2)N3CCCCC3
4832194,1,Cc1cccc(c1OCC(CN(Cc2ccccc2O)C3CCCCC3)O)C
4875040,1,CN(C)c1ccc(cc1)C(CNC(=O)c2ccccc2)c3c[nH]c4c3cccc4
4888749,1,COc1ccc(c(c1)OC)N2CN3C(=O)CC(C(=C3SC2)C#N)c4cc(c(cc4OC)OC)OC
4896058,1,COc1ccc(c(c1)C2CC(=O)N3CN(CSC3=C2C#N)c4ccc(cc4OC)OC)OC
4939,1,CC[N+](C)(CC)CCC[n+]1c2cc(ccc2c3ccc(cc3c1c4ccccc4)N)N
4970208,1,CC(=O)Nc1ccc(cc1)S(=O)(=O)N(Cc2cc3cc(ccc3[nH]c2=O)OC)c4ccc(cc4)OC
4973873,1,CN1CCN(CC1)c2ccc(cc2)NC(=O)c3ccc(o3)c4ccccc4F
5033819,1,c1ccnc(c1)c2csc(n2)NC(=O)C3CC(=O)N(C3)c4ccc5c(c4)OCCO5
5048787,1,c1ccc(cc1)NC(=S)NCc2ccc3c(c2)c4c([nH]3)CCCC4
5052536,1,c1ccc2c(c1)-c3c4c(c(cc(c4no3)N5CCN(CC5)C(=O)c6ccco6)NCCCC(=O)O)C2=O
5060860,1,CC1CC1C(=O)OCC(=O)Nc2ccc(cc2)N=Nc3ccccc3
51361017,1,CC(C1CN2CCc3c4ccccc4[nH]c3C2CC1N(C)C(=S)NCCc5ccccc5)O
5221227,1,Cc1cccn2c1nc3c(c2=O)cc(c(=N)n3CCN4CCOCC4)C(=O)NCCN5CCOCC5
5289789,1,c1ccc2cc(ccc2c1)NC3=NC(=O)C(=Cc4ccco4)S3
5291247,1,c1ccc2c(c1)NC(=CC(=O)C=Cc3ccc(cc3)F)C(=O)O2
5293677,1,c1ccc(cc1)CCn2c(nc3ccccc3c2=O)C=Cc4cccnc4
5294196,1,Cc1cc(nc2c1ccc3c2[nH]c(c3C)C)C
5307705,1,CCOC(=O)N1CCC(CC1)NC(=O)c2cccc3c2C(=O)N(C3)c4ccc(cc4)OC
5308273,1,CCN(CC)c1ccc(c(c1)C)NS(=O)(=O)c2ccc3c(c2)oc(=O)n3CC(=O)OCC
5308727,1,CC(=O)OCCNc1cc(c2c3c1C(=O)c4ccccc4-c3on2)N5CCN(CC5)C
5309765,1,Cc1ccc(cc1)C2=CC(N3C(=N2)N=NN3)c4ccc(cc4)N(C)C
5309875,1,COc1ccc(cc1)N2Cc3cccc(c3C2=O)C(=O)O
5309895,1,c1ccc2c(c1)C(N(C2=O)c3ccccn3)Nc4ccc5c(c4)OCCO5
5310764,1,c1cc(ccc1NC=C2C(=O)N(C(=O)N(C2=O)C3CCCCC3)C4CCCCC4)S(=O)(=O)N
53312967,1,CN1CCN(CC1)c2ccc(cc2)Nc3nccc(n3)N(C)c4ccc(cc4)NC(=O)C=C
5337811,1,CCN(CC)c1ccc(cc1)NC=C2c3ccccc3N=C2C
5341505,1,Cc1ccc(cc1C)N2C(=O)C(=CNNC(=O)c3cccc(c3)[N+](=O)[O-])C(=N2)C
5342649,1,COC1=CC(=CNN2C(=O)CSC2=S)C=CC1=O
5345365,1,CC(=NO)c1ccc2c(c1)[nH]c3c2CCCC3
5345479,1,CN1CCN(CC1)N=Cc2ccc(o2)c3ccc(cc3Cl)[N+](=O)[O-]
5347338,1,c1ccc2c(c1)c(=O)c3ccccc3n2CC(=O)NN=Cc4cc(ccc4N5CCCCCC5)[N+](=O)[O-]
5347417,1,Cc1cccc(c1)n2c(cc(c2C)C=NNC(=O)c3cccs3)C
5368817,1,Cc1ccc(c(c1)Br)NN=C2C=CC(=O)C=C2
5377598,1,CC1=NN(C(=O)C1=Cc2ccccc2OC)c3ccccc3
5389174,1,CCN(CC)c1ccc(cc1)NC=C2C(=O)NC(=O)N(C2=O)CC=C
5389209,1,CN(Cc1c(ccc2c1oc(=O)c3c2cccc3)O)C4CCCCC4
5389477,1,CCC(=C1C(=O)NC(=O)N(C1=O)C2CCCCC2)NCc3ccco3
5389492,1,Cc1c(c(=O)oc2c1cc(c(c2CN3CCN(CC3)C)O)Cl)C
5389495,1,CCCc1cc(=O)oc2c1cc(c(c2CN3CCN(CC3)C)O)Cl
5389680,1,CCC(=C1C(=O)NC(=O)N(C1=O)C2CCCCC2)NCc3ccc4c(c3)OCO4
5389941,1,Cc1ccc(cc1C)N2C(=O)C(=CNc3ccccc3N)C(=O)NC2=O
5394368,1,CCN(CC)c1ccc(cc1)NC=C2C=CC(=CC2=O)N(CC)CC
5397501,1,Cc1c(c2ccccc2[nH]1)C=C3C(=O)OC(=N3)c4ccccc4
5404921,1,CC1=NN(C(=O)C1=Cc2ccc(cc2)N(C)C)Cc3ccccc3
5405862,1,COc1ccc(c(c1)C2=CC(=Cc3ccccn3)C(=O)O2)OC
5410471,1,COc1ccc(cc1)C(=O)C(=NNc2cccc(c2)[N+](=O)[O-])C#N
5421164,1,CCN(CCO)c1ccc(cc1)NC=C2C(=O)NC(=S)N(C2=O)C
5428548,1,C=CCN1c2ccccc2C(=C3c4ccccc4NC3=O)C1=O
5431119,1,c1cc(n(c1)c2ccc(cc2)C(=O)O)C=NNC(=O)c3cc4cc(ccc4o3)Br
5435067,1,c1cc(cc(c1)[N+](=O)[O-])NN=C(C#N)C(=O)c2ccc(cc2)Br
5435973,1,c1cc(ccc1NC=C2C=C(C=C(C2=O)Br)[N+](=O)[O-])N3CCOCC3
5437327,1,Cc1ccc(c(c1)C)N2C(=O)C(=CNc3ccc(cc3OC)SC#N)C(=N2)C
5439935,1,CC1=NN(C(=O)C1=CNc2ccc(cc2OC)SC#N)c3ccc(cc3)Cl
5441374,1,Cc1c(c(=O)n(n1C)c2ccccc2)NN=C(C#N)C(=O)c3ccc(cc3)Cl
5453475,1,CC1=NN(C(=O)C1=C(C)NCc2ccco2)c3nc4ccccc4s3
5457268,1,CNC(=S)NNC=C1C=C(C=C(C1=O)Br)Br
5466111,1,CN(C)c1ccc(cc1)Cc2cc3c(ccc(c3cc(c2=O)Cc4ccc(cc4)N(C)C)O)O
54677752,1,CCCCN1C(=O)C(=C(C=Cc2c[nH]c3c2cccc3)O)C(=O)NC1=O
54736625,1,Cc1cc(c(n1c2ccccc2)C)C=Cc3ccc4cc(ccc4[n+]3C)N(C)C
5515224,1,c1ccc(cc1)c2c(c3ccccc3[nH]2)C=C4C(=O)NC(=O)N(C4=O)c5ccccc5
5516377,1,CCN1c2ccc(cc2C(=NNC3=NC(=O)CS3)C1=O)C
5519976,1,CCN(CC)c1ccc(cc1)NC=C2C(=O)NC(=O)N(C2=O)Cc3ccco3
5521053,1,c1ccc(cc1)CCN2c3ccccc3C(=NNC(=O)CNC(=O)c4ccco4)C2=O
5524647,1,c1cc(ccc1CNC=C2C=C(C=C(C2=O)Br)Br)F
5530129,1,c1ccc2c(c1)c(c[nH]2)C=C3C(=O)N=C(S3)Nc4ccc(cc4)F
5546370,1,c1ccc2c(c1)CCN2S(=O)(=O)c3ccc(cc3)NN=C(C#N)C(=S)N
5552211,1,c1ccc(cc1)CN2C(=O)C(=CNNC(=O)c3ccccc3O)C(=O)NC2=O
5562608,1,CCN(CC)C1=CC(=O)C(=CNc2ccc(cc2)N(C)C)C=C1
5568923,1,c1ccc(cc1)CN2C(=O)C(=CC=CC=CNc3ccccc3)SC2=S
5597103,1,Cc1ccc(cc1)N2C(=O)C(=Cc3c4ccccc4[nH]c3c5ccccc5)C(=O)NC2=O
5602253,1,CN1C(=O)C(=CC=CNc2ccccc2)C(=O)N(C1=S)C
5604515,1,COc1ccc(cc1)CN2C(=O)C(=CNNC(=O)c3ccccc3)C(=O)NC2=O
5607430,1,c1ccc(c(c1)C(=O)NN2C(=O)C(=Cc3[nH]c4ccccc4n3)SC2=S)Cl
5613542,1,CCN(CC)c1ccc(cc1)NC=C2C(=O)NC(=O)N(C2=O)c3ccccc3
5614,1,CC(C)(C)c1cc(cc(c1O)C(C)(C)C)C=C(C#N)C#N
5646019,1,Cc1c(c2ccccc2[nH]1)C=C3C(=O)OC(=N3)c4ccc(cc4)F
5648630,1,CCN1c2ccc(cc2C(=C3c4ccccc4NC3=O)C1=O)Br
56603512,1,CN1CCN(CC1)c2ccc(cc2)Nc3nccc(n3)Nc4ccc(cc4)NC(=O)C=C
5662106,1,CN(C)c1ccc(cc1)n2cccc2C=C[N+](=O)[O-]
5662854,1,Cc1ccc2c(c1)cc(c(=O)[nH]2)C=C3C(=O)NC(=O)NC3=O
56642833,1,CC(C(=O)NN=Cc1ccccc1OCc2cccc(c2)Br)Nc3ccc(cc3)OC
56642843,1,Cc1cc(c(n1c2ccc(cc2)F)C)C=NNc3nnc(n3N)C
56642946,1,c1cc(ccc1C(=O)NN=Cc2cc(ccc2N3CCNCC3)[N+](=O)[O-])[N+](=O)[O-]
5673818,1,Cc1c(c2ccccc2[nH]1)C=C3C(=O)OC(=N3)c4ccc(cc4)OC
5710119,1,c1ccc(cc1)C(=O)C(=NNc2ccc(cc2)Cl)C#N
5733483,1,CC1=NN(C(=O)C1=CC=Cc2ccccc2)c3cccc(c3)C(=O)O
5733602,1,CC1=NOC(=O)C1=Cc2ccc(o2)c3cc(ccc3Cl)Cl
5735251,1,Cc1ccc2c(c1)cc(c(n2)N3CCCCC3)C=C4C(=NN(C4=O)c5ccccc5)C
5737231,1,c1ccn2c(c1)nc(c(c2=O)C=C3C(=O)N(C(=S)S3)Cc4ccco4)NCCOCCO
5737730,1,CC1=NOC(=O)C1=Cc2ccc(o2)c3ccc(cc3Cl)Cl
5738010,1,Cc1cc(c(n1c2ccccn2)C)C=C3C(=O)N(C(=O)S3)C(C)C(=O)OC
5738472,1,Cc1ccc2c(c1)C(=C3c4ccccc4NC3=O)C(=O)N2C
5753589,1,CC1=NN(C(=O)C1=CNc2ccc(cc2)S(=O)(=O)Nc3nccs3)c4ccc(cc4)Br
5757581,1,COc1ccc(cc1)N2C(=O)C(=Cc3ccco3)C(=O)NC2=S
5757793,1,CCCCN1C(=O)C(=CC=C2CC(CN2C)(C)C)SC1=S
5757875,1,CN1c2cc3c(cc2SC1=CC(=O)c4ccc(cc4)Cl)OCO3
5758789,1,CC1=NN(C(=O)C1=Cc2ccc(c(c2)OC)Oc3ccc(cc3[N+](=O)[O-])[N+](=O)[O-])c4ccccc4
5759067,1,c1ccc(c(c1)c2ccc(o2)C=C3C(=O)N(C(=S)S3)CC4CCCO4)Cl
5760042,1,Cc1ccc(cc1C)N2C(=O)C(=CC=Cc3ccc(o3)[N+](=O)[O-])C(=N2)C
5760273,1,CN(C)c1ccc(cc1)C=C(C#N)C(=O)NCc2ccco2
5760335,1,c1ccc(cc1)CNC=C2C(=O)OC(=N2)c3ccccc3
5760788,1,CCC1(OC(=CC(=CC=C2C(=O)NC(=O)NC2=O)O1)c3ccccc3)C
5762894,1,COc1ccc(c(c1)C=C2C(=O)N=C(S2)NNC(=O)c3ccc4ccccc4c3)OC
5764688,1,CC(=C1C(=NN(C1=O)c2nc3ccccc3s2)C(F)(F)F)NCc4ccco4
5765297,1,Cc1cc(n[nH]1)C(=O)NNC=C2C(=NN(C2=O)c3ccccc3)C
5771274,1,CCC1=CC(=CNC2CCCCC2)C(=O)S1
578058,1,c1cc(ccc1C(=O)O)N=NN2CCCCCC2
5796733,1,c1ccc(cc1)CS(=O)(=O)NC2=NC(=O)C(=C3c4ccccc4NC3=O)S2
5807017,1,c1cc2c(cc1NN=C3C(=O)NC(=O)NC3=O)OCCO2
5830413,1,c1ccc(c(c1)C2=NC(=CNc3ccc(cn3)Br)C(=O)O2)Br
5831921,1,C1=CC(=O)C(=O)C(=O)C1=CNNC2=CC=C(NN2)Cl
5875180,1,CSC1=NSC2=NC(=O)C(=Cc3cccs3)C(=N)N21
5889235,1,CC1=NN(C(=O)C1=Cc2ccc(c(c2)OC)OCC(=O)Nc3ccccc3)CCC#N
5891295,1,Cc1ccc(o1)C=C2C(=O)N(C(=S)S2)NC=C3C=C(C=CC3=O)[N+](=O)[O-]
5897296,1,c1ccc(c(c1)C(=O)N=NC=C2C(=NC(=O)S2)N3C=CC(=C4C=CNC=C4)C=C3)O
5924456,1,CCC(C)N1C(=O)C(=Cc2c(nc3c(cccn3c2=O)C)NCCCOCC)SC1=S
5931017,1,Cc1cc(c(n1c2ccc(c(c2)[N+](=O)[O-])N3CCOCC3)C)C=C(C#N)C(=O)N
5933290,1,c1ccc(cc1)n2cccc2C=NNc3ccc(cn3)[N+](=O)[O-]
5939114,1,CCC(=C1C(=O)N(C(=O)N(C1=O)C)C)NCCc2c[nH]c3c2cccc3
5942246,1,COc1ccc(cc1)N2CC(CC2=O)C(=O)NNC=C3C=C(C=CC3=O)[N+](=O)[O-]
5947157,1,Cc1cccc(c1)C=C2C(=NN(C2=O)c3ccccc3)C
6010977,1,CC1=NN(C(=O)C1=Cc2ccc(cc2)OC(=O)c3cccs3)c4ccc(cc4)C(=O)O
6038768,1,Cc1ccc(s1)C2=NC(=Cc3c([nH]c4c3cccc4)C)C(=O)O2
6040337,1,Cc1ccc(cc1NC=C2C=C(C=C(C2=O)Br)Br)C(=O)O
604063,1,CC1=NN(C(=O)C1C=Nc2ccc(cc2)N(C)C)c3ccccc3
6046543,1,CCC(C)N1C(=O)C(=Cc2ccc(cc2)N3CCCCCC3)C(=O)NC1=S
6050647,1,c1ccc2c(c1)c(cn2CC(=O)O)C=C3C(=O)NC(=O)N(C3=O)Cc4ccco4
6051,1,c1ccc(cc1)N=Nc2ccc(cc2)N
606080,1,c1cc2c(cc(c(c2nc1)O)CN3CCN(CC3)CCO)Cl
60699,1,CCC1(c2cc-3n(c(=O)c2COC1=O)Cc4c3nc5ccc(c(c5c4)CN(C)C)O)O
6086314,1,CCSC1=NSC2=NC(=O)C(=Cc3cccs3)C(=N)N21
6104113,1,CC1=NN(C(=O)C1=Cc2cn(nc2c3ccc(cc3)Cl)CCC#N)c4ccccc4
6111690,1,c1cc(oc1C=C2C(=N)N3C(=NC2=O)SC(=N3)CC(=O)N4CCCC4)Br
6146635,1,Cc1cccc(c1C)NC(=S)NN=C2c3ccccc3N(C2=O)CN4CCOCC4
617164,1,Cc1cc(c(cc1C)N=Nc2ccccc2)NCC(C(C(CO)O)O)O
6184189,1,CC1=NN(C(=O)C1=C(C)NNC(=O)c2cccs2)c3nc4ccccc4s3
6206944,1,COc1ccc(cc1)NC2=NC(=O)C(=CC=Cc3ccco3)S2
622289,1,COc1c(=O)c(=O)n2c3ccccc3c4c2-c1[nH]cc4
6226152,1,c1cc(oc1)C=C2C(=O)N(C(=S)S2)CCC(=O)Nc3ccc(cc3C(=O)O)O
6235453,1,c1ccc(cc1)C=CCN(c2ccc3c(c2)OCCO3)C(=O)CCl
630400,1,CCN1CCN(CC1)c2ccc(cc2)Nc3ccnc4c3cccc4
631200,1,c1ccc2c(c1)c(cc[n+]2[O-])Sc3ccc(cc3[N+](=O)[O-])[N+](=O)[O-]
644735,1,Cc1ccc(cc1)Cn2c(=N)c(cc3c2nc4ccccn4c3=O)C(=O)NCc5ccco5
6456511,1,c1ccc(cc1)Oc2cc(cc(c2)Oc3ccc(cc3)N)N
646508,1,c1ccn2c(c1)nc3c(c2=O)cc(c(=N)n3Cc4cccnc4)C(=O)NCC5CCCO5
646626,1,COC(=O)CCNc1ccc2c(c1)OCCO2
646977,1,Cc1ccccc1c2ccc(nn2)Nc3ccc(cc3)N4CCOCC4
647145,1,Cc1cccn2c1nc3c(c2=O)cc(c(=N)n3CCc4ccccc4)C(=O)NCc5ccco5
647308,1,c1cc2c(cc1CNC(=O)N3CCOCC3)c4c([nH]2)CCCC4
647592,1,CC(C)n1c(=N)c(cc2c1nc3ccccn3c2=O)C(=O)NCCc4ccccc4
648863,1,Cc1ccc(s1)CNc2ccc(cc2)N3CCOCC3
6496961,1,COc1ccc(c(c1)NC(=O)c2ccc(o2)[N+](=O)[O-])N3CCCC3
651025,1,CCCN1CC=C2C(C1)C(C(C(=C2C#N)N)(C#N)C#N)c3cc(ccc3OC)OC
6510975,1,Cc1ccc2c(c1)c3c(n2CC(Cn4c(nc5c4cccc5)C)O)C(=NO)CCC3
6511112,1,c1ccc(cc1)C(=O)NNC(=O)CCCN2C(=O)C(=Cc3ccccc3Cl)SC2=S
651618,1,CCCOC(=O)Nc1ccc(cc1)N2CCCCC2
651802,1,CN(C)CCN1c2ccccc2Sc3c1ccc(c3)OC
651871,1,CC(=O)N1CCN(CC1)c2ccc(cc2)NC(=O)c3ccc(cc3)C(C)(C)C
652081,1,Cc1cccn2c1nc3c(c2=O)cc(c(=N)n3Cc4cccnc4)C(=O)NCC5CCCO5
652827,1,c1cc(ccc1C(=O)Nc2ccc(cc2)N3CCCCC3)F
653102,1,CC(C)c1ccc(cc1)CNc2ccc(cc2)N3CCN(CC3)C(=O)C
653209,1,COc1ccc(cc1)c2cnc(n2Cc3ccco3)SCC(=O)Nc4ccc5c(c4)OCO5
6534115,1,COc1ccccc1C=CC=C2C(=O)OC(=N2)C=Cc3ccc(cc3)Cl
653959,1,Cc1cccn2c1nc3c(c2=O)cc(c(=N)n3CCCOC)C(=O)NCC4CCCO4
654368,1,Cc1c-2cc(c(=O)nc2n([nH]1)c3ccccc3)CNc4ccc(cc4)N5CCOCC5
656318,1,c1ccc(cc1)S(=O)(=O)c2cc3c(nc4ccccn4c3=O)n(c2=N)Cc5ccco5
657262,1,c1ccc(cc1)NNC(=S)N=Nc2ccccc2
658319,1,c1c(cc(c2c1c3c([nH]2)CCCC3)C(=O)N)Br
659413,1,c1ccc2c(c1)-c3c4c(ccc(c4C2=O)NCc5ccco5)no3
6602921,1,CCN(CC)c1ccc2c(c1)CCCN2
6602951,1,COc1ccc(cc1)N2CCN(CC2)CC(COc3ccccc3CC=C)O
6603137,1,c1cc(ccc1N)N2CCCCCC2
6603258,1,Cc1ccc2c(c1)c3c4n2CC(=C5C(=O)OC(OC5=O)(C)C)NC4CCC3
6603583,1,Cc1ccc(s1)CNc2ccc(cc2)N3CCN(CC3)C(=O)C
6604030_66062_5452,1,CN1CCCCC1CCN2c3ccccc3Sc4c2cc(cc4)SC
661014,1,CCNC(=O)c1cc2c(nc3c(cccn3c2=O)C)n(c1=N)Cc4ccc(cc4)C
661571,1,COc1cccc(c1O)CNc2ccc(cn2)Br
661773,1,Cc1ccc(cc1)S(=O)(=O)c2cc3c(nc4ccccn4c3=O)n(c2=N)C
661791,1,c1ccc(cc1)C(=O)N2CCN(CC2)c3ccc(cc3Cl)NC(=O)c4ccc(o4)Br
6618369,1,c1cc(ccc1C(=O)Nc2cc3c4c(c2)C5CCCC5CN4CC6C3CCC6)[N+](=O)[O-]
662366,1,COc1ccc(cc1)N2CCN(CC2)c3c(nc(o3)COc4ccc(cc4)Cl)C#N
663340,1,COc1ccc(cc1)CCn2c(=N)c(cc3c2nc4ccccn4c3=O)C(=O)NCc5ccco5
663425,1,CCOCCCn1c2c(cc(c1=NC(=O)C)C(=O)OCC)c(=O)n3ccccc3n2
663780,1,Cc1ccc2nc3c(cc(c(=N)n3CCCOC(C)C)C(=O)NCC4CCCO4)c(=O)n2c1
663792,1,CCOCCCn1c(=N)c(cc2c1nc3c(cccn3c2=O)C)C(=O)NCc4ccc5c(c4)OCO5
664029,1,COc1ccc(cc1)NCc2cc3cc(ccc3[nH]c2=O)OC
664041,1,CCN(c1ccc2c(c1)OCO2)C(=O)c3cc(c(=O)oc3)Br
664390,1,c1ccn2c(c1)nc3c(c2=O)cc(c(=N)n3CC4CCCO4)C(=O)NCc5ccc(cc5)F
664455,1,CC(C)n1c2cc3ccccn3c(=O)c2cc(c1=NC(=O)c4ccco4)C#N
664606,1,CN1CCN(CC1)C(=O)c2cc3c(nc4ccccn4c3=O)n(c2=N)CCc5ccc(cc5)OC
664735,1,CCOCCCn1c2c(cc(c1=NC(=O)c3cccnc3)C(=O)OCC)c(=O)n4ccccc4n2
664841,1,c1ccc(cc1)Cn2ccc3c(c2=O)c(c4c(n3)CCC4)N
665077,1,CCCc1cc(n2c3ccccc3nc2c1C#N)n4ccnc4
665504,1,COc1ccc(cc1)N2CCN(CC2)Cc3cc(=O)oc4c3cc(c(c4)c5ccccc5)O
666642,1,CC1=CC(N(c2c1cc3c(c2)OCO3)C(=O)c4ccc(cc4)F)(C)C
666776,1,COc1ccc(cc1)N2C(=O)CSC23c4cccc5c4N(C3=O)CCC5
666848,1,CCc1ccc(cc1)N2CN3C(=O)CC(C(=C3SC2)C#N)c4cccs4
667128,1,Cc1cccn2c1nc3c(c2=O)cc(c(=O)n3CCCN4CCOCC4)C#N
669699,1,CN(C)c1ccc(cc1)NC(=O)N2CCOCC2
6706,1,CNc1cccc2c1C(=O)c3ccccc3C2=O
6712933,1,c1c(c(=O)[nH]c(=O)[nH]1)NC=C2C=C(C=C(C2=O)Cl)Cl
671424,1,c1ccc2c(c1)C(=O)C(=Cc3ccc(o3)Br)C2=O
672376,1,CC1=C(C(=O)N(C(=O)C1=Nc2ccc(cc2)N(C)C)CCO)C#N
6731,1,c1ccc2c(c1)ccc(n2)C3C(=O)c4ccccc4C3=O
675057,1,CCN(CC)c1ccc(cc1)NC(=O)c2ccco2
675058,1,c1ccc2c(c1)cc(o2)C(=O)Nc3ccc(cc3)N4CCCC4
6763,1,c1ccc2c(c1)-c3ccccc3C(=O)C2=O
6769,1,CCOC(=O)Oc1c(cc(cc1OC)C(=O)OC2CC3CN4CCc5c6ccc(cc6[nH]c5C4CC3C(C2OC)C(=O)OC)OC)OC
684117,1,c1ccc(cc1)c2ccc3c(c2)C(=O)CCN3
6859898,1,Cn1cccc1C=Nn2c(n[nH]c2=S)c3cc(c(c(c3)OC)OC)OC
6860174,1,CCC(=C1C(=NN(C1=O)c2nc3ccccc3s2)C(F)(F)F)NCc4ccco4
687219,1,CCOc1ccc2c(c1)-c3c(ssc3=S)C(N2C)(C)C
6873986,1,CN1CCN(CC1)N=Cc2ccc(cc2)OCc3ccccc3
6876748,1,Cc1ccc(cc1)S(=O)(=O)N(CC(=O)NN=Cc2ccc(o2)c3ccc(cc3)[N+](=O)[O-])c4ccc(c(c4)Cl)OC
6883442,1,Cc1cc(c(n1c2cccc(c2)C(=O)O)C)C=NNC(=O)C(c3ccccc3)(c4ccccc4)O
6888847,1,Cc1ccc2c(c1)NC(=CC(=O)c3cccs3)C(=O)O2
6898679,1,c1ccc(cc1)N2C(=O)C(=NNc3ccc4c(c3)OCO4)C(=N2)N
690363,1,COc1ccc(cc1)C=C2C(=O)N=C(S2)N3CCCCC3
6906208,1,c1ccc(cc1)CN2c3ccccc3C(=NNC(=O)c4ccc(cc4)O)C2=O
6917325,1,COc1cc(cc(c1OC)OC)C2c3c(c4ccccc4[nH]3)CC5N2C(=O)C6Cc7c8ccccc8[nH]c7C(N6C5=O)c9cc(c(c(c9)OC)OC)OC
697391,1,c1ccc2c(c1)c(ccc2O)NS(=O)(=O)c3cccs3
698230,1,CCOC(=O)c1c(c(sc1N)C(=O)Nc2ccccc2)C
702724,1,CN(C)c1ccc(cc1)Nc2c3cc(ccc3ncn2)Br
703868,1,COC(=O)c1c(csc1NC(=O)c2ccco2)c3ccccc3
7095249,1,COc1ccc(cc1)N=Nc2ccc(cc2)CO
7103364,1,CCOc1ccc(cc1)NCc2nc3ccccc3n2CCOc4ccccc4
716779,1,c1cc(sc1)C(=O)NC(=S)Nc2ccc(cc2)N3CCCCC3
719673,1,CN(C)c1ccc(cc1)C=C2C(=O)NC(=O)N(C2=O)Cc3ccco3
7315552,1,CC(=O)c1cccc2c1NC(=C3C(=O)c4ccccc4N3)C2=O
732314,1,CCN(CC)c1ccc(cc1)NC(=O)Nc2ccccc2
732495,1,c1ccc(cc1)C(=O)Nc2ccc(cc2)N3CCCCC3
7349358,1,c1ccc2c(c1)C(=NNC(=S)N)C(=O)N2Cc3ccc(cc3)Br
738235,1,c1cc(oc1)C(=O)NC(=S)Nc2ccc(cc2)N3CCCCC3
745625,1,CCOC(=O)CNc1ccc2c(c1)OCO2
747657,1,c1cc(cnc1)C(=O)Nc2ccc(c(c2)Cl)N3CCCCC3
748065,1,CC(=C1C(=O)c2ccccc2C1=O)N3CCc4ccccc4C3
7497069,1,CC(=C1C(=O)NC(=O)N(C1=O)C2CCCCC2)NNC(=O)c3ccccc3O
749908,1,CN(C)c1ccc(cc1)NC(=S)c2ccc(cc2)OC
750541,1,c1cc(n(c1)c2ccc(cc2)O)C=C3C(=O)NC(=S)NC3=O
7529577,1,Cc1ccc(cc1)NC=C2C(=NN(C2=O)c3[nH]c4ccccc4n3)C
75522,1,CN(C)c1ccc(cc1)N=Nc2ccc(cc2)S(=O)(=O)N
756730,1,CCN(c1ccc(cc1)OC)c2c3c(nc[nH]3)ncn2
757277,1,COc1cccc(c1)NC=C2C(=O)OC3(CCCCC3)OC2=O
764949,1,Cc1c(c2ccccc2[nH]1)CN3CCc4ccccc4C3
765993,1,CCN(CC)c1ccc(cc1)C=C2C(=O)OC3(CCCC3)OC2=O
774021,1,c1cc(ccc1NC(=O)c2ccc(o2)[N+](=O)[O-])N3CCOCC3
774866,1,c1ccc(c(c1)N)Nc2ccc(cc2)N
776878,1,Cc1ccc(n1c2cc(ccc2OC)N)C
777351,1,Cc1ccc(o1)C=C2C(=O)NC(=S)N(C2=O)c3ccc(cc3)OC
778625,1,Cc1ccc-2n1CCn3c2c(c(c3)c4ccccc4)C
781700,1,Cc1ccc(o1)C=Nc2ccc(cc2)N(C)C
783852,1,COc1ccc(c(c1)OC)NCc2ccc(s2)[N+](=O)[O-]
785727,1,CN(c1ccc(cc1)OC)C2=NS(=O)(=O)c3c2cccc3
801271,1,CN(C)c1ccc(cc1)NC(=S)c2ccccn2
806045,1,COc1ccc(cc1OC)C(=O)Nc2ccc(cc2)N3CCCC3
8070952,1,Cc1c([nH]c2c1cc(cc2)C(=O)Nc3ccccc3OC)C
807549,1,Cc1ccc(cc1C)OCC(=O)Nc2ccc(cc2)N3CCCC3
807603,1,COc1ccc(c(c1)OC)NC=C2C(=O)c3ccccc3C2=O
817337,1,CCN(CC)c1ccc(cc1)NC(=S)NC(=O)c2cccs2
818820,1,CC1(CC(=O)C(=CNc2ccc(cc2)N)C(=O)C1)C
822267,1,c1cc(ccc1NC(=O)c2ccc(o2)Br)N3CCCC3
827439,1,CCOC(=O)c1ccc2c(c1)c3c([nH]2)CCCC3
8321,1,COc1ccc(c2c1C(=O)c3ccccc3C2=O)N
832284,1,CCN(CC)c1ccc(cc1)N=Cc2ccc(o2)[N+](=O)[O-]
834312,1,CC1CCN(CC1)c2ccc(cc2)NCc3cccc(c3OC)OC
834331,1,COc1cccc(c1OC)CNc2ccc(cc2)N3CCCCC3
842943,1,CCN(CC)c1ccc(cc1)NC(=O)c2ccccc2F
846439,1,Cc1cc(c(n1C2CCCC2)C)C=C3C(=O)NC(=S)NC3=O
851542,1,COc1cc(cc(c1OC)Cl)CNc2ccc(cc2)N3CCCC3
874064,1,CCOC(=O)C(=Cc1cc(n(c1C)c2ccc(cc2)C)C)C#N
874744,1,CC(C)COc1ccc2c(c1)c3c([nH]2)C(=O)C(=C)CC3
875498,1,CCN(CC)c1ccc(cc1)NC(=O)c2cc(ccc2OC)Cl
880443,1,CN1C(=O)C(=Cc2ccc(o2)N3CCCCC3)C(=O)N(C1=S)C
880469,1,COc1ccccc1C(=O)Nc2ccc(cc2)N3CCCCC3
882221,1,c1cc(sc1)C=C2C(=O)NC(=O)N(C2=O)CCC3=CCCCC3
883668,1,CN(C)c1ccc(cc1)NC(=S)NC(=O)c2cccc(c2)OC
885052,1,c1cc(oc1)C=CC(=O)NC(=S)Nc2ccc(cc2)N3CCCC3
886493,1,CCOC(=O)c1c(n(c2c1c(c(cc2)O)CN3CCC(CC3)C)C)C
886529,1,Cc1ccc(s1)C=C2C(=O)NC(=S)N(C2=O)c3ccccc3F
888046,1,Cc1ccc(o1)C=CC(=O)Nc2ccc(cc2)N(C)C
892093,1,c1cc(c(c(c1)Cl)CNc2ccc(cc2)N3CCCC3)F
893102,1,c1cc(c(c(c1)Cl)CNc2ccc(cc2)N3CCCC3)Cl
895662,1,CN(C)c1ccc(cc1)NC(=O)Oc2ccccc2
900247,1,Cc1cc(ccc1OC)C=C2C(=O)NC(=S)N(C2=O)C
900711,1,c1ccc2c(c1)nc(s2)C(=O)Nc3ccc(cc3)N4CCOCC4
900724,1,CN(C)c1ccc(cc1)NC(=O)c2cnsn2
910773,1,c1ccc(cc1)C=CC=C2C(=O)NC(=O)N(C2=O)c3ccccc3
9118762,1,CN1CCN(CC1)c2ccc(cc2)NC(=O)c3ccc(cc3)Oc4ccccc4
918440,1,CCc1ccc(cc1)CNc2ccc(cc2)N3CCN(CC3)C(=O)C
934233,1,c1ccc2c(c1)C(=O)C(=C(C2=O)Br)N
935245,1,c1cc(cc(c1)F)C(=O)Nc2ccc(c(c2)Cl)N3CCOCC3
941642,1,Cn1cccc1C=C2C(=O)N=C(S2)Nc3ccc(cc3)O
94408,1,CN(C)c1ccc(cc1)N=Nc2ccc3c(c2)cccn3
946090,1,c1cc(sc1C=C2C(=O)NC(=S)NC2=O)Br
946987,1,Cn1cccc1C=C2C(=O)NC(=S)N(C2=O)Cc3ccc(cc3)F
951458,1,Cc1cccc(n1)NCc2cc(cc(c2O)Cl)Cl
9549411,1,c1cc(ccc1NC(=O)CNCCC2=CCCCC2)N3CCCCCC3
9549549,1,c1cc2c(cc1C3CCCCC3)c4c5n2CCCNC5CCC4
9549698,1,CC1=NN(C(=O)C1=CC=Cc2ccco2)c3cccc(c3)C(=O)O
9550767,1,Cc1cccc(c1)n2c3c(cc(c2=O)C#N)c(=O)n4ccccc4n3
9550812,1,Cc1ccccc1n2c3c(cc(c2=O)C#N)c(=O)n4ccccc4n3
9550886,1,Cc1ccccc1OCCCOc2ccc(cc2OC)C=C3C(=N)N4C=CSC4=NC3=O
9551027,1,CN1c2ccccc2C(=Cc3cn(c4c3cccc4)CC(=O)N5CCCCC5)C1=O
9551500,1,CCOc1cc(ccc1OCc2ccccc2F)C=C3C(=NOC3=O)C
9551604,1,CC(c1ccccc1)NC=C2C(=O)OC(=N2)c3ccccc3
9551964_56603505,1,CCN1c2ccccc2C(C1=CC=CC3=[N+](c4ccccc4C3(C)C)CC)(C)C
9556583,1,Cn1cccc1C=NNC(=O)c2cc3ccccc3cc2O
956337,1,CN(C)c1ccc(cc1)CNc2nc3ccccc3s2
9564737,1,Cc1cc(c(n1c2ccccc2)C)C=NNC(=O)c3cccs3
9566968,1,CC(=NNC(=O)c1ccccc1O)C2C(=O)c3ccccc3C2=O
9591853,1,Cc1ccc(cc1)C=NNC(=O)C2CC(=O)N(C2)c3ccc(cc3)OC
9593246,1,CC(=CCN1c2ccccc2C(=NNC(=S)N)C1=O)Cl
959455,1,CCN(CC)c1ccc(c(c1)C)NC(=O)c2cccc(c2OC)C
9595537,1,CCN(CC)C(=O)C1CCCN(C1)c2ccc(cc2C=NNC(=O)c3cccc(c3)Br)[N+](=O)[O-]
9605058,1,CC(=NN=C1C=CC=CC1=O)NNc2nc3ccccc3s2
960704,1,c1cc(cc(c1)F)C(=O)Nc2ccc(cc2)N3CCCC3
960708,1,COc1ccc(cc1)C(=O)Nc2ccc(cc2)N3CCCC3
960879,1,c1cc(cc(c1)Cl)C(=O)Nc2ccc(cc2)N3CCCC3
9612619,1,CN1CCN(CC1)N=Cc2ccc(cc2)c3ccccc3
963287,1,c1cc(ccc1C=C(C#N)C#N)N2CCCC2
9657242,1,Cc1ccc(cc1)NN=C2c3ccccc3N(C2=O)CN4CCOCC4
96673,1,c1cc(c(c(c1)O)O)CN2CCOCC2
9667355,1,Cc1c2cc(ccc2[nH]c1C(=O)NN=Cc3ccc(cc3)N(C)C)Cl
977111,1,CC1CCN(CC1)c2ccc(cc2)NC(=S)NC(=O)c3ccco3
979489,1,Cc1ccccc1C(=O)N2CCN(CC2)c3ccc(cc3)NC(=O)CSc4ccc(cc4)Cl
979661,1,CCOc1c(cc(cc1Cl)CNc2ccc(cc2)N3CCCC3)OC
979681,1,CCOc1cc(cc(c1OC)Br)CNc2ccc3c(c2)OCCO3
987999,1,Cc1cc(c(n1c2ccc3c(c2)OCO3)C)C=C4C(=O)NC(=S)NC4=O
992591,1,Cc1ccc(c(c1)S(=O)(=O)Nc2cc(c(c3c2cccc3)O)SCC(=O)O)C
1001017,0,CCOc1ccc(cc1)N(CC(=O)N2CCCCCC2)S(=O)(=O)c3ccc(cc3)C
100660,0,c1cc(ccc1N)N2C(=O)CC(=N2)N3CCCC3
1032984,0,Cc1ccc(cc1)Cn2c(=N)c(cc3c2nc4c(cccn4c3=O)C)C#N
1042697,0,c1ccc(cc1)S(=O)(=O)C2(CC2)C(=O)Nc3ccc(cc3)N4CCOCC4
1079722,0,c1cc(c(cc1Cl)CNn2cnnc2)O
1079724,0,Cc1ccc(c(c1)CNn2cnnc2)O
1082763,0,CCOc1ccc(cc1)n2c(c(c3c2ccc(c3)OCC(=O)N)C(=O)C)C
1083204,0,CCn1c(=N)c(cc2c1nc3ccccn3c2=O)S(=O)(=O)c4ccc(cc4)Cl
1085598,0,CN1CCN(CC1)C(=O)CN(c2ccc(cc2)OC)S(=O)(=O)c3ccccc3
1086030,0,Cc1ccccc1C(=O)N2CCN(CC2)c3ccc(cc3)NC(=O)c4cccnc4
1087158,0,CS(=O)(=O)N1CCN(CC1)c2ccc(cc2)NC(=O)Cc3ccccc3
1087189,0,Cc1ccc(c(c1)C)OCC(=O)Nc2ccc(cc2)N3CCN(CC3)S(=O)(=O)C
1088385,0,COc1cccc(c1C(=O)Nc2ccc(cc2)N3CCN(CC3)C(=O)c4ccco4)OC
1088831,0,c1cc(c(nc1)Cl)C(=O)Nc2ccc(cc2)N3CCN(CC3)C(=O)c4ccco4
1090369,0,Cc1cc(cc(c1)C(=O)Nc2ccc(cc2)N3CCN(CC3)S(=O)(=O)C)C
1090393,0,COc1cc(ccc1C=C(C#N)C#N)N2CCOCC2
1090936,0,CCc1nnc(o1)SCC(=O)Nc2ccc(cc2)N3CCOCC3
1094858,0,CCn1c(nnc1SCC(=O)NCc2ccco2)Cc3c([nH]c4c3cccc4)C
1104330,0,Cc1ccc(cc1)n2c(=O)c(c([nH]2)C)C=C3C(=NN(C3=O)c4ccccc4)C
1108465,0,c1cc2c(cccc2Br)c(c1)C(=O)Nc3ccc(cc3)N4CCOCC4
1127269,0,CCN(CC)N=Nc1ccc(cc1)S(=O)(=O)Nc2c(n(n(c2=O)c3ccccc3)C)C
1130512,0,CCc1cc2c(=O)c(coc2c(c1O)CN3CCOCC3)c4nc5ccccc5n4C
1131934,0,c1ccc2c(c1)C(=NS2(=O)=O)Nc3ccc(c(c3)CN4CCCCC4)O
1132524,0,CC(=O)N1CCN(CC1)c2ccc(cc2)NC(=O)c3ccc(c(c3)Cl)Cl
1165906,0,Cn1c(nnc1SCC(=O)N2CCN(CC2)c3ccc(cc3)OC)c4ccco4
1181768,0,c1ccc2c(c1)C(=O)N(C2=O)CC(=O)Nc3ccc(cc3)N4CCOCC4
1186340,0,CCOC(=O)c1c(csc1NC(=O)CCN2C(=O)c3ccccc3C2=O)c4ccccc4
11957176,0,c1cc(ccc1N2CCN(CC2)C(=O)CCCn3c(=O)c4ccc(cc4[nH]c3=O)Cl)[N+](=O)[O-]
11984915,0,CN1C(=O)C(=Cc2cc(ccc2N3CCCCC3)[N+](=O)[O-])C(=O)N(C1=O)C
12005413,0,CN(Cc1ccccc1)c2ccc(cc2[N+](=O)[O-])N3C(=O)CCCC3=O
1202245,0,c1ccc(cc1)C=C2C(=O)N(C(=S)S2)CC(=O)Nc3cccnc3
1205038,0,c1cc(sc1)C=C2C(=O)N=C(S2)N
1234395,0,CC(=O)CSc1[nH]c(c(c(=O)n1)C#N)CCc2ccccc2
1234433,0,CCOc1ccc(cc1)n2c3nc(c(c(=O)n3c(n2)C(=O)OCC)C#N)c4cccc(c4)OC
1234434,0,CCOC(=O)c1nn(c2n1c(=O)c(c(n2)c3ccco3)C#N)c4ccccc4F
1236046,0,Cc1c(c(n(n1)C)C)C=C2C(=O)NC(=S)S2
1255350,0,Cc1c(c(sc1C(=O)N2CCOCC2)N)C(=O)OC
1257639,0,Cc1ccc(cc1)N2CCN(CC2)CCNC(=O)Nc3ccc(cc3Cl)OC
1261984,0,COC(=O)c1ccccc1n2c(ccc2c3ccc(cc3)F)CCC(=O)O
1264203,0,CCOc1ccc(cc1)N(CC(=O)N)S(=O)(=O)c2ccc(cc2)F
1288623,0,CCOC(=O)COn1c2ccccc2[n+](c(c1=O)c3ccc(cc3)Cl)[O-]
1288675,0,Cc1ccc(cc1)c2c(=O)n(c3ccccc3[n+]2[O-])OCc4ccccn4
1290100,0,Cc1c(c(no1)c2c(cccc2Cl)F)C(=O)N3CCN(CC3)c4ccc(cc4)OC
1297068,0,COc1ccc(cc1OC)N(CC(=O)Nc2cc(ccc2Cl)C(=O)OC)S(=O)(=O)C
1303232,0,c1ccc(cc1)S(=O)(=O)c2cc3c(nc4ccccn4c3=O)n(c2=N)CCN5CCOCC5
1305949,0,CCc1nnc(s1)NS(=O)(=O)c2ccc(cc2)NCc3cc(ccc3O)Br
1317142,0,CN(c1cccc(c1)NC(=O)CN(c2ccc(c(c2)OC)OC)S(=O)(=O)C)S(=O)(=O)C
1344304,0,COc1ccc(cc1OC)C=C2C(=O)N(C(=S)S2)CCC(=O)Nc3cccc(c3)O
1346655,0,Cc1ccc(cc1)C=C2C(=O)N(C(=S)S2)CCC(=O)N3CCN(CC3)c4ccccc4
1365436,0,c1cc(ccc1C=C2C(=O)N(C(=S)S2)CCC(=O)NNC(=O)c3ccncc3)F
1365909,0,Cc1cccc(n1)n2c(nc3ccccc3c2=O)CCN4C(=O)c5ccccc5C4=O
1371018,0,c1ccc(c(c1)C=C2C(=O)N(C(=S)S2)CCC(=O)Nc3ccccn3)F
13838288,0,CCOC(=O)c1c(n(c2c1c(c(c(c2CC(=NO)C)Br)OC)O)c3ccc(cc3)OC)C
1387639,0,CCc1cc2c(=O)c(c(oc2c(c1O)CN3CCN(CC3)C)C(=O)OCC)c4nc5ccccc5s4
1391485,0,CCc1cc2c(=O)c(coc2c(c1O)CN3CCC(CC3)C)c4[nH]c5ccccc5n4
1396924,0,CC(C)CC(=O)Nc1ccc(cc1)N2CCN(CC2)C(=O)c3cccs3
1404038,0,COc1ccc(cc1)C=C2C(=O)N(C(=S)S2)c3cccnc3
141707,0,Cc1cc(ccc1N(C)C)[N+](=O)[O-]
1420014,0,CCOc1ccc(cc1OC)C=C2C(=O)N(C(=S)S2)C
1472420,0,Cc1cccc(n1)n2cc(nc2)C(=O)N3CCN(CC3)C
1474089,0,c1ccc2c(c1)c(cn2c3c(cc(cn3)C(F)(F)F)Cl)C=CC(=O)O
1474309,0,c1cc2c(nc1)n(c(=O)c3n2cnn3)CCNc4c(cc(cn4)C(F)(F)F)Cl
1474337,0,COc1ccnc(c1C#N)n2cccc2C#N
1479264,0,c1cc(n(c1)c2c(cc(cn2)C(F)(F)F)Cl)C(=O)Nc3ccc(cc3F)F
1480227,0,CS(=O)(=O)c1ccc(c(c1)Cl)C(=O)Nc2ccc(cc2)N3CCOCC3
14814076,0,c1ccc(cc1)C(=NNc2ccccc2O)NN=C3C=CC=CC3=O
1485844,0,CN(C)C=C1C(=NNC1=O)C(F)(F)F
1486459,0,c1ccc2c(c1)c(cn2c3c(cc(cn3)C(F)(F)F)Cl)CC(=O)NN
1488136,0,Cc1cccc(n1)n2cc(nc2)C(=O)NNS(=O)(=O)c3ccc4ccccc4c3
1489357,0,CN1CCN(CC1)c2ccc(cc2F)NC(=O)CN3CCOCC3
1490128,0,COc1ccc(cc1)C=C2C(=O)N(C(=S)S2)NC(=O)c3csc4c3CCCC4
1493913,0,CCOn1c2ccccc2[n+](c(c1=O)c3ccc(cc3)Br)[O-]
1503192,0,COc1ccc(cc1)Cc2nc(no2)c3ccc(cc3)n4cccc4
1540729,0,COC(=O)C=C1C(=O)N=C(S1)N
1549846,0,c1ccc(cc1)N2C(=O)C(=Cc3cccnc3)SC2=S
1561058,0,COc1ccc(cc1)NC(=O)CCN2C(=O)C(=Cc3ccc4c(c3)OCO4)SC2=S
1565190,0,c1cc(ccc1NC(=O)CCCOc2ccc(cc2)Cl)N3CCOCC3
1565627,0,Cc1cc(no1)NC(=O)CN2C(=O)C(=Cc3ccccc3F)SC2=S
1571933,0,C=CCOn1c2ccccc2[n+](c(c1=O)c3ccc(cc3)Cl)[O-]
1584560,0,c1cc(sc1)C=C2C(=O)N(C(=S)S2)CCC(=O)NC3=NCCS3
1594462,0,c1ccc(cc1)C(=O)NN2C(=O)C(=Cc3ccc(cc3)C(=O)O)SC2=S
15945207,0,COCCn1c2ccccc2nc1SCC(=O)Nc3ccc(cc3)N4CCOCC4
15945623,0,CCN(C(=O)CN1CCOCC1)C2(C(=O)c3ccccc3C2=O)C
1597251,0,C=CCOn1c2ccccc2[n+](c(c1=O)c3ccc(cc3)Br)[O-]
15988773,0,CCCCN(CC)CCNC(=O)c1cn(c(=O)c2c1c3ccccc3n2C)C
15989043,0,CCN(CC)CCNC(=O)c1cn(c(=O)c2c1c3ccccc3n2C)CCOC
15989045,0,CCCCN(CC)CCNC(=O)c1cn(c(=O)c2c1c3ccccc3n2C)CCOC
16001963,0,CC(=O)N(C)c1ccc(c2c1C(=O)c3ccccc3C2=O)N4CCOCC4
16002444,0,CCCN(CCC)CCNC(=O)c1cn(c(=O)c2c1c3ccccc3n2C)C
16003364,0,COc1ccc(cc1)N2C(C(CCC2=O)C(=O)N3CCN(CC3)c4ccccn4)c5ccc(cc5)F
16018040,0,COc1ccc(c(c1)CNC(=O)CCn2c3cc(ccc3n4cccc4c2=O)F)OC
16018871,0,COc1ccc(cc1)CNC(=O)CCCn2c3c(cccn3)n4cccc4c2=O
16018921,0,CC(CNC(=O)CCCn1c2c(cccn2)n3cccc3c1=O)c4ccccc4
1605905,0,Cc1cc(no1)NC(=O)CN2C(=O)C(=Cc3ccc(cc3)C(C)C)SC2=S
16060360,0,CC1C(C(C(P(=O)(O1)Oc2ccccc2)O)O)N=[N+]=N
16060397,0,c1ccc(c(c1)c2cc(=O)c3c(ccc(c3o2)NS(=O)(=O)c4cccc5c4nsn5)O)Cl
1610037,0,c1cc2c(c(c1)S(=O)(=O)Nc3cc(cc(c3)C(=O)O)C(=O)O)nsn2
16187561,0,c1ccc2c(c1)c3c([nH]2)C(N(CC3)C(=O)c4cc5ncccn5n4)c6ccccc6F
16189337,0,CN(Cc1ccccc1)c2ccc(cc2[N+](=O)[O-])N3C(=O)CCC3=O
16190475,0,COc1ccc(cc1)CC2(CCN(CC2)Cc3cccn3c4ccccn4)CO
16191149,0,Cc1ccc(o1)CN2CCN(CC2CCO)Cc3cccn3c4ccc(cn4)Cl
16191184,0,Cc1ccc(o1)CN2CCN(CC2CCO)Cc3cccn3c4ccccn4
16191593,0,Cc1cccc(n1)C2c3c(c4ccccc4[nH]3)CCN2C(=O)c5cc(nc(n5)N)C(C)C
16191640,0,CN1CC2CC(N3C2(C1=O)CCC3)c4cccn4c5ccccn5
16191683,0,CC(C)N1CCN(CC1CCO)Cc2cccn2c3ccccn3
16193545,0,CCOc1cc(ccc1OC)C=C2C(=N)N3C(=NC2=O)C=C(O3)C
16193929,0,COc1cc(cc(c1OC)OC)NC2c3ccccc3C(=O)N2Cc4ccccc4
16194908,0,COc1ccc(cc1)N2CCN(CC2)C(CNC(=O)c3ccc4c(c3)OCO4)c5ccco5
16195249,0,CN1C(=O)C(=CNc2ccc(cc2)C(=O)OC)C(=N1)C(F)(F)F
16195375,0,COC(=O)c1cccnc1n2c(=O)c3cccnc3n(c2=O)CC(=O)Nc4ccc(cc4)Br
16196267,0,CCOc1cc(c(cc1N2CCOCC2)OCC)NC(=O)CN3CCN(CC3)Cc4ccc5c(c4)OCO5
16274596,0,CCOC(=O)CSc1nc2ccccc2c(=O)n1c3ccc(cn3)C
16279629,0,CCOc1ccc(cc1)OCCC(=O)OCC(=O)N2CCN(CC2)c3ccc(cc3)OC
16280776,0,CN(CC(=O)Nc1ccccc1Cl)C(=O)COC(=O)c2cc(ccc2N3CCOCC3)[N+](=O)[O-]
16280910,0,CC(C(=O)Nc1ccc(cc1)N2CCOCC2)OC(=O)c3cc4ccccc4o3
16288856,0,CC(C(=O)Nc1ccc(cc1)N2CCOCC2)Sc3nnc(o3)c4ccccc4F
16291720,0,CCC(=O)N(c1nnc(s1)SCC(=O)Nc2ccc(cc2)N3CCOCC3)C4CC4
16291915,0,Cc1ccc(cc1)S(=O)(=O)CCC(=O)OCC(=O)Nc2ccc(cc2)N3CCOCC3
16293611,0,CCC(=O)N(c1nnc(s1)SC(C)C(=O)Nc2ccc(cc2)N3CCOCC3)C4CC4
16295467,0,CN(CC(=O)Nc1ccc(cc1)N2CCOCC2)C(=O)c3cn(nc3c4ccccc4)c5ccccc5
16295536,0,CCOc1ccccc1N2CC(CC2=O)C(=O)Nc3cc(c(cc3OCC)N4CCOCC4)OCC
16299752,0,CCN1CCN(CC1)c2ccc(cc2)NC(=O)c3ccc(c(c3)S(=O)(=O)N4CCCC4)OC
16301625,0,CCOc1cc(c(cc1N2CCOCC2)OCC)NC(=O)CN3C(=O)C4(CCCCC4C)NC3=O
16302053,0,c1cc(cc(c1)S(=O)(=O)N2CCC(CC2)C(=O)Nc3ccc(cc3)N4CCOCC4)C(F)(F)F
16305825,0,CC(C(=O)Nc1ccc(cc1)N2CCOCC2)Sc3nc(cc(n3)N)N
16306782,0,c1ccc(cc1)CN2CCN(CC2)c3ccc(cc3)NC(=O)CCS(=O)(=O)c4ccc(cc4)F
16313016,0,CCOc1cc(c(cc1N2CCOCC2)OCC)NC(=O)c3ccccc3N4CCCC4=O
16323328,0,CCn1c(nnc1SC(C)C(=O)Nc2ccc(cc2)N3CCOCC3)C4CC4
16323553,0,CC(c1ccccc1)NS(=O)(=O)c2cccc(c2)C(=O)N(C)Cc3ccc(cc3)N4CCOCC4
16329687,0,CCCCCCC1(C(=O)N(C(=O)N1)C(C)C(=O)Nc2ccc(cc2)N3CCOCC3)C
16339992,0,CCc1ccc(cc1)N2CC(CC2=O)C(=O)N3CCN(CC3)c4ccc(cc4)[N+](=O)[O-]
16398655,0,c1ccc(cc1)C2c3c(c4ccccc4[nH]3)CC5N2C(=O)CNC5=O
16398942,0,CN1CC(=O)N2C(C1=O)Cc3c4ccccc4[nH]c3C2c5ccc(cc5)C(=O)OC
16399591,0,CC1c2c(c3ccccc3[nH]2)CC4N1C(=O)CN(C4=O)CCO
16399682,0,c1ccc(cc1)C2c3c(c4ccccc4[nH]3)CC5N2C(=O)CN(C5=O)CCO
16399684,0,COCCCN1CC(=O)N2C(C1=O)Cc3c4ccccc4[nH]c3C2c5cccc(c5OC)OC
16399848,0,CC1c2c(c3ccccc3[nH]2)CC4N1C(=O)CN(C4=O)CCCN(C)C
16400802,0,CC(C)Oc1ccc(cc1OC)C2c3c(c4ccccc4[nH]3)CC5N2C(=O)CN(C5=O)C6CC6
16404250,0,CCC(C)C(C(=O)N1CCCC1C(=O)O)NC(=O)C2Cc3c4ccccc4[nH]c3C5N2C(=O)c6c5cccc6
16405376,0,CC(C)C(C(=O)NCC1CCCO1)NC(=O)C2Cc3c4ccccc4[nH]c3C5N2C(=O)c6c5cccc6
16405608,0,COc1ccc(cc1)C2c3c(c4ccccc4[nH]3)CC5N2C(=O)N(C5=O)c6ccccc6C(=O)N7CCC(CC7)C(=O)O
16406314,0,CSCCC(C(=O)NCC1CCCO1)NC(=O)C2Cc3c4ccccc4[nH]c3C5N2C(=O)c6c5cccc6
16410665,0,c1cc(cnc1)C2CCCCN2NC=C3C(=O)NC(=O)N(C3=O)C4CCCCC4
16463507,0,CCC1=NN2C(=N)C(=Cc3ccc(c(c3)OC)OCCOc4ccccc4)C(=O)N=C2S1
16551345,0,CS(=O)(=O)c1ccc(cc1)NC(=O)C2CC(=O)N(C2)c3ccc4c(c3)OCCO4
16551912,0,c1cc(cc(c1)S(=O)(=O)N2CCCCC2)NC(=O)c3cc(ccc3N4CCOCC4)[N+](=O)[O-]
16552013,0,c1cc(ccc1C(=O)N)NC(=O)C2CC(=O)N(C2)c3ccc4c(c3)OCCO4
16682324,0,CCC(=C1C(=O)NC(=O)N(C1=O)c2ccccc2C)NCCCN3CCOCC3
16682328,0,CCC(=C1C(=O)NC(=O)N(C1=O)CC=C)NCCN2CCN(CC2)C(=S)NC
16738628,0,CCOC(=O)C1C2CC=CC2c3cc(cc(c3N1)F)C
16745847,0,CC1=NN(C(=O)C1=CNc2ccc(cc2)S(=O)(=O)N)c3ccccc3
16796841,0,CC(=O)Nc1ccc(cc1)NC(=O)COC(=O)c2cc(ccc2N3CCOCC3)[N+](=O)[O-]
16821943,0,CC(=O)c1cccc(c1)NC(=O)NC2CC(=O)N(C2)c3ccc4c(c3)OCCO4
16822454,0,c1ccc(cc1)S(=O)(=O)NC2CC(=O)N(C2)c3ccc4c(c3)OCCO4
16822455,0,Cc1ccc(cc1)S(=O)(=O)NC2CC(=O)N(C2)c3ccc4c(c3)OCCO4
16832553,0,COc1cccc(c1)NC(=O)NC2CC(=O)N(C2)c3ccc4c(c3)OCCO4
16959032,0,CCN(C1CCS(=O)(=O)C1)C(=O)COC(=O)c2cc(ccc2N3CCOCC3)[N+](=O)[O-]
16961153,0,Cc1ccccc1COC(=O)c2cc(ccc2N3CCOCC3)[N+](=O)[O-]
1722330,0,CCCCC(=O)NS(=O)(=O)c1ccc(cc1)N=NN(CC)CC
17577921,0,CC(C(=O)N1CCCCC1)NC(=O)C2CC(=O)N(C2)c3ccc(cc3)OC
17577990,0,CCC(C)C(C(=O)NC1CCCC1)NC(=O)C2CC(=O)N(C2)c3ccc4c(c3)OCCO4
17578141,0,CC(C)C(C(=O)NC1CCCC1)NC(=O)C2CC(=O)N(C2)c3ccc(cc3)OC
1758232,0,Cc1c(c(c(s1)NC(=O)c2cc3ccccc3oc2=O)C(=O)OC(C)C)c4ccccc4
1838547,0,c1ccc(cc1)CNc2ccc(c(c2)C(=O)O)N3CCOCC3
18559457,0,COc1ccc(cc1)N(CC(=O)Nc2cc(ccc2OC)Cl)C3=NC4CS(=O)(=O)CC4S3
18572736,0,CN(c1ccccc1)C(=O)NC2CC(=O)N(C2)c3ccc4c(c3)OCCO4
1861697,0,c1cc(ccc1C=C2C(=O)N(C(=S)S2)N3CCOCC3)F
1887680,0,c1csc(n1)NCc2cc(cc(c2O)Br)Br
1892345,0,CC(c1ccccc1)(c2ccccc2)C(=O)Nc3ccc(cc3)N4CCN(CC4)C
1893647,0,c1ccc(cc1)S(=O)(=O)NC2=NC(=O)C(=Cc3cccnc3)S2
1901008,0,CCOC(=O)C1=C2c3ccc4ccccc4c3CC(N2C(=O)C1=O)(C)C
1908187,0,CC1=C(C(=Cc2cccs2)C(=O)N1c3ccc(cc3)OC)C(=O)OC
1910476,0,COc1ccc(cc1)C(=O)NC2=NC(=O)C(=CC(=O)OC)S2
1913927,0,Cc1cc(nc(n1)NC2=NC(=CC(=O)OC)C(=O)N2c3ccccc3)C
1949546,0,CCN1C(=O)C(=CN2CCOCC2)SC1=S
1977516,0,CCOC(=O)C(=Cc1cc(n(c1C)c2ccc(cc2)Br)C)C#N
2028187,0,CC1=NC(=Cc2ccc(c(c2)OC)OC)C(=O)N1c3ccc(cc3)C(=O)O
2052933,0,COc1ccc(cc1)c2c(c(=O)nc([nH]2)N3CCCC3)C#N
2055379,0,CC1=C(C(=Cc2cccs2)C(=O)N1C)C(=O)OC
2058445,0,CCCCn1ccc(=O)c2c1ccnc2C(F)(F)F
2078354,0,COc1ccc(cc1)n2cnnc2SCC(=O)Nc3ccc(cc3)N4CCOCC4
2079668,0,CCc1nnc(s1)NC(=O)c2cccc(c2)S(=O)(=O)N(C)c3ccc(cc3)OC
20836597,0,CCOC(=O)C(=NO)C(=O)C1CCN(CC1)C(=O)OCC
20888006,0,COc1ccccc1CNC(=O)Cn2c3c(cccn3)n4cccc4c2=O
20927636,0,COCCCNS(=O)(=O)c1ccc2c(c1)c3c([nH]2)CCCCC3
20938153,0,CCOc1ccc(cc1)N(C)S(=O)(=O)c2cnc[nH]2
20939975,0,Cc1c([nH]c2c1cc(cc2)C(=O)NCCN3CCOCC3)C
20940074,0,CCn1c(c(c2c1ccc(c2)C(=O)NCCCN3CCOCC3)C)C
20940093,0,CCn1c(c(c2c1ccc(c2)C(=O)NCCCN3CCN(CC3)C)C)C
20940110,0,CCn1c(c(c2c1ccc(c2)C(=O)N3CCCC3)C)C
2094338,0,Cc1ccc(cc1)S(=O)(=O)NCC(=O)OCc2c(c(sc2C(=O)OC)N)C(=O)OC
20945244,0,Cc1c(c(c([nH]1)C)S(=O)(=O)N2CCN(CC2)c3ccc(cc3)OC)C(=O)N4CCCCC4
20949250,0,CC1CCN(CC1)c2ccc(cc2)NC(=O)Cn3c4ccccc4oc3=O
20957244,0,CCOc1ccc(cc1)N(C)C(=O)CCc2nnc3n2nc(cc3)N4CCC5(CC4)OCCO5
2117885,0,c1cc(oc1)C(=O)NCCC(=O)Nc2ccc(cc2)N3CCOCC3
2126271,0,c1cc(ccc1NC(=O)COc2c3cc(ccc3ncn2)Br)N4CCOCC4
2129287,0,CCn1cc(c(=O)c2c1nc(cc2)C)C(=O)NCCc3ccc(cc3)Cl
2158050,0,Cc1c(c2cc(ccc2[nH]1)OC)CCN(Cc3cccnc3)C(=S)NC
217657,0,CC(C(=O)O)N1C(=O)CSC1=S
2182399,0,CS(=O)(=O)Oc1ccccc1C=C2C(=O)OC(=N2)c3ccc(cc3)F
2184778,0,CCCSC1=NC(=Cc2ccsc2)C(=O)S1
2185672,0,CCOC(=O)C1CCN(CC1)C2=NC(=O)C(=Cc3ccccc3OC)S2
2190312,0,CCN1C(=O)C(=CN2CCC(CC2)C(=O)OCC)C(=O)NC1=S
2199456,0,Cc1c(=O)n(c2ccccc2[n+]1[O-])OCC=C
2217725,0,CCOc1ccc(c(c1)OCC)c2c(=O)n(c3ccccc3[n+]2[O-])OCc4ccc(cc4)[N+](=O)[O-]
223211,0,c1ccc(cc1)c2cccc(c2O)CNCCO
22333964,0,CCN(c1ccc(cc1)OCC)C(=O)Cc2c3ccccc3n(c2C(=O)O)C
22333966,0,CCN(c1cccc(c1)C)C(=O)Cc2c3ccccc3n(c2C(=O)O)C
2238495,0,CC(=O)N1CCN(CC1)c2ccc(cc2Cl)NC(=O)c3ccccc3Br
2243389,0,CCC(=O)N1CCN(CC1)c2ccc(cc2Cl)NC(=O)c3ccc(cc3F)C#N
22516548,0,CC1C(=O)Nc2ccc(cc2NC1=O)S(=O)(=O)N3CCN(CC3)c4ccc(cc4)OC
22518130,0,CCCCC(=O)Nc1nnc(s1)S(=O)(=O)N(CC)c2ccc(cc2)OC
22522494,0,CC1CCN(CC1)C(=O)Cn2c3ccccc3n4cccc4c2=O
22522523,0,Cc1ccc(c(c1)Cl)NC(=O)Cn2c3ccccc3n4cccc4c2=O
2253404,0,CC(C)(C)NC(=O)CN1C(=O)C(=Cc2ccccc2)SC1=S
22553366,0,CCOC(=O)C1CCN(CC1)C(=O)Cn2c3c(cccn3)n4cccc4c2=O
22553387,0,CCOC(=O)C1CCCN(C1)C(=O)Cn2c3c(cccn3)n4cccc4c2=O
22553450,0,CC1CCCC(N1CCCNC(=O)Cn2c3c(cccn3)n4cccc4c2=O)C
22553495,0,CCOC(=O)C1CCCN(C1)C(=O)CCCn2c3c(cccn3)n4cccc4c2=O
2268128,0,c1ccc2cc(ccc2c1)S(=O)(=O)Oc3ccccc3C=C4C(=O)N=C(S4)N
2272944,0,CC1=NC(=Cc2cc(cc(c2O)Br)Br)C(=O)O1
2276001,0,COc1ccc(cc1OC)C=C2C(=O)N(C(=S)S2)CCC(=O)Nc3cccnc3
2276052,0,COc1ccc(cc1)OCC(=O)Nc2ccc(cc2)N3CCCCC3
2300208,0,CSC1=NC(=Cc2cccc(c2)F)C(=O)S1
230287,0,CC(=NNc1ccccc1)C(=NNc2ccccc2)C
231088,0,COc1ccc(c(c1)C(=O)C(=O)c2cc(ccc2OC)OC)OC
231099,0,COc1cccc(c1OC)C(=O)C(=O)c2cccc(c2OC)OC
2318093,0,Cc1ccc(cc1)S(=O)(=O)NC(=O)c2cc(n(c2C)c3ccccc3)C
2329364,0,CCNc1ccc(cc1)C2(C(=O)c3ccccc3C2=O)O
233289,0,c1ccnc(c1)CCc2ccc(cc2)N
2335679,0,c1cc(ccc1CC(=O)OCC(=O)Nc2ccc(cc2)N3CCOCC3)Br
2339352,0,Cc1cc(c(n1c2cc(ccc2OC)Cl)C)C(=O)O
2345123,0,c1ccc(cc1)n2c(=O)c3c4n(c(=O)nc3[nH]2)CCCCC4
2361684,0,c1ccc2c(c1)c(ncn2)SCC(=O)Nc3ccc(cc3)N4CCOCC4
2369592,0,Cc1cc(c(n1c2ccc(cc2)F)C)C(=O)OCC(=O)N3CCN(CC3)C(=O)c4ccco4
23711880,0,CCN(CC)N=Nc1ccc(cc1)S(=O)(=O)N2CCSC2C(=O)O
2371285,0,COC(=O)c1cc(cc(c1)[N+](=O)[O-])C(=O)OCC(=O)Nc2ccc(cc2)N3CCOCC3
2371744,0,c1ccc2c(c1)c(=O)n(cn2)CC(=O)Nc3ccc(cc3)N4CCOCC4
23723112,0,c1ccc(cc1)C(c2ccccc2)(C(=O)NNC=C3C=C(C(=O)C(=C3)Br)[N+](=O)[O-])O
23723442,0,CCOc1cccc(c1O)CN2CCC(CC2)CCC(=O)NC3CC3
23723476,0,COc1ccc(cc1)N2CCN(CC2)C3CCCN(C3)Cc4cccc(c4)OC
23723495,0,CCOc1cccc(c1O)CN2CCCC(C2)N3CCc4ccccc4C3
23723755,0,c1ccc2c(c1)CCN(C2)C3CCCN(C3)Cc4ccccc4O
23723783,0,COc1ccc(cc1)N2CCN(CC2)C3CCCN(C3)C(=O)CSC
23723945,0,COc1ccc(c(c1)CN2CCCC(C2)N3CCc4ccccc4C3)O
23724071,0,Cc1c2cccc(c2[nH]c1CN3CCN(C(C3)CCO)C)Cl
2382755,0,Cc1ccc(cc1)SCC(=O)Nc2ccc(cc2)N3CCOCC3
2396493,0,CC1CCC2(CC1)C(=O)N(C(=O)N2)CC(=O)Nc3ccc(cc3)N4CCCCC4
2398321,0,c1cc(ccc1NS(=O)(=O)c2ccc(cc2F)F)N3CCOCC3
24213381,0,CCOC(=O)CC1c2c(c3cc(ccc3[nH]2)OC)CCN1
2426894,0,COc1ccc(cc1)CC(=O)Nc2ccc(cc2)N3CCCCC3
2438666,0,CC(=O)c1ccc(cc1)OCC(=O)N(C)CC(=O)Nc2ccc(cc2)N3CCOCC3
244712,0,c1ccc(cc1)C(=NNc2ccccc2)C(=O)c3ccccc3
2453370,0,c1cc(sc1)C(=O)NCC(=O)Nc2ccc(cc2)N3CCOCC3
2453488,0,c1cc2c(cc1C(=O)OCC(=O)N3CCOCC3)c4c([nH]2)CCCC4
2457160,0,c1cc(ccc1CCC(=O)Nc2ccc(cc2)N3CCOCC3)S(=O)(=O)N4CCOCC4
2458064,0,c1ccc(cc1)C(=O)C(=O)c2ccc(cc2)C(=O)OCC(=O)N
24686723,0,CN(CC(=O)Nc1ccc(cc1)F)C(=O)c2cc(ccc2N3CCOCC3)[N+](=O)[O-]
24687047,0,CC(C(=O)Nc1ccc(cc1)N2CCOCC2)Sc3nnc(n3CCOC)c4ccncc4
24687562,0,CCCCOc1c(cc(cc1Cl)C(=O)N(C)CC(=O)Nc2ccc(cc2)N3CCOCC3)OCC
2473366,0,COCCNC(=O)NC(=O)COC(=O)c1ccc2c(c1)c3c([nH]2)CCCC3
24747983,0,CCC(C)NC(=O)CCn1c2cc(ccc2n3cccc3c1=O)F
247526,0,CC1CN(CC(O1)C)Cc2cc(cc(c2O)OC)CC=C
24761224,0,CC(C)CN1CCC(=O)N(CC1)CCN=[N+]=N
24761230,0,CC(C)CC(CN=[N+]=N)N1CCN(CCC1=O)CC(C)C
24761269,0,c1ccc(cc1)CCN2CCC(=O)N(CC2)CCN=[N+]=N
24762000,0,C1C(C(NS(=O)(=O)O1)C=CCCN=[N+]=N)O
24762102,0,Cc1c(c2ccccc2[nH]1)CCNCc3cccnc3
24766932,0,c1ccc(cc1)CC(CN=[N+]=N)N2CCN(CCC2=O)Cc3ccccc3
24789198,0,CN(Cc1ccccc1)c2ccc(cc2[N+](=O)[O-])C(CC(=O)N)NC(=O)Cc3cccc4c3cccc4
24789219,0,c1cc(ccc1CC(=O)NC(CC(=O)N)c2ccc(c(c2)[N+](=O)[O-])N3CCC(CC3)N4CCCC4)Br
24789987,0,c1cc(ccc1C(=O)N2CCN(CC2)c3ccc(cc3)[N+](=O)[O-])NC4=NC5CS(=O)(=O)CC5S4
24790826,0,Cc1c2ccccc2[nH]c1CN(C)C(=O)C3CCC(=O)N(C3)Cc4cccc(c4)OC
24790925,0,c1cc(ccc1N2CCN(CC2)S(=O)(=O)c3cnc[nH]3)[N+](=O)[O-]
24791653,0,Cc1c2ccccc2[nH]c1CN3CCC(CC3)n4c(ccn4)NC(=O)C5CCOC5
24792196,0,c1ccc2c(c1)CCN(C2)c3ccc(cc3[N+](=O)[O-])C(CC(=O)N)NC(=O)Cc4ccc(cc4)Br
24792447,0,Cc1c(c2ccccc2[nH]1)CCNC(=O)c3c(noc3C)C
24792709,0,Cc1cccc(c1NC(=O)CS(=O)CC(=O)Nc2ccc(cc2)N3CCOCC3)C
24792823,0,CC1CCCC(N1CCCNC(=O)CCn2c3c(cccn3)n4cccc4c2=O)C
24793059,0,Cc1c2cc(ccc2[nH]c1CN3CCC(CC3)n4c(ccn4)NC(=O)C5CC5)OC
24793505,0,c1ccc(cc1)C(CCN2CCC(CCC2=O)O)N=[N+]=N
24793606,0,CC(CN=[N+]=N)CN1CCC(CCC1=O)NC(=O)OCc2ccccc2
24793685,0,c1cc(cc(c1)F)CNC(=O)CCn2c3cc(ccc3n4cccc4c2=O)F
24793894,0,COc1cccc(c1CN2CCC(CC2)Oc3ccc(cc3)C(=O)NCc4ccccn4)O
24816596,0,CN(CC(=O)Nc1ccc(cc1)N2CCOCC2)C(=O)c3ccc(c(c3)Cl)O
24817294,0,Cc1c2cc(ccc2[nH]c1C(=O)N3CCC(CC3)n4c(ccn4)NC(=O)C5CC5)OC
24817726,0,Cc1cc(c2c(c1)c(c([nH]2)C(=O)N3CCC(CC3)n4c(ccn4)NC(=O)C5CC5)C)C
24819280,0,c1ccc(c(c1)CN2CCC(CC2)Oc3ccc(cc3)C(=O)NCc4ccccn4)O
24856277,0,c1ccc2c(c1)C(=O)C(=Cc3ccc(o3)c4ccc(cc4)S(=O)(=O)N)C2=O
2487897,0,COc1cc(c(cc1OC)OC)C(=O)OCC(=O)Nc2ccc(cc2)N3CCOCC3
248969,0,COc1ccc2c(c1)C(=O)C3C(N2)(C(=O)NC(=O)N3)Br
24979230,0,CN(CC(=O)Nc1cccc(c1)F)C(=O)c2cc(ccc2N3CCOCC3)[N+](=O)[O-]
24979381,0,CCCC(c1ccccc1)C(=O)N(C)CC(=O)Nc2ccc(cc2)N3CCOCC3
24979731,0,CCC(C)C(C(=O)OCC(=O)Nc1ccc(cc1)N2CCOCC2)NC(=O)OCc3ccccc3
24980182,0,Cc1cc(c(c(c1)C)NC(=O)CNC(=O)c2cc(ccc2N3CCOCC3)[N+](=O)[O-])C
24981118,0,CCOc1cc(c(cc1N2CCOCC2)OCC)NC(=O)COC(=O)C=Cc3ccc(cc3)OC(F)F
24981175,0,CCN(CC(=O)Nc1c(cccc1F)F)C(=O)C2CC(=O)N(C2)c3ccc4c(c3)OCCO4
24981926,0,CC(=O)NCCC(=O)Nc1ccc(c(c1)S(=O)(=O)Nc2ccc(cc2)OC)N3CCOCC3
24981927,0,CC(=O)NCCC(=O)Nc1ccc(c(c1)S(=O)(=O)Nc2ccccc2OC)N3CCCCC3
25023528,0,CC1CC(C(C(=O)C1)(CCCN=[N+]=N)S(=O)(=O)c2ccccc2)CC(=O)C
25161467,0,c1cc(ccc1CNCc2cc(ccc2O)Cl)C(F)(F)F
25162530,0,CCOC(=O)C1CCCN(C1)C(=O)c2cccc(c2)S(=O)(=O)N(C)c3ccc(cc3)OC
25162549,0,CCN(c1c(n(c(=O)[nH]c1=O)Cc2ccccc2)N)C(=O)COC(=O)c3ccc(cc3)n4c(ccc4C)C
25163010,0,CC(CC=C)CC(=O)C(CCCN=[N+]=N)SOOc1ccccc1
25163139,0,CC(C)CC(C(=O)Nc1ccc(c(c1)S(=O)(=O)Nc2ccc(cc2)OC)N3CCOCC3)NC(=O)N
25163563,0,Cc1c([nH]c2c1cc(cc2)C(=O)OC(C)C(=O)NC3CCCCC3C)C
25163922,0,c1ccc2c(c1)cccc2CNCc3cc(ccc3O)Cl
2517175,0,CCOc1cc(c(cc1N2CCOCC2)OCC)NC(=O)C(C)C
2519320,0,CCn1cc(c(=O)c2c1nc(cc2)C)C(=O)N3CCN(CC3)c4cccc(c4C)C
2534639,0,CN(CC(=O)Nc1ccc(cc1)C(F)(F)F)CC(=O)Nc2ccc(cc2)N3CCOCC3
2547351,0,CC(=O)Nc1ccc(cc1)S(=O)(=O)N(C)c2ccc(cc2)OCCOc3ccccc3F
255732,0,COc1ccc2c(c1)[nH]c3c2CCN4C3CC5C(C4)CC(C(C5C(=O)OC)OC)O
2567282,0,Cc1nnc(n1c2ccccc2)SCC(=O)Nc3ccc(cc3)N4CCOCC4
2569230,0,c1cc(ccc1NC(=O)Cn2cc(cc(c2=O)Cl)C(F)(F)F)N3CCOCC3
2571767,0,Cc1cc(c(n1c2ccc(cc2)F)C)C(=O)CSc3nnc(o3)c4ccc5c(c4)OCO5
2572918,0,c1ccc(cc1)OC(=O)CCN2c3ccccc3Sc4c2cccc4
2583839,0,Cc1ccc(cc1)S(=O)(=O)Oc2ccc(cc2)C=C3C(=O)OC(=N3)c4cccc(c4)C
2592863,0,c1cnc(nc1)SCC(=O)Nc2ccc(cc2)N3CCOCC3
2606825,0,c1cc(ccc1NC(=O)CSc2ccc3c(c2)OCCO3)N4CCOCC4
2621309,0,c1ccc(cc1)n2c(nnn2)SCC(=O)Nc3ccc(cc3)N4CCOCC4
2622591,0,c1cc(ccc1NC(=O)CN2C(=O)C3(CCCCC3)NC2=O)N4CCOCC4
264015,0,c1ccc(cc1)CNCc2cc(ccc2O)[N+](=O)[O-]
2649934,0,CC(=O)c1ccc(cc1)S(=O)(=O)Nc2cc3c(cc2C(=O)C)OCO3
2653815,0,Cc1cc(c(n1c2ccc(cc2)Br)C)C(=O)COC(=O)c3cnccn3
267144,0,CC1=CC(=NOC)C(=C(C1=O)C)C
2698886,0,CN(Cc1ccc(c(c1)OC)OC)CC(=O)Nc2ccc(cc2)N3CCOCC3
2728328,0,CC(=O)C(=NNc1cccc(c1)C(F)(F)F)C(=O)C
273076,0,c1ccc(cc1)Sc2c(ccc3c2C(=O)c4ccccc4C3=O)C(=O)O
2731933,0,c1ccc2c(c1)C(=O)C(=C(C#N)NCc3cccnc3)C2=O
2732237,0,c1ccc(c(c1)C2C(=O)c3ccccc3C2=O)F
2732543,0,Cc1cc(c(c(c1)C2(C(=O)c3ccccc3C2=O)O)O)C
2738562,0,CN1CCN(CC1)c2ccc(cc2)CNC(=O)c3ccc(cc3)OC
2738572,0,CN1CCN(CC1)c2ccc(cc2)CNC(=O)c3ccco3
2738593,0,CN1CCN(CC1)c2ccc(cc2)CNS(=O)(=O)c3cc(ccc3OC)OC
2740668,0,c1cc(ccc1N)n2c(cc(n2)C(F)(F)F)C(F)(F)F
2741222,0,CCOC(=O)c1cc(n(c1C)c2ccc(cc2)Cl)C
2741318,0,COC(=O)c1cc(ccc1N2CCOCC2)n3cccc3
2741753,0,c1ccc2c(c1)c3c([nH]2)C(N(CC3)C(=O)COCC(=O)O)C(F)(F)F
274433,0,c1cc2n(c1)CCC2=NNC(=O)N
275262,0,c1cc2c(cc1C=NN3C(=O)CSC3=S)OCO2
2764064,0,Cc1cccc(n1)n2cc(nc2)C(=O)OC
2767200,0,CC(=O)c1ccccc1NS(=O)(=O)C
276874,0,CC1C2CCC3(C=C(C(=O)C(=C3C2OC1=O)C)Cl)C
277309,0,COC(=O)c1ccccc1N=NNc2ccc(cc2)[N+](=O)[O-]
2785114,0,c1cc2c(cc1C=C3C(=O)NC(=S)S3)OCO2
2785707,0,CC1(CC(=C(C(=O)C1)Br)O)C
2787107,0,CCC(=O)NC(c1ccccc1)c2c3ccccc3ccc2O
2795382,0,c1ccc(cc1)CNCc2ccccc2O
2802388,0,Cc1c(c2ccccc2[nH]1)CC#N
2804709,0,CC1CC(CN(C1)c2ccc(cc2C(=O)O)NS(=O)(=O)c3ccccc3)C
2810816,0,CCOC(=O)c1cc(ccc1N2CCCCC2)NC(=O)CCC(=O)O
2824632,0,CC1CN(CC(O1)C)c2ccc(cc2)NC(=S)NNCCC#N
282532,0,CN(Cc1ccccc1)N=Nc2ccccc2
282533,0,CCN(Cc1ccccc1)N=Nc2ccccc2
282535,0,c1ccc(cc1)N=NN2CCOCC2
2826563,0,CCOC(=C1C(=O)NC(=S)S1)C
2826949,0,COc1ccc2c(c1)ccc[n+]2CC(=O)c3ccccc3
2830431,0,CC1=C(C(NC(=O)N1C)c2c3ccccc3ccc2O)C(=O)OC
2834674,0,CN(C)Cc1c(ccc2c1c(co2)C(c3cc(ccc3OC)OC)O)O
2834833,0,Cc1cccc(c1NS(=O)(=O)c2ccc3c(c2)C(=O)c4ccccc4C3=O)C
2846428,0,CC1CCC(CC1)N2CCN(CC2)c3ccc(cc3)[N+](=O)[O-]
2851365,0,CN(C)c1c(cc(cc1[N+](=O)[O-])[N+](=O)[O-])C(=O)N(C)C
2855190,0,CC1(CC2=C(C(CC(=O)N2)c3ccc(cc3)N(CCC#N)CCC#N)C(=O)C1)C
2865149,0,CC(=O)N1CCN(CC1)c2ccc(cc2)[N+](=O)[O-]
2865666,0,c1ccc(cc1)C#CC(c2cc(ccc2O)Cl)N3CCOCC3
2868426,0,CCOC(=O)c1c(c(sc1N)C(=O)N2CCCC(C2)C(=O)N)C
2869984,0,COc1ccc(cc1OC)C2CC(=O)c3c4ccccc4ccc3N2
2873402,0,Cc1cc(cc2c1NCC3C2C=CC3)[N+](=O)[O-]
2876614,0,CC(=O)NC(c1ccc(c(c1)OC)OC)c2c3ccccc3ccc2O
2883296,0,CCOC(=O)C1CCN(CC1)c2ccc(cc2S(=O)(=O)N3CCOCC3)[N+](=O)[O-]
2886270,0,CC(C12CC3CC(C1)CC(C3)C2)NCc4ccccc4O
2887476,0,c1ccc(cc1)CN2CCN(CC2)c3ccc(cc3C(=O)N)[N+](=O)[O-]
2887865,0,CC1CN(CCN1S(=O)(=O)C)c2ccc(cc2Cl)[N+](=O)[O-]
2890329,0,CC(=O)N1CCN(CC1)c2ccc(cc2)NC(=O)c3ccc(cc3)Cl
2893374,0,CC(=O)N1CCN(CC1)c2ccc(cc2)NC(=S)NC(=O)c3ccccc3
2897094,0,Cc1ccc(cc1[N+](=O)[O-])S(=O)(=O)N(CC(=O)NC2CC3CCC2C3)c4ccc(cc4)OC
2898509,0,CC(=O)N(Cc1cccc(c1)Br)c2ccc(c(c2)Cl)N3CCOCC3
2904033,0,CN1CCN(CC1)c2ccc(cc2C(=O)c3ccccc3)[N+](=O)[O-]
2907394,0,c1cc(c(cc1N2C(=O)C3CC=CCC3C2=O)C(=O)N)N4CCCCC4
2914186,0,CCC(C)NC(=O)C(C)N(c1ccc(cc1)OCC)S(=O)(=O)C
2918542,0,COc1ccc(cc1)N2CC(CC2=O)C(=O)OCC(=O)c3ccccc3
2920890,0,CCN(CC)S(=O)(=O)c1cc(ccc1N2CCC(CC2)C(=O)N)[N+](=O)[O-]
2928823,0,Cc1ccc(cc1)NC(=O)c2cc(ccc2N3CCCCC3)N4C(=O)C5CC=CCC5C4=O
2931965,0,c1cc(ccc1N2CCN(CC2)C(=O)C3CC3)[N+](=O)[O-]
2937005,0,CC1c2c(c3ccccc3[nH]2)CCN1C(=S)NCC=C
2937541,0,Cc1ccc(cc1)S(=O)(=O)c2cc3c(nc4ccccn4c3=O)n(c2=N)CC5CCCO5
2938996,0,CC1=C(C(NC(=O)N1)c2cccc(c2O)[N+](=O)[O-])C(=O)C
2942688,0,CCc1ccc(cc1)NC(=O)COc2ccc(cc2)N3CC(CC3=O)C(=O)NCC=C
2950092,0,CC1CCN(CC1)c2ccc(cc2C(=O)N3CCOCC3)[N+](=O)[O-]
2950614,0,CCN(CC)c1ccc(cc1C(=O)N2CCOCC2)[N+](=O)[O-]
2950639,0,CC1(C2(CCC1(C(=O)C2=O)C(=O)NCCc3ccc(c(c3)OC)OC)C)C
2951364,0,CCOc1ccc(cc1)c2c(=O)n(c3ccccc3[n+]2[O-])OCC=C
2956880,0,c1cc(ccc1NC(=O)C2CC(=O)N(C2)c3ccc(cc3)F)N4CCOCC4
2959207,0,c1ccc(c(c1)CN2CCN(CC2)c3ccc(cc3)NC(=O)c4ccccc4[N+](=O)[O-])F
2961371,0,Cn1c(nnc1SCC(=O)Nc2ccc(c(c2)Cl)N3CCOCC3)C(c4ccccc4)O
2963489,0,CCOCCCn1c(=N)c(cc2c1nc3ccccn3c2=O)C(=O)Nc4cc(on4)C
2965974,0,CN1CCN(CC1)c2ccc(cc2NC(=O)c3ccccc3Cl)[N+](=O)[O-]
2966063,0,c1ccc(cc1)C(=O)Nc2cc(ccc2N3CCCC3)[N+](=O)[O-]
2966193,0,c1ccc(cc1)CC(=O)Nc2cc(ccc2N3CCOCC3)[N+](=O)[O-]
2966315,0,c1cc(sc1)C(=O)Nc2cc(ccc2N3CCCC3)[N+](=O)[O-]
2974462,0,Cc1cc(=O)n2c3ccccc3n(c2c1C#N)CC(CN4CCOCC4)O
2980339,0,c1cc(ccc1NC(=O)CSc2ccc(cn2)[N+](=O)[O-])N3CCOCC3
2980784,0,c1cc(ccc1c2c(c(=O)n3c(n2)SCC3)C#N)F
2988867,0,CCOn1c2ccccc2[n+](c(c1=O)c3cccc(c3)Br)[O-]
2993046,0,c1ccc2c(c1)N(C(=O)CO2)CC(=O)Nc3ccc(cc3)N4CCOCC4
2994574,0,COc1ccc(cc1)N2CC(CC2=O)C(=O)Nc3ccncc3
2995574,0,c1cc(ccc1NC(=O)CSc2nnc(s2)N)N3CCOCC3
2996527,0,c1cc(ccc1NC(=O)CSc2ccc(cc2)Br)N3CCOCC3
2998419,0,Cn1c2c(c(c3c(n2)-c4ccccc4C3=O)c5ccncc5)c(=O)n(c1=O)C
2999248,0,CCn1cc(c(=O)c2c1nc(cc2)C)C(=O)OC(C)C(=O)Nc3c(n(n(c3=O)c4ccccc4)C)C
2999833,0,CC(C(=O)Nc1ccc(cc1)N2CCOCC2)OC(=O)CNC(=O)C34CC5CC(C3)CC(C5)C4
304655,0,c1ccc(cc1)C2=CC(=Cc3ccccc3O)C(=O)O2
308761,0,c1cc(cnc1)CNC(=O)CCCc2ccc(cc2)N
3089153,0,CC1c2c(c3ccccc3[nH]2)CC(N1C(=O)C)C(=O)O
3090146,0,CCCCCOC(=O)C1=C(NC(=O)NC1c2ccc(cc2)N(C)C)C
3099761,0,CN1C(=O)C(=Cc2ccc(c(c2)[N+](=O)[O-])N(C)C)C(=O)N(C1=O)C
3101522,0,Cc1ccc(cc1)S(=O)(=O)N2CCN(CC2)Cc3cc(ccc3O)C(C)(C)C
3106489,0,CC1=NN(C(=O)C1N=Nc2ccccc2[N+](=O)[O-])C(=S)N
3112798,0,COC(=O)CCC(=O)NS(=O)(=O)c1ccc(cc1)N=NN2CCOCC2
3125329,0,Cc1cc(nc(n1)NS(=O)(=O)c2ccccc2Cl)N=NCc3ccc(cc3)OC
3152256,0,Cc1cccc(c1)NC(=O)COc2ccc(cc2)N3CC(CC3=O)C(=O)NCC=C
3152272,0,CCOc1ccc(cc1)NC(=O)COc2ccc(cc2)N3CC(CC3=O)C(=O)N
3156692,0,CCOc1ccc(cc1)N2CC(CC2=O)C(=O)Nc3ccc(cc3)N4CCOCC4
3158971,0,CCC1CCCCN1Cc2ccc(cc2)N
3159966,0,COc1c(nccn1)NS(=O)(=O)c2ccc(cc2)NCc3cccc(c3O)CC=C
3161542,0,CCCC(=O)N1CCN(CC1)c2ccc(cc2)NC(=O)c3ccc4c(c3)OCCO4
3163529,0,COC(=O)c1cc(ccc1N2CCOCC2)NC(=O)c3cccnc3
3164781,0,CCn1c(nnc1SCC(=O)Nc2ccc(cc2)N3CCOCC3)COc4ccccc4
3164787,0,Cc1ccccc1OCc2nnc(n2C)SCC(=O)Nc3ccc(cc3)N4CCOCC4
3164836,0,COc1ccc(cc1)Cc2nnc(o2)SCC(=O)Nc3ccc(cc3)N4CCOCC4
3177714,0,COc1ccc(cc1OC)N(C(c2ccc(cc2)O)C(=O)NCc3ccccc3)C(=O)c4c(c(ns4)C(=O)N)N
3184571,0,c1cc(ccc1N)n2c(nnn2)CN3CCOCC3
3185149,0,c1ccc2c(c1)nnn2CC(=O)N(c3ccccc3F)C(c4ccc(cc4)N5CCOCC5)C(=O)NCC6CCCO6
3191588,0,CC(=O)c1ccccc1N(C(c2ccc(cc2)N3CCOCC3)C(=O)NCC4CCCO4)C(=O)Cn5c6ccccc6nn5
3196438,0,COc1ccccc1N(C(c2ccc(cc2)N3CCOCC3)C(=O)NC4CCCC4)C(=O)c5ccco5
3205360,0,c1cc(ccc1CNC(=O)CN(c2ccc3c(c2)OCO3)C(=O)CCC(=O)Nc4nccs4)F
3205519,0,CC(C)(C)NC(=O)CN(c1ccc(cc1)OC)C(=O)CCC(=O)Nc2nccs2
3205715,0,COc1ccc(cc1)N(CC(=O)NCc2ccco2)C(=O)CCC(=O)Nc3nccs3
3208468,0,CCOc1ccc(cc1)N(CC(=O)NC2CCCCC2)C(=O)CCC(=O)Nc3cc(ccn3)C
3211379,0,COc1ccc(cc1)N(C(c2ccco2)C(=O)NC3CCCC3)C(=O)CNC(=O)c4ccco4
3215769,0,COc1ccc(cc1)N(C(c2ccc(c(c2)OC)OC)C(=O)NCC3CCCO3)C(=O)CNC(=O)c4cccs4
3215890,0,COc1ccc(c(c1)OC)N(C(c2ccccc2)C(=O)NCC3CCCO3)C(=O)CNC(=O)c4cccs4
3216111,0,CCC(C)(C)NC(=O)C(c1ccc(cc1)OC)N(c2ccc3c(c2)OCO3)C(=O)CCC(=O)Nc4cc(on4)C
3237412,0,COC(=O)C1C2C(c3ccccc3OC2=O)c4c([nH]c(=O)s4)S1
3237778,0,CCn1cc(c(=O)c2c1nc(cc2)C)C(=O)N(CCCN3CCOCC3)Cc4ccco4
3238984,0,Cn1c2ccccc2c(c1C(=O)O)CC(=O)N3CCN(CC3)Cc4ccccc4
3239743,0,Cn1c2ccccc2c(c1C(=O)O)CC(=O)NCCN(C)C
3240846,0,CC1(OC(=O)C(=CNc2cccc(c2)O)C(=O)O1)C
3241198,0,c1ccc2c(c1)c(c([nH]2)C(=O)O)CC(=O)N3CCOCC3
3241213,0,CCN(c1ccc(cc1)OCC)S(=O)(=O)c2ccc3c(c2)oc(=O)n3C
3241277,0,CC1(OC(=O)C(=CNCCC(C(=O)O)NC(=O)OC(C)(C)C)C(=O)O1)C
3243235,0,COc1ccc(c(c1)OC)N(C2CS(=O)(=O)C=C2)C(=O)c3ccccc3OC
3244217,0,CCOc1ccc(cc1)N2C(c3c(cccn3)C2=O)Nc4ccc(cc4)OC
3245215,0,CCOC(=O)C1CCN(CC1)C(=O)Cc2c3ccccc3[nH]c2C(=O)O
324639,0,c1cc(ccc1N2C(=O)CSC2=S)F
324720,0,Cc1ccc(cc1C)N2C(=O)CSC2=S
3251141,0,CN(C)C=NC(=O)c1cccn1c2c(cc(cn2)C(F)(F)F)Cl
327065,0,c1ccc-2c(c1)NC(c3n2ccc3)c4cc(cc(c4O)Cl)Cl
3297392,0,CCOc1cc(c(cc1N2CCOCC2)OCC)NC(=O)CN3C(=O)C4(CCCCCCC4)NC3=O
3307777,0,CCOC(=O)N1CCN(CC1)c2ccc(cc2[N+](=O)[O-])N3C(=O)CCCC3=O
3355835,0,c1cc(ccc1CCNC(=O)c2cc(ccc2N3CCOCC3)[N+](=O)[O-])S(=O)(=O)N
342034,0,COCC(Cn1ccnc1N=Nc2ccccc2)O
3438027,0,c1ccc2c(c1)C3c4c(n(c(=O)s4)CC(=O)Nc5ccc(cc5)Cl)SCC3CO2
3521406,0,c1ccc(cc1)CCNC(=O)c2cc(ccc2N3CCOCC3)[N+](=O)[O-]
3528515,0,Cc1ccc2c(c1)c(c([nH]2)C)CC(=O)NCc3ccccc3
3535613,0,c1ccc(cc1)C2(C(=O)N(C(=O)N2)CC(=O)Nc3ccc(cc3)N4CCOCC4)c5ccccc5
3564939,0,COc1cc(cc(c1OC)OC)CC(=O)OCC(=O)Nc2ccc(cc2)N3CCOCC3
3606104,0,CC1c2c3ccccc3[nH]c2CCC1C(=O)O
3606845,0,CCn1cc(c(=O)c2c1nc(cc2)C)C(=O)OCC(=O)Nc3cc(ccc3C)S(=O)(=O)N(C)C
3625952,0,CSc1ccccc1C(=O)OCC(=O)Nc2ccc(cc2)N3CCOCC3
3690200,0,CC(=O)c1c(nc2ccccc2[n+]1[O-])COC(=O)c3ccc(cc3)Cl
3726517,0,Cc1cccn2c1nc3c(c2=O)cc(c(=N)n3CCc4ccccc4)S(=O)(=O)c5ccc(c(c5)C)C
3740693,0,Cc1c(c(on1)C)N=Nc2ccccc2OC
3744170,0,C#CCNC(=O)c1cccn1c2c(cc(cn2)C(F)(F)F)Cl
3764715,0,Cc1ccc(c(c1)Cn2c3ccccc3nn2)O
3775977,0,CCOC(CCNC(=O)c1cn(cn1)c2cccc(n2)C)OCC
3784426,0,c1ccc(cc1)N2CCN(CC2)c3ccc(cc3F)NC(=O)CN4CCOCC4
3838379,0,Cc1ccc(n1c2ccc(cn2)C#N)C
3880643,0,CN(C1CCS(=O)(=O)C1)C(=O)COC(=O)c2cc(ccc2N3CCCC3)[N+](=O)[O-]
3941190,0,c1cc(c(nc1)[N+](=O)[O-])OCC(=O)Nc2ccc(cc2)N3CCOCC3
3963520,0,CCOc1cc(c(cc1N2CCOCC2)OCC)NC(=O)COC(=O)C3CCCN3S(=O)(=O)c4ccccc4F
3982734,0,CCn1cc(c(=O)c2c1nc(cc2)C)C(=O)OCC(=O)c3ccc(cc3)Cl
3990512,0,CCC1(C2C(C(N1)c3ccccc3O)C(=O)N(C2=O)Cc4ccccc4)C(=O)O
4019272,0,CCOc1cc(c(cc1N2CCOCC2)OCC)NC(=O)Cn3cnc4c3n(c(=O)n(c4=O)C)C
4043559,0,Cc1ccc(cc1)c2ccc(n2CC(=O)Nc3ccc(cc3)OC)CCC(=O)O
4057808,0,CCOc1ccc(cc1)N2C(=O)Nc3ccc(cc3C2(C(=O)NCCN(C)C)O)Br
4083602,0,CCCCN(C)C(=O)c1cn(c2c(c1=O)ccc(n2)C)CC
4102281,0,CC1CCN(CC1)c2ccc(cc2[N+](=O)[O-])N3C(=O)C4CCCCC4C3=O
4139290,0,c1cc(ccc1N2CCN(CC2)C(=O)c3cnc4n(c3=O)CCS4)[N+](=O)[O-]
4202114,0,CCn1cc(c(=O)c2c1nc(cc2)C)C(=O)Nc3cc(ccc3OC)S(=O)(=O)N(CC)CC
4211343,0,CCOc1cc(c(cc1N2CCOCC2)OCC)NC(=O)COc3ccc4ccc(=O)oc4c3
4222184,0,c1ccc(cc1)Cc2nnc(o2)SCC(=O)Nc3ccc(cc3)N4CCOCC4
4230751,0,c1cc(cnc1)C(=O)Nc2ccc(c(c2)S(=O)(=O)Nc3cc(ccc3Cl)Cl)N4CCOCC4
4237333,0,c1cc(cc(c1)S(=O)(=O)N2CCOCC2)C(=O)Nc3ccc(cc3)N4CCOCC4
42628262,0,Cn1c2ccc(cc2c3c1C4CC=C(C(C3)N4C)CO)OC
4273088,0,CC1(C(=O)N(C(=O)N1)CC(=O)N2CCN(CC2)c3ccc(cc3)[N+](=O)[O-])C
4277970,0,CCN(CC)c1ccc(cc1[N+](=O)[O-])N2C(=O)C3CCCCC3C2=O
42894883,0,CN(Cc1ccc(cc1)OC)C(=O)C2CC(=O)N(C2)c3ccc4c(c3)OCCO4
4291110,0,CCC1(C2C(C(N1)c3cccc(c3O)OC)C(=O)N(C2=O)c4ccccc4)C(=O)O
4304997,0,c1cc2c(cc1C(=O)OCC(=O)NC3CCS(=O)(=O)C3)c4c([nH]2)CCCC4
4312589,0,c1cc(n(c1)c2c(cc(cn2)C(F)(F)F)Cl)C(=O)NCC#N
4364865,0,CC1(C(=O)N(C(=O)N1)CC(=O)Nc2ccc(cc2)N3CCOCC3)c4ccccc4Cl
4370618,0,c1cc(c(cc1[N+](=O)[O-])C(=O)NCC2CCCCC2)N3CCOCC3
4392157,0,CCn1cc(c(=O)c2c1nc(cc2)C)C(=O)OCC(=O)Nc3ccccc3OC(F)F
4402817,0,c1ccc(cc1)S(=O)(=O)NN2C(Nc3ccccc3C2=O)c4ccccc4O
4406468,0,Cc1ccc(cc1)S(=O)(=O)NN2C(Nc3ccccc3C2=O)c4ccccc4O
4426611,0,CCOC(=O)c1c(c(c([nH]1)C)C(=O)N2CCN(CC2)c3ccc(cc3)OC)C
4428873,0,CC(=O)c1ccc(cc1)N2CCN(CC2)CC(=O)Nc3ccc(cc3)N4CCOCC4
4445082,0,CCC(C)n1c(=O)n(cn1)c2ccc(cc2)N3CCN(CC3)c4ccc(cc4)OC
44490250,0,CC1CCCCOC(C(CN(C(=O)c2cc(ccc2O1)N(C)C)C(C)CO)C)CN(C)C(=O)NC(C)C
44501790,0,CC1CCCCOC(C(CN(C(=O)c2cc(ccc2O1)N(C)C)C(C)CO)C)CN(C)C(=O)c3ccccc3
44502219,0,CC1CCCCOC(C(CN(C(=O)c2cc(ccc2O1)N(C)C)C(C)CO)C)CN(C)Cc3ccc(cc3)C(=O)O
44825770,0,CCN1CCC(=O)C(=C1C(=O)OCC)C(=O)OCC
44825777,0,CCCCN1CCC(=O)C(=C1C(=O)OCC)C(=O)OCC
4519035,0,COc1ccc(cc1)N2C(SCC2=O)c3ccc(cc3)F
4522036,0,CCOc1cc(c(cc1N2CCOCC2)OCC)NC(=O)c3ccc(c(c3)S(=O)(=O)N4CCOCC4)OC
45223640,0,Cc1c2ccccc2[nH]c1CN(C)C(=O)C3CCC(=O)N(C3)Cc4ccccc4F
4544196,0,CC(C(=O)Nc1ccc(cc1)N2CCOCC2)Sc3ccccc3
4560302,0,COc1ccccc1NS(=O)(=O)c2cc(ccc2N3CCOCC3)NC(=O)c4ccccc4[N+](=O)[O-]
459083,0,Cc1ccc(n1c2ccc(cc2)NC(=O)C)C
4597363,0,Cc1ccc(cc1)N2CCN(CC2C)S(=O)(=O)c3c(noc3C)C
4603573,0,CCCC1(C2C(C(N1)c3ccc(cc3O)OC)C(=O)N(C2=O)c4ccc(cc4)OC)C(=O)O
4650815,0,Cc1cccc2c1CC(NC2=C(C#N)C#N)(C)C
46902366,0,CC(C1CN2CCc3c4ccccc4[nH]c3C2CC1N(C)C(=O)Nc5ccc(cc5)OC)O
46902369,0,CC(C1CN2CCc3c4ccccc4[nH]c3C2CC1N(C)C(=O)Nc5ccccc5)O
46902754,0,COc1ccc(cc1)NC(=O)CC2C(CN(C2=O)c3ccc(cc3)OC)CSC
46903023,0,CC1(CN(C(=O)C1CC(=O)Nc2ccccc2)c3ccc(cc3)OC)C
46903593,0,COc1ccc(cc1)N2CCN(CC2)CCCn3cnc4c3ncnc4OC
46903662,0,CN(C)c1ccc(cc1)C=CCNCC2C(C(C(O2)n3ccc(nc3=O)N)O)O
46903762,0,Cc1cn(c(=O)[nH]c1=O)C2CC(C(O2)CNCc3ccc(cc3F)N4CCN(CC4)C)O
46903766,0,Cc1cn(c(=O)[nH]c1=O)C2CC(C(O2)CCC(=O)NCc3ccc(cc3)N(C)C)O
46903848,0,CN(Cc1ccccc1)C(=O)c2c3c(=O)[nH]c4cccnc4n3cn2
46903850,0,CC(c1ccccc1)NC(=O)c2c3c(=O)[nH]c4cccnc4n3cn2
46903855,0,CC1CCN(CC1)C(=O)c2c3c(=O)[nH]c4cccnc4n3cn2
46904326,0,c1ccc(cc1)CC2c3nc4cc(ccc4c(=O)n3-c5c(cccn5)C(=O)N2)Cl
46904342,0,COc1cc2c(cc1OC)nc3n(c2=O)-c4c(cccn4)C(=O)NC3Cc5ccccc5
46904346,0,c1cc2c(nc1)-n3c(=O)c4ccc(cc4nc3C(NC2=O)Cc5ccc(cc5)O)Cl
46904398,0,c1cc2c(nc1)-n3c(=O)c4cc(c(cc4nc3C(NC2=O)Cc5ccc(cc5)O)F)F
46904404,0,Cc1ccc2c(c1)nc3n(c2=O)-c4c(cccn4)C(=O)NC3CC(C)C
46904406,0,CC(C)CC1c2nc3cc(ccc3c(=O)n2-c4c(cccn4)C(=O)N1)F
46904430,0,CC1c2nc3ccccc3c(=O)n2-c4c(cccn4)C(=O)N1
46904434,0,CC1c2nc3cc(ccc3c(=O)n2-c4c(cccn4)C(=O)N1)F
46904440,0,CC1c2nc3cc(c(cc3c(=O)n2-c4c(cccn4)C(=O)N1)F)F
46904444,0,CCCC1c2nc3ccc(cc3c(=O)n2-c4c(cccn4)C(=O)N1)Cl
46904452,0,CCCC1c2nc3ccc(cc3c(=O)n2-c4c(cccn4)C(=O)N1)OC
46904454,0,CCCC1c2nc3cc(cc(c3c(=O)n2-c4c(cccn4)C(=O)N1)C)C
46904456,0,CCCC1c2nc3cc(c(cc3c(=O)n2-c4c(cccn4)C(=O)N1)F)F
46904955,0,CCSCCCn1c(=O)c2ccccc2[nH]1
46948555,0,CCc1c(n2cc(ccc2n1)C(=O)NCCCn3ccnc3)N(C)Cc4ccc(cc4)N(C)C
4784849,0,Cc1c([nH]c2c1cc(cc2)C(=O)N3CCC(CC3)C(=O)N)C
4787567,0,Cc1ccc(c(c1)C(=O)CCC(=O)Nc2ccc(cc2C)N3CCN(CC3)C)C
4795172,0,COc1ccc(cc1)N2CCN(CC2)CCN3C(=O)c4ccccc4C3=O
4804275,0,c1cc(c(c(c1)F)C(=O)OCC(=O)Nc2ccc(cc2)N3CCCCC3)F
4826221,0,CC(C(=O)Nc1ccc(cc1)N2CCOCC2)Sc3nnc(n3C)c4ccco4
4831336,0,CC(C)Cn1c(c(c(=O)[nH]c1=O)N(CC(C)C)C(=O)CN2CCN(CC2)c3ccc(cc3)[N+](=O)[O-])N
4831864,0,COc1ccccc1NS(=O)(=O)c2cc(ccc2N3CCOCC3)NC(=O)c4ccco4
4831921,0,CCOc1cc(c(cc1N2CCOCC2)OCC)NC(=O)CN3C(=O)C4C5CC(C4C3=O)C=C5
4832930,0,Cc1ccc(cc1)S(=O)(=O)N(CCCOC)CC(=O)Nc2ccc(cc2)N3CCOCC3
4834875,0,c1cc(cc(c1)S(=O)(=O)NC2=NCCC2)NC(=O)C3CC(=O)N(C3)c4ccc5c(c4)OCCO5
4839884,0,CC(=O)c1ccccc1NCC(=O)Nc2ccc(c(c2)S(=O)(=O)N3CCOCC3)OC
4847472,0,CCc1c(c(on1)C)C(=O)OCC(=O)Nc2cc(c(cc2OCC)N3CCOCC3)OCC
4849988,0,COc1ccc(cc1)NS(=O)(=O)c2cc(ccc2N3CCOCC3)NC(=O)CCc4ccc(c(c4)OC)OC
4852493,0,CCOc1cc(c(cc1N2CCOCC2)OCC)NC(=O)c3cccc(c3)S(=O)(=O)N4CC(OC(C4)C)C
4855407,0,CCOc1cc(c(cc1N2CCOCC2)OCC)NC(=O)COC(=O)c3ccccc3OC(F)F
4857318,0,CC(C(=O)Nc1ccc(cc1)N2CCOCC2)Sc3nnc(n3C)c4ccccc4F
4875108,0,COc1ccc(cc1)N2CCN(CC2)C(=O)CCc3cc(c(c(c3)OC)OC)OC
4876861,0,CCCCc1nnc(s1)NC(=O)C2CC(=O)N(C2)c3ccc4c(c3)OCCO4
4878256,0,CC(C(=O)N1CCN(CC1)c2ccc(cc2)[N+](=O)[O-])N3C(=O)C4CC=CCC4C3=O
4900021,0,CCN1CCN(CC1)C(=O)c2c(c3cc(ccc3[nH]2)OC)C
4903247,0,CN(C)c1ccc(cc1)N2C3CS(=O)(=O)CC3SC2=NC(=O)CCC4CCCC4
4907278,0,c1cc(ccc1N2C3CS(=O)(=O)CC3SC2=NC(=O)C4CC4)OC(F)(F)F
4910217,0,CN(C)c1ccc(cc1)N2C3CS(=O)(=O)CC3SC2=NC(=O)CC4CCCCC4
4966567,0,Cc1ccc(c(c1)[N+](=O)[O-])NC(=O)CN(C)CC(=O)Nc2ccc(cc2)N3CCOCC3
4971340,0,CCOC(=O)C1CCCN(C1)C(=O)c2c(c3cc(ccc3[nH]2)OC)C
49786923,0,CN(C)c1ccc(cc1)CN2CCC(CC2)C(=O)NC(c3ccc(cc3)F)c4nc(cc(n4)OC)OC
49789176,0,CCc1c(n2cc(ccc2n1)C(=O)NCCc3c[nH]c4c3cccc4)N(C)Cc5ccc(cc5)N(C)C
49789403,0,CN(C)c1ccc(cc1)NC(=O)Nc2nnc(s2)C3CC(C(O3)CO)O
49789644_49786751,0,c1cc(ccc1NC(=O)c2csc(n2)C3CC(C(O3)CO)O)N4CCOCC4
49790428,0,c1cc2c(coc2c(c1)C(=O)Nc3ccc(cc3)N4CCOCC4)c5ccc(c(c5)F)F
49792414,0,CCc1c(n2cc(ccc2n1)C(=O)Nc3cccc(c3)OCC(=O)N(C)C)N(C)Cc4ccc(cc4)N(C)C
49792464,0,CC1(Cc2c(ccnc2O1)c3ccc(cc3)C(=O)N)C(=O)NCc4ccc(cc4)N5CCN(CC5)C
4986678,0,Cc1ccc(cc1[N+](=O)[O-])S(=O)(=O)Nc2ccc(cc2)N3CCOCC3
5003426,0,Cn1c(nnn1)SCC(=O)NCc2cc(ccc2O)[N+](=O)[O-]
5027228,0,CCc1nnc(s1)Nc2c3ccccc3nc4c2cccc4
5031300,0,COc1ccc(cc1)N2CCN(CC2)C(=O)c3cccc(c3)S(=O)(=O)N4CCCc5c4cccc5
5031554,0,CCCC1(C2C(C(N1)c3cccc(c3O)OC)C(=O)N(C2=O)c4ccccc4)C(=O)O
5036606,0,c1ccc(cc1)NC(=O)c2cc(ccc2N3CCCCC3)[N+](=O)[O-]
5101726,0,c1ccc(cc1)C2=CC(NC(=O)N2)c3ccccc3O
5133072,0,CC(C)(C)OC(=O)N1CCN(CC1)c2ccc(cc2)CNC(=O)c3ccc(cc3)OC
51360669,0,Cn1ccc2c1c3c(cc2c4cccnc4)C5CCC3C5
51360885,0,c1cc-2c(cc1N3CCOCC3)CNCc4n2nnc4
51360926,0,c1cc-2c(cc1N3CCOCC3)CN(Cc4n2nnc4)S(=O)(=O)c5cc(cc(c5)Cl)Cl
51360935,0,CC(C)CN1Cc2cc(ccc2-n3c(cnn3)C1)N4CCCCC4
51360944,0,CCOC(=O)CNC(=O)N1Cc2cc(ccc2-n3c(cnn3)C1)N4CCOCC4
51360949,0,c1ccc(cc1)CCNC(=S)N2Cc3cc(ccc3-n4c(cnn4)C2)N5CCOCC5
51360965,0,CN1C2CC(N(CC2CO1)C(=O)Nc3ccc(cc3)OC)c4ccc(cc4)N5CCCCC5
51360990,0,CN1C2CC(N(CC2CO1)C(=O)COC)c3ccc(cc3)N4CCCCC4
51360992,0,CN1C2CC(N(CC2CO1)C(=O)c3cccc4c3cccc4)c5ccc(cc5)N6CCCCC6
51360995,0,CN1C2CC(N(CC2CO1)C(=O)c3cc(c(c(c3)OC)OC)OC)c4ccc(cc4)N5CCCCC5
51360997,0,CN1C2CC(N(CC2CO1)S(=O)(=O)c3cccc4c3cccc4)c5ccc(cc5)N6CCCCC6
51360998,0,CN1C2CC(N(CC2CO1)S(=O)(=O)c3cccc(c3)C(F)(F)F)c4ccc(cc4)N5CCCCC5
51361015,0,CCOC(=O)CNC(=O)N(C)C1CC2c3c(c4ccccc4[nH]3)CCN2CC1C(C)O
51361020,0,CCOC(=O)N(C)C1CC2c3c(c4ccccc4[nH]3)CCN2CC1C(C)O
51361493,0,Cc1cnc(cn1)C(=O)N(c2ccc(cc2)N3CCOCC3)C4C(=Nc5ccccc5NC4=O)c6ccc(cc6)F
5147036,0,c1ccc2c(c1)c3c([nH]2)C(NCC3c4ccccc4Cl)c5ccc(cc5)C(=O)O
5159318,0,Cc1ccc(c(c1)NC(=O)Cc2c3ccccc3n(c2C(=O)O)C)OC
5193479,0,CCOc1cc(c(cc1N2CCOCC2)OCC)NC(=O)CN3C(=O)C(NC3=O)CC(C)C
5204145,0,CCN(CC(=C)C)c1ccc(cc1[N+](=O)[O-])N2C(=O)CCCC2=O
5204147,0,c1cc(c(cc1N2C(=O)CCCC2=O)[N+](=O)[O-])N3CCOCC3
5291508,0,Cc1ccc(cc1)N2C(=O)C(=CNCCC3=CCCCC3)C(=O)NC2=O
5291788,0,c1cc(ccc1CN2C(=O)C(=CNc3ccc(cc3)Cl)C(=O)NC2=O)F
5307451,0,CN1CCN(CC1)Cc2c(ccc3c2oc(c(c3=O)Oc4ccccc4Cl)C(F)(F)F)O
5310667,0,CN1C(=O)C(=CNCCN2CCN(CC2)C(=O)c3ccccc3)C(=O)N(C1=O)C
5310839,0,CC1(CC(CC(N1)(C)C)NC=C2C(=O)N(C(=O)N(C2=O)C)C)C
5310885,0,c1ccc2c(c1)C(=C3C(=O)N(C(=S)S3)CC4CCCO4)C(=O)N2
5310900,0,CN1C(=O)C(=CNc2ccc(cc2)Cl)C(=O)N(C1=O)C
5320558,0,Cn1ccc2c3ccccc3n4c2-c1c(c(=O)c4=O)OC
5322219,0,CN(C)Cc1c(ccc2c1oc(c(c2=O)c3ccccc3OC)C(F)(F)F)O
5334636,0,CCOC1=CC(=CNNC(=O)c2ccncc2)C=C(C1=O)Br
5337262,0,COc1ccc(cc1OC)CCN2C(=O)C(=C3c4ccccc4NC3=O)SC2=S
5347551,0,c1ccc(cc1)N2CCN(CC2)N=Cc3ccc(c(c3)[N+](=O)[O-])Cl
5347873,0,c1ccc2c(c1)cccc2CN3CCN(CC3)N=Cc4ccc(cc4)C(F)(F)F
5350913,0,C=CCN1C(=O)C(=CNc2ccc(cc2)F)C(=O)NC1=O
5350924,0,CN1C(=O)C(=CNCCCC(=O)O)C(=O)N(C1=O)C
5351083,0,CC(=C1C(=O)NC(=O)N(C1=O)C)Nc2ccc(cc2)F
5363854,0,CC1=NC(=Cc2ccccc2Cl)C(=O)O1
5389105,0,CN(C)CCNC=C1C(=O)NC(=O)N(C1=O)c2cccc3c2cccc3
5389143,0,Cc1ccccc1N2C(=O)C(=CNCCN3CCOCC3)C(=O)NC2=O
5389147,0,CCOc1ccccc1N2C(=O)C(=CNc3c(n(n(c3=O)c4ccccc4)C)C)C(=O)NC2=O
5389170,0,c1ccc(cc1)CN2C(=O)C(=CNCCN3CCOCC3)C(=O)NC2=O
5389181,0,CCCCCCN1C(=O)C(=CNCCN2CCCCC2)C(=O)NC1=O
5389501,0,CC(=C1C(=O)NC(=O)N(C1=O)Cc2ccccc2)NCc3cccnc3
5389507,0,CCC(=C1C(=O)NC(=O)N(C1=O)c2ccccc2)NCCO
5389523,0,c1cc(ccc1CN2C(=O)C(=CNCCCN3CCOCC3)C(=O)NC2=O)F
5389539,0,CCC(=C1C(=O)NC(=O)N(C1=O)c2ccc(cc2)OC)NCCCO
5389556,0,CC(=C1C(=O)NC(=O)NC1=O)NC2CCN(CC2)Cc3ccccc3
5389569,0,CN(C)CCCNC=C1C(=O)NC(=O)N(C1=O)CCc2ccc(c(c2)OC)OC
5389579,0,CC(=C1C(=O)NC(=O)N(C1=O)c2ccc(cc2)OC)NC3CC3
5389584,0,CCC(=C1C(=O)NC(=O)NC1=O)NCC2CCCO2
5389625,0,CCC(=C1C(=O)NC(=O)N(C1=O)c2ccc(cc2)OC)NC3CC3
5389630,0,CCCCN1C(=O)C(=C(C)NCCCN(CC)CC)C(=O)NC1=O
5389632,0,COc1ccc(cc1OC)CCN2C(=O)C(=CNCCCO)C(=O)NC2=O
5389648,0,CC(=C1C(=O)NC(=O)N(C1=O)c2ccc(cc2)Cl)NCC3CCCO3
5389653,0,CCCCN1C(=O)C(=C(C)NCCCN(C)C)C(=O)NC1=O
5389670,0,CCN(CC)CCCNC(=C1C(=O)NC(=O)N(C1=O)c2ccc(cc2)C)C
5389672,0,CCC(=C1C(=O)NC(=O)N(C1=O)c2ccc(cc2)Cl)NCC3CCCO3
5389685,0,CCCCN1C(=O)C(=C(C)Nc2cccc(c2)C(=O)O)C(=O)NC1=O
5389689,0,CC(=C1C(=O)NC(=O)NC1=O)NCc2ccc3c(c2)OCO3
5389805,0,Cc1ccc(cc1C)N2C(=O)C(=CNCc3cccnc3)C(=O)NC2=O
5389836,0,CCN(CC)CCCNC=C1C(=O)NC(=O)N(C1=O)CCc2ccc(cc2)F
5389892,0,c1cc(ccc1CCN2C(=O)C(=CNCCCN3CCOCC3)C(=O)NC2=O)F
5389937,0,CC1(C2CCC1(C(C2)NC=C3C(=O)NC(=O)N(C3=O)C)C)C
5389940,0,CC1(C2CCC1(C(=O)C2NC=C3C(=O)N(C(=O)N(C3=O)C)C)C)C
5389963,0,Cc1cc(ccc1NC=C2C(=O)NC(=O)N(C2=O)CC=C)OC
5390000,0,Cc1c(c(n[nH]1)NC=C2C(=O)N(C(=O)N(C2=O)C)C)c3ccccc3
5390768,0,CC(=C1C(=O)NC(=O)NC1=O)NNC(=O)c2ccncc2
5396243,0,CC1=NN(C(=O)C1=NNc2ccc(cc2)C#N)c3ccccc3
5407254,0,CCC1=NN=C2C1=C(CCC2)NO
5407255,0,CC1=NN=C2C1=C(CCC2)NO
5409543,0,Cc1nc2ccccc2c(=O)n1N=C3c4ccccc4N(C3=O)C
5418971,0,CCN1c2ccccc2C(=NNC(=O)CNC(=O)c3ccco3)C1=O
5419783,0,CN1C(=O)C(=CNN2CCOCC2)C(=O)N(C1=S)C
5435232,0,CC1=NN(C(=O)C1=CNc2ccc(cc2)S(=O)(=O)Nc3cc(nc(n3)OC)OC)c4ccccc4
5437002,0,Cc1ccc(c(c1)C)N2C(=O)C(=CNc3ccc(cc3)S(=O)(=O)Nc4nc(cc(n4)C)C)C(=N2)C
5484400,0,COc1ccc(cc1OC)S(=O)(=O)N=NC=C2C=CC=CN2O
5511940,0,CC(=C1C(=O)NC(=O)NC1=O)Nc2ccc(cc2)OC
5514777,0,C=CCN1C(=O)C(=CNN2CCCCC2)C(=O)NC1=O
5516390,0,COC(=O)c1ccccc1NC=C2C(=O)NC(=O)NC2=O
5517809,0,CCC(=C1C(=O)NC(=O)NC1=O)NCc2cc(cc(c2)OC)OC
5517957,0,CC(=C1C(=O)N(C(=O)N(C1=O)C)C)NN2CCCCCC2
5518721,0,CC(=C1C(=O)NC(=O)N(C1=O)CC=C)NCc2ccco2
5521713,0,CCOc1ccc(cc1)N2C(=O)C(=CNc3ccc(cc3)NC(=O)C)C(=O)NC2=O
5525432,0,CN1C(=O)C(=C(c2ccccc2)NCCc3c[nH]c4c3cccc4)C(=O)N(C1=O)C
5541890,0,c1cc(ccc1N2C(=O)C(=CNCCN3CCCCC3)C(=O)NC2=O)Cl
5543083,0,Cc1c(c(=O)n(n1C)c2ccccc2)NC=C3C(=O)NC(=O)N(C3=O)c4cccc(c4)OC
5550243,0,c1cc(ccc1N2C(=O)C(=CNCCN3CCCCC3)C(=O)NC2=O)F
5550788,0,CCN1C(=O)C(=CNCCN2CCOCC2)C(=O)NC1=S
5551999,0,Cc1ccc(cc1)N2C(=O)C(=CNCCN(C)C)C(=O)NC2=O
5552063,0,c1cc(cc(c1)Cl)N2C(=O)C(=CNCCN3CCNCC3)C(=O)NC2=S
5552955,0,COc1ccccc1N2C(=O)C(=CNC3CC3)C(=O)NC2=O
5553374,0,c1cc(oc1)CN2C(=O)C(=CNN3CCCCCC3)C(=O)NC2=O
5557265,0,CCOc1ccc(cc1)NC=C2C(=O)NC(=S)N(C2=O)Cc3ccccc3
5557479,0,COc1cccc(c1)N2C(=O)C(=CNCc3ccc4c(c3)OCO4)C(=O)NC2=O
5558138,0,c1ccc(cc1)CCNC=C2C(=O)NC(=S)N(C2=O)C3CC3
5594715,0,COc1cccc(c1)N2C(=O)C(=CNCCN3CCNCC3)C(=O)NC2=S
5599815,0,c1cc(oc1)CN2C(=O)C(=CNCCN3CCNCC3)C(=O)NC2=O
5603225,0,CN1C(=O)C(=CNCCN2CCOCC2)C(=O)NC1=S
5603636,0,C=CCN1C(=O)C(=CNCCN2CCNCC2)C(=O)NC1=O
5613528,0,c1cc(cc(c1)N2C(=O)C(=CNCCN3CCNCC3)C(=O)NC2=S)C(F)(F)F
5613639,0,CN1C(=O)C(=CNCCN2CCNCC2)C(=O)NC1=O
5619250,0,Cc1ccc(cc1C)N2C(=O)C(=CNN3CCCCCC3)C(=O)NC2=O
5641628,0,c1ccc(cc1)C(=O)c2ccccc2NC=C3C(=O)NC(=O)NC3=O
5646641,0,CN1C(=O)C(=CNC2CCCCC2)C(=O)NC1=S
5653688,0,Cc1ccc(cc1)NC=C2C(=O)NC(=O)N(C2=O)c3ccc(cc3)C
5658717,0,c1cc(c(cc1NC=C2C(=O)NC(=O)NC2=O)Cl)F
56603519,0,c1cc(ccc1CNCc2cc(ccc2O)Cl)C(=O)O
5662094,0,c1c(cc(cc1F)F)NC=C2C(=O)NC(=O)NC2=O
56642928,0,CCC(=NS(=O)(=O)c1ccc(cc1)N=NN(C)C)O
5708220,0,COc1ccc(cc1OC)C=C2C(=O)N(C(=S)S2)CCC(=O)N(CCO)c3ccccc3
5709997,0,c1cc(c(cc1Cl)Cl)NC=C2C(=O)NC(=O)NC2=O
5724217,0,c1ccc(cc1)CN2c3ccc(cc3C(=NNC(=O)N)C2=O)Br
5724853,0,CN1C(=O)C(=CNc2ccccc2c3ccccc3)C(=O)N(C1=O)C
5725397,0,CN1C(=O)C(=CNCCN2CCN(CC2)C(=O)Nc3ccccc3)C(=O)N(C1=O)C
5727526,0,Cc1ccc(cc1)N2CCN(CC2)N=CC(=Cc3ccccc3)Cl
5727668,0,Cc1ccc(cc1)N2CCN(CC2)N=Cc3cccnc3
5729951,0,CCOC(=O)N1CCN(CC1)C(=O)CCN2C(=O)C(=Cc3ccc(c(c3)OC)OC)SC2=S
5737472,0,CCOC(=O)c1c(c(=O)c2ccc(c(c2o1)CN3CCCCC3C)O)c4ccc(c(c4)OC)OC
5737621,0,c1cc(cc(c1)Cl)N2C(=O)C(=CN)C(=O)NC2=O
5754230,0,c1ccc(cc1)NC(=O)CN2c3ccccc3C(=NNC(=S)N)C2=O
5759330,0,CC1(C(C(c2c(ccc(c2O)C=CC(=O)N3CCOCC3)O1)N4CCOCC4)O)C
5760438,0,Cc1ccc(cc1)N2C(=O)C(=CNc3ccc(cn3)Br)C(=O)NC2=O
5765650,0,COc1cc(cc(c1OC)OC)C=C2C(=O)N(C(=S)S2)CCC(=O)NC3CCCC3
5767510,0,Cc1ccc(cc1)C=C2C(=O)N(C(=S)S2)CCC(=O)NCCCN3CCOCC3
5767555,0,CCCOc1ccccc1C=C2C(=O)N=C(S2)N
5768666,0,COc1ccccc1C=C2C(=O)N(C(=S)S2)CCC(=O)NCCCN3CCOCC3
5777341,0,c1cc(cc(c1)Cl)N2C(=O)C(=CNN3CCOCC3)C(=O)NC2=S
5805137,0,Cc1ccc(cc1)S(=O)(=O)N=C(Nc2nc(cc(n2)C)C)N3CCN(CC3)c4ccc(cc4)OC
5833390,0,c1cc(cnc1)CNC=C2C(=O)NC(=S)N(C2=O)CCC3=CCCCC3
5834673,0,CC(=C1C(=O)NC(=O)N(C1=O)CC=C)NCCCN2CCOCC2
5842813,0,CCC(=C1C(=O)NC(=O)NC1=O)NNC(=O)N
5854533,0,CCC(=C1C(=O)NC(=O)N(C1=O)CC=C)NCC2CCCO2
5861333,0,c1cc2n(c(=O)c1)CC3CC2CN(C3)C=C4C(=O)OC(=N4)c5ccc(cc5)Br
5879423,0,Cc1ccccc1N2C(=O)C(=CNc3nccs3)C(=O)NC2=O
5879493,0,Cc1ccc(cc1)C(=O)ON=C(C)C(=O)c2ccc(cc2)Br
5886274_5553229,0,CCN(CC)CCNC=C1C(=O)NC(=O)N(C1=O)Cc2ccccc2
5890199,0,CCCCN1C(=O)C(=CNc2ccc(cc2)Cl)C(=O)N(C1=O)Cc3ccco3
5898179,0,CCC(C)N1C(=O)C(=CNCCN2CCOCC2)C(=O)NC1=S
5906976,0,Cc1c(c(=O)n(n1C)c2ccccc2)NC=C3C(=O)NC(=O)N(C3=O)c4cc(ccc4OC)OC
5909045,0,CCOC(=O)C(=NNc1ccc(cc1)S(=O)(=O)Nc2nc(cc(n2)C)C)C#N
5911548,0,CC(=O)N1CCN(CC1)c2ccc(cc2)NC(=S)NC(=O)C=Cc3ccccc3
5915019,0,c1cc(cnc1)CNC=C2C(=O)NC(=O)N(C2=O)C3CCCCCC3
5915636,0,CCC(=C1C(=O)NC(=O)N(C1=O)c2ccc(cc2)C)NCc3ccco3
5915668,0,c1ccc(c(c1)NC=C2C(=NNC2=O)C(F)(F)F)Cl
5917826,0,C=CCN1c2ccccc2C(=NNC(=O)C(c3ccccc3)O)C1=O
5929816,0,CCN1c2ccccc2C(=NNC(=O)CNC(=O)C=Cc3ccccc3)C1=O
5930247,0,CC(=C1C(=O)NC(=O)N(C1=O)Cc2ccccc2)NN3CCN(CC3)C
5934786,0,CCC(=C1C(=O)NC(=O)N(C1=O)c2ccc(cc2)OC)NCC3CCCO3
5937011,0,Cc1ccc(cc1)C(=NNC(=O)c2cn(cn2)c3cccc(n3)C)C
5984789,0,CC=C1CN2C3Cc4c5ccccc5n(c4C2CC1C3(CO)C(=O)OC)C
5993609,0,CN1CCN(CC1)Cc2c(ccc3c2oc(c(c3=O)Oc4ccc(cc4)C(=O)OC)C(F)(F)F)O
6036027,0,Cc1c(c(no1)c2ccccc2)C3=NC(=Cc4ccccc4F)C(=O)O3
6051688,0,CCc1cc(=O)oc2c1ccc(c2CNC(Cc3ccccc3)C(=O)O)O
6052056,0,CCCN1c2ccccc2C(=NNC(=O)CNC(=O)c3cccnc3)C1=O
6056621,0,CCCC1CCC(CC1)C2=NC(=Cc3ccc(c(c3)OC)OC)C(=O)O2
606142,0,COc1cc2c(cc1OC)C(NCC2)c3ccccc3O
6070546,0,CC(=C1C(=O)NC(=O)N(C1=O)Cc2ccccc2)NCCN(C)C
608195,0,c1cc2c(cc1O)c3c4n2CCNC4CCC3
6144879,0,CCN(c1ccccc1)S(=O)(=O)c2ccc(c(c2)NN=C(C(=O)C)C(=O)Nc3ccccc3)OC
6201878,0,COc1cccc(c1)C=C2C(=O)N(C(=S)S2)CCCC(=O)Nc3cccc(c3)C(=O)O
6218057,0,c1ccc(c(c1)NS(=O)(=O)c2cc(ccc2Cl)NN=C3C(=O)NC(=O)NC3=O)Cl
6229737,0,CCC(=C1C(=O)NC(=O)N(C1=O)c2ccc(cc2)C)NCc3cccnc3
6230874,0,CC(=C1C(=O)NC(=O)NC1=O)NCCCO
6230943,0,CC(=C1C(=O)NC(=O)N(C1=O)c2ccc(cc2)Cl)NCCN3CCCCC3
6237054,0,CC(=O)NN=C1c2ccccc2N(C1=O)C3c4ccc(c(c4C(=O)O3)OC)OC
6238244,0,CCC(=C1C(=O)NC(=O)N(C1=O)c2ccc(cc2)Cl)NCc3cccnc3
6238858,0,CC(C)(C)OC(=O)C(CCSC)NC=C1C(=O)NC(=O)N(C1=O)c2ccc(cc2)Cl
6246802,0,COc1ccc(cc1)NS(=O)(=O)c2cc(ccc2N3CCCCC3)NC(=O)C=Cc4ccccc4OC
6257394,0,Cc1ccc(cc1)S(=O)(=O)N=C(c2ccc(cc2)Cl)Nc3cc4c(cc3C(=O)C)OCO4
6268038,0,COc1ccc(cc1)C=C2C(=O)C(=CNCc3ccccc3)C(=O)N2
6292539,0,CC1=NC(=Cc2ccc(cc2)[N+](=O)[O-])C(=O)N1c3ccc(cc3)Cl
6300250,0,CN(C)C(=C1C(=O)OC(=N1)c2ccccc2)CN3CCOCC3
63120,0,Cc1cccnc1n2c(nc3ccccc3c2=O)C
632713,0,CCOC(=O)CC1(C(=O)c2ccccc2C1=O)c3ccc(c(c3)OC)OC
6348465,0,CN1CCN(CC1)NC=C2C(=O)NC(=S)N(C2=O)CCC3=CCCCC3
6355404,0,Cc1ccc(nc1)NC=C2C(=NN(C2=O)c3ccccc3)C
6355892,0,CCN(CC)CCNC=C1C(=O)NC(=O)N(C1=O)Cc2ccco2
6370263,0,Cc1c(c(=O)n(n1C)c2ccccc2)NC=C3C(=O)NC(=O)N(C3=O)Cc4ccc(cc4)OC
6372528,0,COCC1=NNC(=O)C1=CNc2ccccc2
6379364,0,c1ccc(cc1)N2C(=O)C(=CNc3ccc(cc3)S(=O)(=O)N)C(=O)NC2=O
6382511,0,CC1=NNC(=O)C1=CNCc2cccs2
6401170,0,CC(=O)C(=NO)C(=O)Nc1ccccc1
6412319,0,CCC(=NNC(=O)COc1ccccc1OC)C(=NNC(=O)COc2ccccc2OC)CC
644414,0,c1ccn2c(c1)nc3c(c2=O)cc(c(=N)n3Cc4cccnc4)C#N
645501,0,Cn1c(=O)c(c(n2c1nnc2)c3ccccc3)C#N
6457650,0,CCn1c(nnc1SCC(=O)Nc2ccc(cc2)N3CCOCC3)c4ccncc4
6457894,0,COc1ccc(cc1)N2CC(CC2=O)C(=O)N3CCc4c3cccc4
6458707,0,c1cc(cc(c1)n2cnnc2)C(=O)Nc3ccc(c(c3)Cl)N4CCOCC4
6459331,0,c1cc(c(cc1NC(=O)c2ccc(cc2Cl)n3cnnc3)Cl)N4CCOCC4
6461015,0,Cc1cc(n(c(=O)c1C#N)CC(=O)Nc2ccc(c(c2)Cl)N3CCOCC3)C
6463022,0,COc1ccc(cc1)C(=O)N2CCN(CC2)c3ccc(cc3)NC(=O)c4cccnc4
646361,0,Cn1c2c(c(=O)n(c1=O)C)n3c(n2)N(CCCC3)c4ccc(cc4)OC
647093,0,CCCC(=O)Nc1ccc(cc1)N2CCN(CC2)C(=O)c3cccs3
6485185,0,CCOc1ccc(cc1)N2CC(CC2=O)C(=O)NCCc3ccc(cc3)F
648593,0,c1cc(c(cc1NC(=O)CCC(=O)O)C(=O)O)N2CCCCC2
649254,0,Cc1cccn2c1nc3c(c2=O)cc(c(=N)n3Cc4cccnc4)C#N
6492741,0,Cc1cc(c(c(=O)n1CC(=O)Nc2ccc(c(c2)Cl)N3CCOCC3)C#N)COC
6493076,0,Cc1ccccc1NC(=O)COc2ccc(cc2)N3CC(CC3=O)C(=O)NC
6493107,0,CC(C)Oc1ccc(cc1)N2CC(CC2=O)C(=O)Nc3ccccc3C(=O)NC4CC4
6493213,0,COc1ccc(cc1)N2CC(CC2=O)C(=O)N3CCN(CC3)c4ccccc4F
651229,0,CCOC(=O)c1c2c(sc1NC(=O)CCC(=O)NCc3ccco3)CCCC2
6514026,0,COC1=CC(=CNNC(=O)C(=O)NCC2CCCO2)C=C(C1=O)Cl
652560,0,Cc1c([nH]c2c1cc(cc2)c3nnc(o3)SCC(=O)N4CCN(CC4)c5ccc(cc5)OC)C
653133,0,Cc1cccc(n1)NCc2ccccc2O
6533001,0,CC(C(=O)N(C)C1CCS(=O)(=O)C1)N2C(=O)C(=Cc3cccs3)SC2=S
654119,0,CC(C)C(=O)Nc1ccc(cc1)N2CCN(CC2)C(=O)c3cccs3
654366,0,CCn1cc(c(=O)c2c1nc(cc2)C)C(=O)Nc3ccc(cc3)C(=O)N4CCCC4
654529,0,CCCCOc1ccc(cc1)N(CC(=O)NC2CCCC2)C(=O)CCC(=O)Nc3ccccn3
654949,0,CN(C)c1ccc(cc1)C(c2nnnn2C3CCCCC3)N4CCN(CC4)C(=O)c5ccco5
655270,0,COc1ccc(cc1)N2CCN(CC2)C(=O)CSc3nnc(o3)COc4cccc5c4nccc5
655319,0,CCCC(=O)N1CCN(CC1)c2ccc(cc2)NC(=O)c3ccco3
655751,0,CC(=O)Nc1ccc(cc1)N2CCN(CC2)Cc3ccccc3F
659052,0,CC(=C1C(=O)N=C(S1)N2CCOCC2)c3ccc(cc3)Cl
659166,0,CCC(=C1C(=O)N=C(S1)N2CCN(CC2)C(=O)C)C
659772,0,CC1=C(C(NC(=O)N1)c2ccc(cc2)N(C)C)C(=O)Nc3ccccc3
659851,0,Cc1c(c2ccccc2n1C)C(CN3CCC(CC3)C(=O)N)O
660015,0,CC1(OC(=O)C(=CNc2ccccc2F)C(=O)O1)C
660435,0,CCOc1ccc(cc1OCC)C2C3CN(CC=C3C(=C(C2(C#N)C#N)N)C#N)C(=O)OCC
661334,0,CN1c2ccccc2N(C1c3c4ccccc4ccc3O)C
661455,0,c1ccc(c(c1)CNn2cnnc2)O
661804,0,COc1ccc(cc1)N2CCN(CC2)C3CC(=O)N(C3=O)Cc4ccc(cc4)N5CCCC5=O
6624012,0,c1ccc2c(c1)n3cccc3c(=O)n2CC(=O)NCCCN4CCCCC4
665781,0,CC1(OC(=O)C(=CNCC(=O)NCC(=O)O)C(=O)O1)C
665923,0,COc1ccc(cc1)N2CCN(CC2)Cc3cc(=O)oc4c3cc(cc4)Cl
666128,0,c1ccc(c(c1)CNc2ccc(c(c2)C(=O)O)N3CCOCC3)C(F)(F)F
666817,0,CCOC(=O)c1c(c2cc3c(cc2[nH]1)OCCO3)CCCN4C(=O)c5ccccc5C4=O
667052,0,Cc1c(c2ccccc2n1C)C3N4CC5(CN3CC(C4)(C5=O)C)C
6793134,0,c1ccc2c(c1)CCCC(=NO)C2=O
684995,0,CC1(Cc2ccccc2C(=C(C#N)C#N)N1)C
6858377,0,Cc1cc(c(n1c2ccc(cc2)C(=O)O)C)C=Nn3cnnc3
6860656,0,CCC(=C1C(=O)NC(=O)N(C1=O)CC=C)Nc2ccc3c(c2)CCC3
6866797,0,CCOC(=O)CN1c2ccccc2C(=NNC(=O)OC)C1=O
6866919,0,CN(C)c1ccc(cc1)C=NNC2=NC(=O)C(=CC(=O)OC)S2
6875670,0,CCOC(=O)C(=NNc1ccc(cc1)S(=O)(=O)Nc2cc(nc(n2)OC)OC)C#N
6877641,0,c1ccc(cc1)C=NN2CCN(CC2)c3ccncc3S(=O)(=O)N4CCCCC4
6879005,0,Cc1cccc(c1)OCC(=O)NN=Cc2cccn2C
6879485,0,CC(=O)Oc1ccc(cc1OC)C=NN2CCN(CC2)c3ccccc3
6879683,0,CN1C(=O)C(=CNN2CCOCC2)C(=O)NC1=S
6884905,0,Cn1cccc1C=NNC(=O)Cc2ccccc2
6896263,0,COc1ccc(cc1)N(CC(=O)NN=Cc2cccc(c2OC)OC)S(=O)(=O)c3ccccc3
6899192,0,Cc1ccc(cc1)N2CCN(CC2)N=CC3=C(C(=Cc4ccccc4)CC3)N5CCOCC5
6903510,0,CCCN1c2ccccc2C(=NN)C1=O
6907715,0,CCN1c2ccccc2C(=NNC(=O)OCC)C1=O
702057,0,CN(C)N=Nc1ccc(cc1)S(=O)(=O)NC(=O)Cc2ccccc2
704880,0,Cc1cc(c(n1c2ccc(cc2)OC)C)C(=O)CN3CCCCC3
706390,0,CCOC(=O)c1cc2c(nc3ccc(cn3c2=O)C)n(c1=N)CC=C
708711,0,CC(=O)N1CCN(CC1)c2ccc(cc2)NC(=O)c3ccc(cc3)F
710920,0,CCOn1c2ccccc2[n+](c(c1=O)C)[O-]
7285276,0,CC(=O)c1cc(c(cc1NC=Cc2nnnn2c3ccc(cc3)Cl)OC)OC
728667,0,Cc1ccc(n1c2ccc(cc2[N+](=O)[O-])OC)C
72900,0,CN1C(=O)CSC1=S
729794,0,Cc1c(c(c(n1c2ccc(cc2)N)C)C(=O)C)C(=O)C
7339743,0,c1ccc(cc1)n2c(=O)c3c(ccnc3[nH]2)c4ccc(cc4)[N+](=O)[O-]
736441,0,c1ccc(cc1)c2c(=O)[nH]c3ccccc3[n+]2[O-]
738686,0,Cc1c(cccc1[N+](=O)[O-])C(=O)Nc2ccc(cc2)N3CCOCC3
7404865,0,Cn1c(nnc1SCC(=O)Nc2ccc(cc2)N3CCOCC3)C4CC4
7461306,0,CCCCN1C(=O)C(=C(C)Nc2ccc3c(c2)CCC3)C(=O)NC1=O
748012,0,COc1ccc(cc1OC)c2c(c(=O)n3c(n2)SCC3)C#N
7510030,0,CC(=C1C(=O)NC(=O)N(C1=O)CC=C)Nc2ccc3c(c2)CCC3
754738,0,Cc1ccccc1C2C(=O)c3ccccc3C2=O
757203,0,CCn1cc(c(=O)c2c1nc(cc2)C)C(=O)NC3CCCCCC3
757204,0,CCn1cc(c(=O)c2c1nc(cc2)C)C(=O)NC3CCCCC3
758292,0,CCn1c(nnc1SCC(=O)N)c2ccc3c(c2)c(c([nH]3)C)C
7586605,0,c1cc(ccc1NS(=O)(=O)c2ccc3c(c2)CC(=O)N3)N4CCOCC4
7586974,0,CCc1ccc(cc1)C=C2C(=N)N3C(=NC2=O)SC(=N3)CC(=O)N4CCCCC4
759184,0,c1ccc(cc1)Cn2c3ccccc3c4c2C(=O)SCC4
759955,0,CCOC(=O)c1c(csc1NC(=O)C)c2cccs2
76080,0,c1ccc(cc1)C(=O)c2ccccc2N
7619468,0,Cn1c2c(cccn2)cc(c1=O)C(=O)N3CCc4c3cccc4
7754453,0,Cc1cc(cc(c1)OCC(=O)OCC(=O)Nc2ccc(cc2)N3CCOCC3)C
781345,0,c1ccc(cc1)c2cnnn2c3ccc(cc3)N
799953,0,CC(=O)Nc1cccc(c1)N=NN2CCOCC2
799989,0,Cc1cc(nc(n1)NS(=O)(=O)c2ccc(cc2)N=NN(C)C)C
800017,0,CCC(=O)NS(=O)(=O)c1ccc(cc1)N=NN2CCCCC2
80103,0,COc1ccc2c(c1O)C(=O)c3ccccc3C2=O
8037744,0,Cc1c(c(=O)oc2c1ccc(c2)OCC(=O)Nc3ccc(cc3)N4CCC(CC4)C)C
804645,0,c1cc(ccc1NC(=O)C2CC2)N3CCOCC3
824046,0,CC(C)CC(=O)Nc1ccc(cc1)N2CCN(CC2)S(=O)(=O)C
824047,0,CC(C)C(=O)Nc1ccc(cc1)N2CCN(CC2)S(=O)(=O)C
824053,0,CCN1CCN(CC1)c2ccc(cc2Cl)NC(=O)C(C)C
827877,0,Cc1cccc(n1)n2c(=O)c3ccccc3nc2c4ccco4
828460,0,Cc1cccc(n1)n2c(nc3ccccc3c2=O)C
829586,0,c1ccc(cc1)c2cc3c(n2c4ccc(cc4)O)CCCC3=O
8402127,0,c1cc(ccc1NC(=O)CSc2nnc(s2)NC3CC3)N4CCOCC4
849706,0,Cc1cc2c(n1c3ccc(cc3)C(=O)N)CC(CC2=O)(C)C
851970,0,Cc1ccc(cc1)CNC(=O)N2CCN(CC2)c3ccc(cc3)C
853785,0,c1ccc(c(c1)CNc2nccs2)O
859260,0,CCn1cc(c(=O)c2c1nc(cc2)C)C(=O)Nc3ccccc3
859279,0,CCn1cc(c(=O)c2c1nc(cc2)C)C(=O)Nc3ccc(cc3C)C
859280,0,CCn1cc(c(=O)c2c1nc(cc2)C)C(=O)Nc3cc(ccc3C)C
863795,0,COc1ccc(cc1)N2CCN(CC2)CC(=O)NCc3ccccc3
864233,0,Cn1c(cnc1SCC(=O)Nc2ccccc2)c3ccc(cc3)F
869142,0,CC(=C1C(=O)c2ccccc2C1=O)NCCN3CCOCC3
882627,0,c1cc(ccc1N)Oc2ccc3c(c2)C(=O)NC3=O
883289,0,CCC(=C1C(=O)N=C(S1)N2CCOCC2)C
885277,0,CC(=C1C(=O)N=C(S1)N2CCOCC2)c3ccccc3
889301,0,c1cc(c(cc1Br)CNc2nccs2)O
889821,0,CNC(=O)c1c(n(c(=S)s1)c2ccc(cc2)OC)N
890642,0,Cc1ccnc(c1)NCc2cc(ccc2O)Cl
890931,0,Cc1ccc(c(c1)CNc2cccc(n2)C)O
9024752,0,COc1ccc(cc1)N2CCN(CC2)C(=O)CSc3nnc(n3C4CC4)C5CC5
906411,0,c1ccc2c(c1)c3c([nH]2)CN4C(C3)C(=O)N(CC4=O)CCO
916259,0,Cc1c(c2cc(ccc2n1c3ccccc3)OC)C(=O)O
919748,0,CC(=C1C(=O)N=C(S1)N2CCOCC2)C
9268142,0,Cc1c(c(n(n1)CC(=O)Nc2ccc(cc2)N3CCOCC3)C)[N+](=O)[O-]
9279012,0,CC(C)C(C(=O)Nc1ccc(cc1)N2CCCCCC2)NC(=O)c3ccco3
930850,0,CCN(c1ccc2c(c1)OCO2)C(=O)c3c(cc(=O)oc3C)C
930948,0,COc1ccc(c(c1)O)CNn2cnnc2
9329152,0,c1cc(ccc1NC(=O)CN2CCSC2=O)N3CCOCC3
9409367,0,Cc1ccc(cc1)OCC(=O)N(C)CC(=O)Nc2ccc(cc2)N3CCOCC3
9409459,0,Cc1cccc(c1)C(=O)NCC(=O)N(C)CC(=O)Nc2ccc(cc2)N3CCOCC3
94575,0,CN(C)N=Nc1ccc(cc1)S(=O)(=O)N
946226,0,CN(CC1OCCO1)CC(=O)N2CCc3c(c4cc(ccc4[nH]3)F)C2
953631,0,CCCC(=O)N1CCN(CC1)c2ccc(cc2)NC(=O)C(C)(C)C
9550060,0,CC1(Cc2c(cnn2c3ccccc3)C(=O)C1=NNC(=O)c4ccccc4)C
9551418,0,Cc1ccc(cc1)N2CCN(CC2C)S(=O)(=O)c3ccc4c(c3)n(c(=O)c(=O)n4C)C
9551879,0,CC(C(=O)Nc1ccc(cc1)N2CCOCC2)NS(=O)(=O)c3ccc(cc3)NC(=O)C
9556854,0,Cc1cccc(c1OCC(=O)NN=Cc2cccn2C)C
9559829,0,COc1ccnc(c1C#N)n2cccc2C=NO
9581875,0,CN(C)c1ccnc(c1C#N)n2cccc2C=NO
9581876,0,CN(C)c1ccnc(c1C#N)n2cccc2C=NOC
9581877,0,CN(C)c1ccnc(c1C#N)n2cccc2C=NOCc3ccc(cc3)[N+](=O)[O-]
9582025,0,Cc1nc(cn1c2c(cc(cn2)C(F)(F)F)Cl)C(=NOC(=O)c3ccc(cc3)Cl)C
9594395,0,c1cc(c(cc1[N+](=O)[O-])C=NNC(=O)CC#N)N2CCOCC2
962573,0,c1ccc2c(c1)cccc2S(=O)(=O)Nc3ccc(c(c3)C(=O)O)O
9632736,0,CCOC(=O)NC(=O)C(=NNc1c(cccc1F)F)C#N
9634495,0,CN(C)C=NS(=O)(=O)c1cccn1c2c(cc(cn2)C(F)(F)F)Cl
975609,0,c1ccc(cc1)CCC(=O)Nc2ccc(c(c2)Cl)N3CCOCC3
977314,0,Cc1cc2c(n1c3ccc(cc3)Cl)CC(CC2=O)(C)C
978265,0,Cc1ccc(cc1)C(=O)C=C(C)Nc2ccc(cc2)N3CCOCC3
979627,0,CC(C)C(=O)N1CCN(CC1)c2ccc(cc2Cl)NC(=O)c3ccco3
999208,0,COc1ccc(c(c1)OC)N(CC(=O)NCc2ccccn2)S(=O)(=O)c3ccccc3[N+](=O)[O-]
